-- MySQL dump 10.13  Distrib 8.0.18, for Win64 (x86_64)
--
-- Host: localhost    Database: m4_app
-- ------------------------------------------------------
-- Server version	8.0.18

/*!40101 SET @OLD_CHARACTER_SET_CLIENT=@@CHARACTER_SET_CLIENT */;
/*!40101 SET @OLD_CHARACTER_SET_RESULTS=@@CHARACTER_SET_RESULTS */;
/*!40101 SET @OLD_COLLATION_CONNECTION=@@COLLATION_CONNECTION */;
/*!50503 SET NAMES utf8mb4 */;
/*!40103 SET @OLD_TIME_ZONE=@@TIME_ZONE */;
/*!40103 SET TIME_ZONE='+00:00' */;
/*!40014 SET @OLD_UNIQUE_CHECKS=@@UNIQUE_CHECKS, UNIQUE_CHECKS=0 */;
/*!40014 SET @OLD_FOREIGN_KEY_CHECKS=@@FOREIGN_KEY_CHECKS, FOREIGN_KEY_CHECKS=0 */;
/*!40101 SET @OLD_SQL_MODE=@@SQL_MODE, SQL_MODE='NO_AUTO_VALUE_ON_ZERO' */;
/*!40111 SET @OLD_SQL_NOTES=@@SQL_NOTES, SQL_NOTES=0 */;

--
-- Table structure for table `a_a_b`
--

DROP TABLE IF EXISTS `a_a_b`;
/*!40101 SET @saved_cs_client     = @@character_set_client */;
/*!50503 SET character_set_client = utf8mb4 */;
CREATE TABLE `a_a_b` (
  `id` int(11) unsigned NOT NULL,
  `REV` int(11) NOT NULL,
  `REVTYPE` tinyint(4) DEFAULT NULL,
  `h` bit(1) DEFAULT NULL,
  `g` bit(1) DEFAULT NULL,
  `a` bit(1) DEFAULT NULL,
  `b` varchar(255) COLLATE utf8mb4_unicode_ci DEFAULT NULL,
  `c` varchar(255) COLLATE utf8mb4_unicode_ci DEFAULT NULL,
  `d` bit(1) DEFAULT NULL,
  `f` bit(1) DEFAULT NULL,
  PRIMARY KEY (`id`,`REV`),
  KEY `FKpm6pyeqx0178np39w1272lcek` (`REV`),
  CONSTRAINT `FKpm6pyeqx0178np39w1272lcek` FOREIGN KEY (`REV`) REFERENCES `a_xx` (`id`)
) ENGINE=InnoDB DEFAULT CHARSET=utf8mb4 COLLATE=utf8mb4_unicode_ci;
/*!40101 SET character_set_client = @saved_cs_client */;

--
-- Dumping data for table `a_a_b`
--

LOCK TABLES `a_a_b` WRITE;
/*!40000 ALTER TABLE `a_a_b` DISABLE KEYS */;
INSERT INTO `a_a_b` VALUES (1,2,0,_binary '\0',_binary '\0',_binary '\0','READUSER-Roleadministration','components.core.auth.Role',_binary '',_binary '\0'),(2,3,0,_binary '\0',_binary '\0',_binary '\0','READUSER-Patienten-Dokumente','components.app.Document',_binary '',_binary '\0'),(3,4,0,_binary '\0',_binary '\0',_binary '\0','READUSER-Formular-Einträge','components.app.FormEntry',_binary '',_binary '\0'),(4,5,0,_binary '\0',_binary '\0',_binary '\0','READUSER-Login-Protokoll','components.core.loginlog.LoginlogEntry',_binary '',_binary '\0'),(5,6,0,_binary '\0',_binary '\0',_binary '\0','READUSER-ParameterStorage','components.core.auth.Parameter',_binary '',_binary '\0'),(6,7,0,_binary '\0',_binary '\0',_binary '\0','READUSER-Studienadmininistration','components.core.auth.Study',_binary '',_binary '\0'),(7,8,0,_binary '\0',_binary '\0',_binary '\0','READUSER-Patienten-Einträge','components.app.PatientEntry',_binary '',_binary '\0'),(8,9,0,_binary '\0',_binary '\0',_binary '\0','READUSER-Contact','components.app.Contact',_binary '',_binary '\0'),(9,10,0,_binary '\0',_binary '\0',_binary '\0','READUSER-Useradministration','components.core.auth.User',_binary '',_binary ''),(10,11,0,_binary '\0',_binary '\0',_binary '\0','READUSER-Informedconsent','components.app.InformedConsent',_binary '',_binary '\0'),(11,12,0,_binary '',_binary '',_binary '\0','READUSER-UserPreferenceadministration','components.core.auth.UserPreference',_binary '',_binary ''),(12,13,0,_binary '',_binary '',_binary '\0','READUSER-UserCredentialadministration','components.core.auth.UserCredential',_binary '',_binary ''),(13,14,0,_binary '\0',_binary '\0',_binary '\0','READUSER-Permissionadministration','components.core.auth.Permission',_binary '',_binary '\0'),(14,15,0,_binary '\0',_binary '\0',_binary '\0','READUSER-Institutionsadministration','components.core.auth.Site',_binary '',_binary '\0'),(15,16,0,_binary '\0',_binary '\0',_binary '\0','READUSER-Patienten','components.app.AppPatient',_binary '',_binary '\0'),(16,17,0,_binary '\0',_binary '\0',_binary '\0','READUSER-Usermanual','components.app.UserManual',_binary '',_binary '\0'),(17,18,0,_binary '\0',_binary '\0',_binary '\0','READUSER-UserApprovaladministration','components.core.auth.UserApproval',_binary '',_binary '\0'),(18,19,0,_binary '\0',_binary '\0',_binary '\0','READUSER-Formulare','components.app.Form',_binary '',_binary '\0'),(19,20,0,_binary '\0',_binary '\0',_binary '\0','READUSER-Patienten-Dokumenteigenschaften','components.app.DocumentAttribute',_binary '',_binary '\0'),(20,22,0,_binary '',_binary '',_binary '\0','WRITEUSER-Roleadministration','components.core.auth.Role',_binary '',_binary ''),(21,23,0,_binary '',_binary '',_binary '\0','WRITEUSER-Patienten-Dokumente','components.app.Document',_binary '',_binary ''),(22,24,0,_binary '',_binary '',_binary '\0','WRITEUSER-Formular-Einträge','components.app.FormEntry',_binary '',_binary ''),(23,25,0,_binary '',_binary '',_binary '\0','WRITEUSER-Login-Protokoll','components.core.loginlog.LoginlogEntry',_binary '',_binary ''),(24,26,0,_binary '',_binary '',_binary '\0','WRITEUSER-ParameterStorage','components.core.auth.Parameter',_binary '',_binary ''),(25,27,0,_binary '',_binary '',_binary '\0','WRITEUSER-Studienadmininistration','components.core.auth.Study',_binary '',_binary ''),(26,28,0,_binary '',_binary '',_binary '\0','WRITEUSER-Patienten-Einträge','components.app.PatientEntry',_binary '',_binary ''),(27,29,0,_binary '',_binary '',_binary '\0','WRITEUSER-Contact','components.app.Contact',_binary '',_binary ''),(28,30,0,_binary '',_binary '',_binary '\0','WRITEUSER-Useradministration','components.core.auth.User',_binary '',_binary ''),(29,31,0,_binary '',_binary '',_binary '\0','WRITEUSER-Informedconsent','components.app.InformedConsent',_binary '',_binary ''),(30,32,0,_binary '',_binary '',_binary '\0','WRITEUSER-UserPreferenceadministration','components.core.auth.UserPreference',_binary '',_binary ''),(31,33,0,_binary '',_binary '',_binary '\0','WRITEUSER-UserCredentialadministration','components.core.auth.UserCredential',_binary '',_binary ''),(32,34,0,_binary '',_binary '',_binary '\0','WRITEUSER-Permissionadministration','components.core.auth.Permission',_binary '',_binary ''),(33,35,0,_binary '',_binary '',_binary '\0','WRITEUSER-Institutionsadministration','components.core.auth.Site',_binary '',_binary ''),(34,36,0,_binary '',_binary '',_binary '\0','WRITEUSER-Patienten','components.app.AppPatient',_binary '',_binary ''),(35,37,0,_binary '\0',_binary '\0',_binary '\0','WRITEUSER-Usermanual','components.app.UserManual',_binary '',_binary '\0'),(36,38,0,_binary '',_binary '',_binary '\0','WRITEUSER-UserApprovaladministration','components.core.auth.UserApproval',_binary '',_binary ''),(37,39,0,_binary '',_binary '',_binary '\0','WRITEUSER-Formulare','components.app.Form',_binary '',_binary ''),(38,40,0,_binary '',_binary '',_binary '\0','WRITEUSER-Patienten-Dokumenteigenschaften','components.app.DocumentAttribute',_binary '',_binary ''),(39,42,0,_binary '',_binary '',_binary '','ADMINISTRATOR-Roleadministration','components.core.auth.Role',_binary '',_binary ''),(40,43,0,_binary '',_binary '',_binary '','ADMINISTRATOR-Patienten-Dokumente','components.app.Document',_binary '',_binary ''),(41,44,0,_binary '',_binary '',_binary '','ADMINISTRATOR-Formular-Einträge','components.app.FormEntry',_binary '',_binary ''),(42,45,0,_binary '',_binary '',_binary '','ADMINISTRATOR-Login-Protokoll','components.core.loginlog.LoginlogEntry',_binary '',_binary ''),(43,46,0,_binary '',_binary '',_binary '','ADMINISTRATOR-ParameterStorage','components.core.auth.Parameter',_binary '',_binary ''),(44,47,0,_binary '',_binary '',_binary '','ADMINISTRATOR-Studienadmininistration','components.core.auth.Study',_binary '',_binary ''),(45,48,0,_binary '',_binary '',_binary '','ADMINISTRATOR-Patienten-Einträge','components.app.PatientEntry',_binary '',_binary ''),(46,49,0,_binary '',_binary '',_binary '','ADMINISTRATOR-Contact','components.app.Contact',_binary '',_binary ''),(47,50,0,_binary '',_binary '',_binary '','ADMINISTRATOR-Useradministration','components.core.auth.User',_binary '',_binary ''),(48,51,0,_binary '',_binary '',_binary '','ADMINISTRATOR-Informedconsent','components.app.InformedConsent',_binary '',_binary ''),(49,52,0,_binary '',_binary '',_binary '','ADMINISTRATOR-UserPreferenceadministration','components.core.auth.UserPreference',_binary '',_binary ''),(50,53,0,_binary '',_binary '',_binary '','ADMINISTRATOR-UserCredentialadministration','components.core.auth.UserCredential',_binary '',_binary ''),(51,54,0,_binary '',_binary '',_binary '','ADMINISTRATOR-Permissionadministration','components.core.auth.Permission',_binary '',_binary ''),(52,55,0,_binary '',_binary '',_binary '','ADMINISTRATOR-Institutionsadministration','components.core.auth.Site',_binary '',_binary ''),(53,56,0,_binary '',_binary '',_binary '','ADMINISTRATOR-Patienten','components.app.AppPatient',_binary '',_binary ''),(54,57,0,_binary '',_binary '',_binary '','ADMINISTRATOR-Usermanual','components.app.UserManual',_binary '',_binary ''),(55,58,0,_binary '',_binary '',_binary '','ADMINISTRATOR-UserApprovaladministration','components.core.auth.UserApproval',_binary '',_binary ''),(56,59,0,_binary '',_binary '',_binary '','ADMINISTRATOR-Formulare','components.app.Form',_binary '',_binary ''),(57,60,0,_binary '',_binary '',_binary '','ADMINISTRATOR-Patienten-Dokumenteigenschaften','components.app.DocumentAttribute',_binary '',_binary ''),(58,62,0,_binary '',_binary '',_binary '','SUPERADMIN-Roleadministration','components.core.auth.Role',_binary '',_binary ''),(59,63,0,_binary '',_binary '',_binary '','SUPERADMIN-Patienten-Dokumente','components.app.Document',_binary '',_binary ''),(60,64,0,_binary '',_binary '',_binary '','SUPERADMIN-Formular-Einträge','components.app.FormEntry',_binary '',_binary ''),(61,65,0,_binary '',_binary '',_binary '','SUPERADMIN-Login-Protokoll','components.core.loginlog.LoginlogEntry',_binary '',_binary ''),(62,66,0,_binary '',_binary '',_binary '','SUPERADMIN-ParameterStorage','components.core.auth.Parameter',_binary '',_binary ''),(63,67,0,_binary '',_binary '',_binary '','SUPERADMIN-Studienadmininistration','components.core.auth.Study',_binary '',_binary ''),(64,68,0,_binary '',_binary '',_binary '','SUPERADMIN-Patienten-Einträge','components.app.PatientEntry',_binary '',_binary ''),(65,69,0,_binary '',_binary '',_binary '','SUPERADMIN-Contact','components.app.Contact',_binary '',_binary ''),(66,70,0,_binary '',_binary '',_binary '','SUPERADMIN-Useradministration','components.core.auth.User',_binary '',_binary ''),(67,71,0,_binary '',_binary '',_binary '','SUPERADMIN-Informedconsent','components.app.InformedConsent',_binary '',_binary ''),(68,72,0,_binary '',_binary '',_binary '','SUPERADMIN-UserPreferenceadministration','components.core.auth.UserPreference',_binary '',_binary ''),(69,73,0,_binary '',_binary '',_binary '','SUPERADMIN-UserCredentialadministration','components.core.auth.UserCredential',_binary '',_binary ''),(70,74,0,_binary '',_binary '',_binary '','SUPERADMIN-Permissionadministration','components.core.auth.Permission',_binary '',_binary ''),(71,75,0,_binary '',_binary '',_binary '','SUPERADMIN-Institutionsadministration','components.core.auth.Site',_binary '',_binary ''),(72,76,0,_binary '',_binary '',_binary '','SUPERADMIN-Patienten','components.app.AppPatient',_binary '',_binary ''),(73,77,0,_binary '',_binary '',_binary '','SUPERADMIN-Usermanual','components.app.UserManual',_binary '',_binary ''),(74,78,0,_binary '',_binary '',_binary '','SUPERADMIN-UserApprovaladministration','components.core.auth.UserApproval',_binary '',_binary ''),(75,79,0,_binary '',_binary '',_binary '','SUPERADMIN-Formulare','components.app.Form',_binary '',_binary ''),(76,80,0,_binary '',_binary '',_binary '','SUPERADMIN-Patienten-Dokumenteigenschaften','components.app.DocumentAttribute',_binary '',_binary '');
/*!40000 ALTER TABLE `a_a_b` ENABLE KEYS */;
UNLOCK TABLES;

--
-- Table structure for table `a_a_d`
--

DROP TABLE IF EXISTS `a_a_d`;
/*!40101 SET @saved_cs_client     = @@character_set_client */;
/*!50503 SET character_set_client = utf8mb4 */;
CREATE TABLE `a_a_d` (
  `id` int(11) unsigned NOT NULL,
  `REV` int(11) NOT NULL,
  `REVTYPE` tinyint(4) DEFAULT NULL,
  `b` varchar(255) COLLATE utf8mb4_unicode_ci DEFAULT NULL,
  `a` varchar(255) COLLATE utf8mb4_unicode_ci DEFAULT NULL,
  PRIMARY KEY (`id`,`REV`),
  KEY `FK3ejmc3i8apl7f6cwgo3wdtnup` (`REV`),
  CONSTRAINT `FK3ejmc3i8apl7f6cwgo3wdtnup` FOREIGN KEY (`REV`) REFERENCES `a_xx` (`id`)
) ENGINE=InnoDB DEFAULT CHARSET=utf8mb4 COLLATE=utf8mb4_unicode_ci;
/*!40101 SET character_set_client = @saved_cs_client */;

--
-- Dumping data for table `a_a_d`
--

LOCK TABLES `a_a_d` WRITE;
/*!40000 ALTER TABLE `a_a_d` DISABLE KEYS */;
INSERT INTO `a_a_d` VALUES (1,1,0,'hat nur Leserechte','READUSER'),(1,2,1,'hat nur Leserechte','READUSER'),(1,3,1,'hat nur Leserechte','READUSER'),(1,4,1,'hat nur Leserechte','READUSER'),(1,5,1,'hat nur Leserechte','READUSER'),(1,6,1,'hat nur Leserechte','READUSER'),(1,7,1,'hat nur Leserechte','READUSER'),(1,8,1,'hat nur Leserechte','READUSER'),(1,9,1,'hat nur Leserechte','READUSER'),(1,10,1,'hat nur Leserechte','READUSER'),(1,11,1,'hat nur Leserechte','READUSER'),(1,12,1,'hat nur Leserechte','READUSER'),(1,13,1,'hat nur Leserechte','READUSER'),(1,14,1,'hat nur Leserechte','READUSER'),(1,15,1,'hat nur Leserechte','READUSER'),(1,16,1,'hat nur Leserechte','READUSER'),(1,17,1,'hat nur Leserechte','READUSER'),(1,18,1,'hat nur Leserechte','READUSER'),(1,19,1,'hat nur Leserechte','READUSER'),(1,20,1,'hat nur Leserechte','READUSER'),(2,21,0,'hat volle Benutzerrechte','WRITEUSER'),(2,22,1,'hat volle Benutzerrechte','WRITEUSER'),(2,23,1,'hat volle Benutzerrechte','WRITEUSER'),(2,24,1,'hat volle Benutzerrechte','WRITEUSER'),(2,25,1,'hat volle Benutzerrechte','WRITEUSER'),(2,26,1,'hat volle Benutzerrechte','WRITEUSER'),(2,27,1,'hat volle Benutzerrechte','WRITEUSER'),(2,28,1,'hat volle Benutzerrechte','WRITEUSER'),(2,29,1,'hat volle Benutzerrechte','WRITEUSER'),(2,30,1,'hat volle Benutzerrechte','WRITEUSER'),(2,31,1,'hat volle Benutzerrechte','WRITEUSER'),(2,32,1,'hat volle Benutzerrechte','WRITEUSER'),(2,33,1,'hat volle Benutzerrechte','WRITEUSER'),(2,34,1,'hat volle Benutzerrechte','WRITEUSER'),(2,35,1,'hat volle Benutzerrechte','WRITEUSER'),(2,36,1,'hat volle Benutzerrechte','WRITEUSER'),(2,37,1,'hat volle Benutzerrechte','WRITEUSER'),(2,38,1,'hat volle Benutzerrechte','WRITEUSER'),(2,39,1,'hat volle Benutzerrechte','WRITEUSER'),(2,40,1,'hat volle Benutzerrechte','WRITEUSER'),(3,41,0,'hat alle Rechte','ADMINISTRATOR'),(3,42,1,'hat alle Rechte','ADMINISTRATOR'),(3,43,1,'hat alle Rechte','ADMINISTRATOR'),(3,44,1,'hat alle Rechte','ADMINISTRATOR'),(3,45,1,'hat alle Rechte','ADMINISTRATOR'),(3,46,1,'hat alle Rechte','ADMINISTRATOR'),(3,47,1,'hat alle Rechte','ADMINISTRATOR'),(3,48,1,'hat alle Rechte','ADMINISTRATOR'),(3,49,1,'hat alle Rechte','ADMINISTRATOR'),(3,50,1,'hat alle Rechte','ADMINISTRATOR'),(3,51,1,'hat alle Rechte','ADMINISTRATOR'),(3,52,1,'hat alle Rechte','ADMINISTRATOR'),(3,53,1,'hat alle Rechte','ADMINISTRATOR'),(3,54,1,'hat alle Rechte','ADMINISTRATOR'),(3,55,1,'hat alle Rechte','ADMINISTRATOR'),(3,56,1,'hat alle Rechte','ADMINISTRATOR'),(3,57,1,'hat alle Rechte','ADMINISTRATOR'),(3,58,1,'hat alle Rechte','ADMINISTRATOR'),(3,59,1,'hat alle Rechte','ADMINISTRATOR'),(3,60,1,'hat alle Rechte','ADMINISTRATOR'),(4,61,0,'hat alle Rechte','SUPERADMIN'),(4,62,1,'hat alle Rechte','SUPERADMIN'),(4,63,1,'hat alle Rechte','SUPERADMIN'),(4,64,1,'hat alle Rechte','SUPERADMIN'),(4,65,1,'hat alle Rechte','SUPERADMIN'),(4,66,1,'hat alle Rechte','SUPERADMIN'),(4,67,1,'hat alle Rechte','SUPERADMIN'),(4,68,1,'hat alle Rechte','SUPERADMIN'),(4,69,1,'hat alle Rechte','SUPERADMIN'),(4,70,1,'hat alle Rechte','SUPERADMIN'),(4,71,1,'hat alle Rechte','SUPERADMIN'),(4,72,1,'hat alle Rechte','SUPERADMIN'),(4,73,1,'hat alle Rechte','SUPERADMIN'),(4,74,1,'hat alle Rechte','SUPERADMIN'),(4,75,1,'hat alle Rechte','SUPERADMIN'),(4,76,1,'hat alle Rechte','SUPERADMIN'),(4,77,1,'hat alle Rechte','SUPERADMIN'),(4,78,1,'hat alle Rechte','SUPERADMIN'),(4,79,1,'hat alle Rechte','SUPERADMIN'),(4,80,1,'hat alle Rechte','SUPERADMIN');
/*!40000 ALTER TABLE `a_a_d` ENABLE KEYS */;
UNLOCK TABLES;

--
-- Table structure for table `a_a_d_b`
--

DROP TABLE IF EXISTS `a_a_d_b`;
/*!40101 SET @saved_cs_client     = @@character_set_client */;
/*!50503 SET character_set_client = utf8mb4 */;
CREATE TABLE `a_a_d_b` (
  `REV` int(11) NOT NULL,
  `b_id` int(11) unsigned NOT NULL,
  `d_id` int(11) unsigned NOT NULL,
  `REVTYPE` tinyint(4) DEFAULT NULL,
  PRIMARY KEY (`REV`,`b_id`,`d_id`),
  CONSTRAINT `FKbevvg4frhffiftuctnebjcy7l` FOREIGN KEY (`REV`) REFERENCES `a_xx` (`id`)
) ENGINE=InnoDB DEFAULT CHARSET=utf8mb4 COLLATE=utf8mb4_unicode_ci;
/*!40101 SET character_set_client = @saved_cs_client */;

--
-- Dumping data for table `a_a_d_b`
--

LOCK TABLES `a_a_d_b` WRITE;
/*!40000 ALTER TABLE `a_a_d_b` DISABLE KEYS */;
INSERT INTO `a_a_d_b` VALUES (2,1,1,0),(3,2,1,0),(4,3,1,0),(5,4,1,0),(6,5,1,0),(7,6,1,0),(8,7,1,0),(9,8,1,0),(10,9,1,0),(11,10,1,0),(12,11,1,0),(13,12,1,0),(14,13,1,0),(15,14,1,0),(16,15,1,0),(17,16,1,0),(18,17,1,0),(19,18,1,0),(20,19,1,0),(22,20,2,0),(23,21,2,0),(24,22,2,0),(25,23,2,0),(26,24,2,0),(27,25,2,0),(28,26,2,0),(29,27,2,0),(30,28,2,0),(31,29,2,0),(32,30,2,0),(33,31,2,0),(34,32,2,0),(35,33,2,0),(36,34,2,0),(37,35,2,0),(38,36,2,0),(39,37,2,0),(40,38,2,0),(42,39,3,0),(43,40,3,0),(44,41,3,0),(45,42,3,0),(46,43,3,0),(47,44,3,0),(48,45,3,0),(49,46,3,0),(50,47,3,0),(51,48,3,0),(52,49,3,0),(53,50,3,0),(54,51,3,0),(55,52,3,0),(56,53,3,0),(57,54,3,0),(58,55,3,0),(59,56,3,0),(60,57,3,0),(62,58,4,0),(63,59,4,0),(64,60,4,0),(65,61,4,0),(66,62,4,0),(67,63,4,0),(68,64,4,0),(69,65,4,0),(70,66,4,0),(71,67,4,0),(72,68,4,0),(73,69,4,0),(74,70,4,0),(75,71,4,0),(76,72,4,0),(77,73,4,0),(78,74,4,0),(79,75,4,0),(80,76,4,0);
/*!40000 ALTER TABLE `a_a_d_b` ENABLE KEYS */;
UNLOCK TABLES;

--
-- Table structure for table `a_a_e`
--

DROP TABLE IF EXISTS `a_a_e`;
/*!40101 SET @saved_cs_client     = @@character_set_client */;
/*!50503 SET character_set_client = utf8mb4 */;
CREATE TABLE `a_a_e` (
  `id` int(11) unsigned NOT NULL,
  `REV` int(11) NOT NULL,
  `REVTYPE` tinyint(4) DEFAULT NULL,
  `a` varchar(255) COLLATE utf8mb4_unicode_ci DEFAULT NULL,
  `c` varchar(255) COLLATE utf8mb4_unicode_ci DEFAULT NULL,
  `b` varchar(255) COLLATE utf8mb4_unicode_ci DEFAULT NULL,
  PRIMARY KEY (`id`,`REV`),
  KEY `FKslrkphfaotiwluqeo2d5rm4e2` (`REV`),
  CONSTRAINT `FKslrkphfaotiwluqeo2d5rm4e2` FOREIGN KEY (`REV`) REFERENCES `a_xx` (`id`)
) ENGINE=InnoDB DEFAULT CHARSET=utf8mb4 COLLATE=utf8mb4_unicode_ci;
/*!40101 SET character_set_client = @saved_cs_client */;

--
-- Dumping data for table `a_a_e`
--

LOCK TABLES `a_a_e` WRITE;
/*!40000 ALTER TABLE `a_a_e` DISABLE KEYS */;
INSERT INTO `a_a_e` VALUES (1,104,0,'8rE0Fsmm8lcw9ZtG3JkICVxpKRs6GN210P1vIOa0hrk=','I3Zf7UyIKdt0OS3qeAi3dARIaF6ve3QrWv+8yqCV8ag=','+sxY+xU6edE/+hZukOuLZE5XTdyt5XeUV2y9H3r4OOA='),(1,106,1,'N7CIo4FjemvzZVH7hHLm9WIzN3PBXicB++d8MZJ9WeQ=','GkToru+X2MOZ8hNWatggLJFTu1NDCFWciw9AZTLIWro=','Rhg3XhD+gqoHUCKEv80EWAVhbzsSyYrdLJGWf67su8c='),(2,108,0,'TvyUqVVEdOdorUnCU3wsRwLv9qeS0rqvHRz02mK0rDs=','kn6LGd66QRsOidI38CXzg89qUz/VUyU9vHFhzgBqTWc=','HDAYw777wnbtF+x7/NspcamqVxSf7txba/vvRx56NYU='),(2,109,1,'PSk/0wThPAPN71OPWiGNUqXPiZ38yJfg+GVBse2x/Ec=','cSaycr5RJ8fc1rYDI6G8FNvaEI/Bpt45DGxrMj6kWbI=','bUVeoNGh6OWWTTXjoab8BWbLnDKuz+3pI8238Puqohs=');
/*!40000 ALTER TABLE `a_a_e` ENABLE KEYS */;
UNLOCK TABLES;

--
-- Table structure for table `a_a_f`
--

DROP TABLE IF EXISTS `a_a_f`;
/*!40101 SET @saved_cs_client     = @@character_set_client */;
/*!50503 SET character_set_client = utf8mb4 */;
CREATE TABLE `a_a_f` (
  `id` int(11) unsigned NOT NULL,
  `REV` int(11) NOT NULL,
  `REVTYPE` tinyint(4) DEFAULT NULL,
  `c` bit(1) DEFAULT NULL,
  `b` varchar(255) COLLATE utf8mb4_unicode_ci DEFAULT NULL,
  `a` varchar(255) COLLATE utf8mb4_unicode_ci DEFAULT NULL,
  `showPatientNames` bit(1) DEFAULT NULL,
  `usesKISIDs` bit(1) DEFAULT NULL,
  PRIMARY KEY (`id`,`REV`),
  KEY `FKbyagumjsuii3dvg21toedy7ty` (`REV`),
  CONSTRAINT `FKbyagumjsuii3dvg21toedy7ty` FOREIGN KEY (`REV`) REFERENCES `a_xx` (`id`)
) ENGINE=InnoDB DEFAULT CHARSET=utf8mb4 COLLATE=utf8mb4_unicode_ci;
/*!40101 SET character_set_client = @saved_cs_client */;

--
-- Dumping data for table `a_a_f`
--

LOCK TABLES `a_a_f` WRITE;
/*!40000 ALTER TABLE `a_a_f` DISABLE KEYS */;
INSERT INTO `a_a_f` VALUES (1,105,0,_binary '','Hb2pNJRtV4m/sLDR5TsrJCIEkxmVXTWOPPBtphrrodY=','VlDrMZ1IGOoVpfQ9HmmA0F3ILTvU0tl6k6qnobBKJmI=',_binary '',_binary ''),(1,106,1,_binary '','Fsj2D6xEsud9lCz4KV+EiOaD3Km2pZ8MUdEmg/0V8FM=','KSNLCvSnQnHtibtNWbVAPHhiCexRrdrb30U1EHBymYc=',_binary '',_binary ''),(1,107,1,_binary '','6OewSVCLJLDkW+/Kn8Hj8lySB++zxZVe0ZmL8iussjI=','wJM0LNB5tnjJGvVb6S4K+DEGHt/DWjIFtsIPeUcM7hI=',_binary '',_binary ''),(1,109,1,_binary '','IrLA6z10gCdKY7CBe7WO6MrQRdFBna+WAThl3fDjTrQ=','kFfgv19VPb3dMDa9we1O6ZAz8DlYCbmiJluO1dSSGFA=',_binary '',_binary ''),(1,110,1,_binary '','J7VkFwj0IByd8+CbIDbe7oLQFtKd7TySiq906Myvsd4=','2V+hD+EQ+BpNNNSrSzSKvYmK6Qibb+rz9PRA0F010ZU=',_binary '',_binary ''),(1,111,1,_binary '','1xxyu0k5YQxehnBm5Nu0+E0ng1xDMf+a9kNSEBVygFA=','rn8JQTeLicUeH0TflOVrm9ILrxS3IGViHSULJSvr1zk=',_binary '',_binary ''),(1,112,1,_binary '','t1ziZGg6wX8XP64mTOYeRfmjfPGi7+SBwptPr2LfZUM=','3+TI4BBgBV4cWVUYviMfqIC6ew3bOd3gpJckt24ozt4=',_binary '',_binary ''),(1,113,1,_binary '','Xb/c/OC+agWvzsGG5wCGmgJBkUD8aEVB/2LLsCRnRFo=','6vg2HcX59nhBQlVrLC8MrUfs7Y+OAQrZ3IXitFQAhlQ=',_binary '',_binary ''),(1,114,1,_binary '','aWBGVgWDucMBPBTUCoPPtnCaBSQ405tW2FD3jnStE80=','GcLvLSvF5onidqA6F02ea+Q1+H4ctQQOC0I/65vGwYU=',_binary '',_binary '');
/*!40000 ALTER TABLE `a_a_f` ENABLE KEYS */;
UNLOCK TABLES;

--
-- Table structure for table `a_a_f_e`
--

DROP TABLE IF EXISTS `a_a_f_e`;
/*!40101 SET @saved_cs_client     = @@character_set_client */;
/*!50503 SET character_set_client = utf8mb4 */;
CREATE TABLE `a_a_f_e` (
  `REV` int(11) NOT NULL,
  `f_id` int(11) unsigned NOT NULL,
  `e_id` int(11) unsigned NOT NULL,
  `REVTYPE` tinyint(4) DEFAULT NULL,
  PRIMARY KEY (`REV`,`f_id`,`e_id`),
  CONSTRAINT `FKliue6w1bnwx9l8ovj190mvbi0` FOREIGN KEY (`REV`) REFERENCES `a_xx` (`id`)
) ENGINE=InnoDB DEFAULT CHARSET=utf8mb4 COLLATE=utf8mb4_unicode_ci;
/*!40101 SET character_set_client = @saved_cs_client */;

--
-- Dumping data for table `a_a_f_e`
--

LOCK TABLES `a_a_f_e` WRITE;
/*!40000 ALTER TABLE `a_a_f_e` DISABLE KEYS */;
INSERT INTO `a_a_f_e` VALUES (106,1,1,0),(109,1,2,0);
/*!40000 ALTER TABLE `a_a_f_e` ENABLE KEYS */;
UNLOCK TABLES;

--
-- Table structure for table `a_a_g`
--

DROP TABLE IF EXISTS `a_a_g`;
/*!40101 SET @saved_cs_client     = @@character_set_client */;
/*!50503 SET character_set_client = utf8mb4 */;
CREATE TABLE `a_a_g` (
  `id` int(11) unsigned NOT NULL,
  `REV` int(11) NOT NULL,
  `REVTYPE` tinyint(4) DEFAULT NULL,
  `allowedFormnames` varchar(255) COLLATE utf8mb4_unicode_ci DEFAULT NULL,
  `g` longtext COLLATE utf8mb4_unicode_ci,
  `e` varchar(255) COLLATE utf8mb4_unicode_ci DEFAULT NULL,
  `m` varchar(255) COLLATE utf8mb4_unicode_ci DEFAULT NULL,
  `f` varchar(255) COLLATE utf8mb4_unicode_ci DEFAULT NULL,
  `external` bit(1) DEFAULT NULL,
  `b` datetime DEFAULT NULL,
  `otpKey` varchar(255) COLLATE utf8mb4_unicode_ci DEFAULT NULL,
  `p` varchar(255) COLLATE utf8mb4_unicode_ci DEFAULT NULL,
  `h` varchar(255) COLLATE utf8mb4_unicode_ci DEFAULT NULL,
  `d` bigint(20) DEFAULT NULL,
  `useOTP` bit(1) DEFAULT NULL,
  `a` varchar(255) COLLATE utf8mb4_unicode_ci DEFAULT NULL,
  `a_e_id` int(11) unsigned DEFAULT NULL,
  PRIMARY KEY (`id`,`REV`),
  KEY `FK7imklkomn2yorye59puy12hem` (`REV`),
  CONSTRAINT `FK7imklkomn2yorye59puy12hem` FOREIGN KEY (`REV`) REFERENCES `a_xx` (`id`)
) ENGINE=InnoDB DEFAULT CHARSET=utf8mb4 COLLATE=utf8mb4_unicode_ci;
/*!40101 SET character_set_client = @saved_cs_client */;

--
-- Dumping data for table `a_a_g`
--

LOCK TABLES `a_a_g` WRITE;
/*!40000 ALTER TABLE `a_a_g` DISABLE KEYS */;
INSERT INTO `a_a_g` VALUES (1,107,0,NULL,'pYJ//wcLILrxmi9NDcQQLNaLL22m8ZG3vMjfJhJrQ1JX/oN1wcJGADjfUJQEj1JBBV4bac2OPnNQdJjYKIYfYJnga91pL7z9m8bttmPZ5MGWdEH7rHO7qmqZ1GWUxf1aQYW9puhFqGrpzGPBnCkmYB75qxWMat08uv1zTMj8Sakre4o4+eI/u2a/Pcj0AB7FmaxVo1P7pu2tirbT4SFCL/lcJACQcZqDQLxgmxr7bCRX6QOl9JFnaPLHz3LP10LtAZeD0PQ4ddgqvFGY+9eFJg==','Benutzer','kohlmayer@bitcare.de','Uhoywek8/F+xFaUfuRDCVRTHndphKL9GBZAmMZ0GBNWuNdP2XETSDvbq5MKOLG9a',_binary '\0','2020-10-19 11:20:40','','0171-4659089','SUPERADMIN',1,_binary '\0','admin',1),(2,110,0,NULL,'edAsU5A9HoGJ4qBRfUvwgtmg6TbBhtCKfpF63yH7upD5ZmZFjdyY/RzWHP14E+eC6PAKjlxorAaihBiUFhQU57Ew35yXRZsmCHInXqK7cERjt8LgyT8P6pFVC0CRCq/XAO4XZ19Cd0MyoKVV1qyzPvC7G5z/2KYQwjRS0V2JataFw9r2ln9tHZlx1ySr1Cr4hKytCisDoK410w7eHW2MuKQZApIhgkr8ZkodicMeoAnGIumZxt3MF2ObBmJKtu9nNigjy7V2ZLvxw0zkVpL5UA==','service_User SITE','info@bitcare.de','g5Q6vqcRPmw71oBhvjqNqOn/GUmQWPu3yTH9pFniLpgvlZZ5HLcVg189seCaP8rr',_binary '\0','2020-10-19 11:20:40','','+49 89 9430 1309','ADMINISTRATOR',2,_binary '\0','service_SITE',2),(3,111,0,NULL,'+6QTN77/ArWEMXsswWess579LPb9ER6i4Yj541ImDRv1HKB8I/UkTLL/wBtRaYr0Xy+IZwp2l+0v1f9/DXh2YdehvymOu8RmNVzMVEXHw9j3Ln8Gcuzm9RrlkDjmlFHDxG82TM6Gb4euJVlLY5Mc3lbfq27quVnOd5PxbP7UyCZYOG9ptpEaKNxrltbdoNzPu5cHYhuESJ++naMgDWW/8m78wkeoce3A5/W9KNWQDXCOsnjRC9LbxQAS4muzfdQkzW6sifV8imUdneTLawVqQg==','service_User Test','info@bitcare.de','0se0x3Yr5sqZyFio/2k9io9onegsiYeIUvuWZ/j+8FAl+3oHW9rLHPjZwjwCiqOv',_binary '\0','2020-10-19 11:20:40','','+49 89 9430 1309','ADMINISTRATOR',2,_binary '\0','service_Test',1),(4,112,0,NULL,'JY1o5WEp9z2Ts4TowD1qLN995gWZR3Vs0YbQ3fl5AKLtYL5T08WAX9LjefbE43Z2oq3snUM5VjzIdMa2VZ9W8bVA7Q4azSs3Rj+jSUT25axG582MOPd451skCoG9RQH7/e2wWkSFxeJk3B0vXdrZUjfr5hDh+VaGKfHTCWy6cuMMEHDqBxjpZGYE9DUMQyvJJcyuA3Uf/IdOCbDqDqh7vnc+KFTfai/goVK/B7pe30+CzK5og+/kjGtZssjI5lC6D12JyLsKb9HIe/OyAmMIIw==','Benutzer',NULL,'jC5tJ2SHlILdNm5/V3HB0NaYzn9MgXdCdS4JEclrTSiq5m2KPgaSWA5BOAvhSyos',_binary '\0','2020-10-19 11:20:40','',NULL,'ADMINISTRATOR',1,_binary '\0','admin_SITE',2),(5,113,0,NULL,'YUGXe1zZXm5kcBqE26STm7B0EwZTCSJTUkNibc4re/0gqtlGFLUn6WvxLM6AsLjKo7iZS/SPp168oTIfHHNJhJ6opzEL0DjS24p0WjbNW61duYDafODd39sK4aI+FxaUqvqDJpTsUsEReYf7tJ55UzjHa6Jkai/fDPXFhWilulr2f7WzR4n6iWVPhtp3xYXCdH9dIyRR2swEHwyBZyiOpqMmxRHNmTVVjfWM6fZOPY/l9cfJOi23lf2jBxJlD6AqqSzCfnaR9sBmfxEEUF/wyg==','Benutzer',NULL,'GlSHzT2wsJDV5XHtsSOHU7Xw1uPijN9z2xmZi3EBQapdYQ5bEqoFQ33nsns32bCc',_binary '\0','2020-10-19 11:20:40','',NULL,'ADMINISTRATOR',1,_binary '\0','admin_Test',1),(6,114,0,NULL,'pDXAET8ivPQ8SV7HmR5ujZQfC+uWK4po5kKU21DAGN+QS3IRUzQS71M0Swiyvo8rS9yPEAAqhyf6mp5zyzprMbXo7NQSMwqtOEzPux4mhUAuO6hChhNEpMk8iXVYZqAyjOGnTlSy2Td+uxT1xU1mMxH+qBeYJlDHmFVY14PSTgNyHr0n4i8BXxETMcnU588IMTIGaE8H9OIiyb3M9mx6KEl60/gWzi8b+R5QVkOTs2nQwauaU0ccmr7YdVlQ9niCT3YlkgGd9rCaN+TNB0qjeg==','Benutzer',NULL,'YCkvzoHXmsKue8vCfXHUUHxfiKwOvMhB1zKuc3ki5EsHBiZ34KKMvGKDllMky7xx',_binary '\0','2020-10-19 11:20:40','',NULL,'ADMINISTRATOR',1,_binary '\0','gecco',1);
/*!40000 ALTER TABLE `a_a_g` ENABLE KEYS */;
UNLOCK TABLES;

--
-- Table structure for table `a_a_g_f`
--

DROP TABLE IF EXISTS `a_a_g_f`;
/*!40101 SET @saved_cs_client     = @@character_set_client */;
/*!50503 SET character_set_client = utf8mb4 */;
CREATE TABLE `a_a_g_f` (
  `REV` int(11) NOT NULL,
  `g_id` int(11) unsigned NOT NULL,
  `f_id` int(11) unsigned NOT NULL,
  `REVTYPE` tinyint(4) DEFAULT NULL,
  PRIMARY KEY (`REV`,`g_id`,`f_id`),
  CONSTRAINT `FKfntbqlvjwo9cjm0allvkrtkwa` FOREIGN KEY (`REV`) REFERENCES `a_xx` (`id`)
) ENGINE=InnoDB DEFAULT CHARSET=utf8mb4 COLLATE=utf8mb4_unicode_ci;
/*!40101 SET character_set_client = @saved_cs_client */;

--
-- Dumping data for table `a_a_g_f`
--

LOCK TABLES `a_a_g_f` WRITE;
/*!40000 ALTER TABLE `a_a_g_f` DISABLE KEYS */;
INSERT INTO `a_a_g_f` VALUES (107,1,1,0),(110,2,1,0),(111,3,1,0),(112,4,1,0),(113,5,1,0),(114,6,1,0);
/*!40000 ALTER TABLE `a_a_g_f` ENABLE KEYS */;
UNLOCK TABLES;

--
-- Table structure for table `a_a_g_k`
--

DROP TABLE IF EXISTS `a_a_g_k`;
/*!40101 SET @saved_cs_client     = @@character_set_client */;
/*!50503 SET character_set_client = utf8mb4 */;
CREATE TABLE `a_a_g_k` (
  `REV` int(11) NOT NULL,
  `g_id` int(11) unsigned NOT NULL,
  `k_id` int(11) unsigned NOT NULL,
  `REVTYPE` tinyint(4) DEFAULT NULL,
  PRIMARY KEY (`REV`,`g_id`,`k_id`),
  CONSTRAINT `FKbm4txuev5crr9jt9njm8di1fs` FOREIGN KEY (`REV`) REFERENCES `a_xx` (`id`)
) ENGINE=InnoDB DEFAULT CHARSET=utf8mb4 COLLATE=utf8mb4_unicode_ci;
/*!40101 SET character_set_client = @saved_cs_client */;

--
-- Dumping data for table `a_a_g_k`
--

LOCK TABLES `a_a_g_k` WRITE;
/*!40000 ALTER TABLE `a_a_g_k` DISABLE KEYS */;
INSERT INTO `a_a_g_k` VALUES (107,1,1,0),(107,1,2,0),(107,1,3,0),(107,1,4,0),(107,1,5,0),(107,1,6,0),(107,1,7,0),(107,1,8,0),(107,1,9,0),(107,1,10,0),(107,1,11,0),(107,1,12,0),(107,1,13,0),(107,1,14,0),(107,1,15,0),(107,1,16,0),(107,1,17,0),(107,1,18,0),(107,1,19,0),(107,1,20,0),(107,1,21,0),(107,1,22,0),(107,1,23,0),(112,4,1,0),(112,4,2,0),(112,4,5,0),(112,4,6,0),(112,4,7,0),(112,4,8,0),(112,4,10,0),(112,4,15,0),(112,4,16,0),(112,4,19,0),(113,5,1,0),(113,5,2,0),(113,5,5,0),(113,5,6,0),(113,5,7,0),(113,5,8,0),(113,5,10,0),(113,5,15,0),(113,5,16,0),(113,5,19,0),(114,6,1,0),(114,6,2,0),(114,6,3,0),(114,6,5,0),(114,6,6,0),(114,6,7,0),(114,6,8,0),(114,6,10,0),(114,6,16,0),(114,6,19,0);
/*!40000 ALTER TABLE `a_a_g_k` ENABLE KEYS */;
UNLOCK TABLES;

--
-- Table structure for table `a_a_g_k2`
--

DROP TABLE IF EXISTS `a_a_g_k2`;
/*!40101 SET @saved_cs_client     = @@character_set_client */;
/*!50503 SET character_set_client = utf8mb4 */;
CREATE TABLE `a_a_g_k2` (
  `REV` int(11) NOT NULL,
  `g_id` int(11) unsigned NOT NULL,
  `k_id` int(11) unsigned NOT NULL,
  `REVTYPE` tinyint(4) DEFAULT NULL,
  PRIMARY KEY (`REV`,`g_id`,`k_id`),
  CONSTRAINT `FK938c27p1trcwiaiu3cpw07osm` FOREIGN KEY (`REV`) REFERENCES `a_xx` (`id`)
) ENGINE=InnoDB DEFAULT CHARSET=utf8mb4 COLLATE=utf8mb4_unicode_ci;
/*!40101 SET character_set_client = @saved_cs_client */;

--
-- Dumping data for table `a_a_g_k2`
--

LOCK TABLES `a_a_g_k2` WRITE;
/*!40000 ALTER TABLE `a_a_g_k2` DISABLE KEYS */;
INSERT INTO `a_a_g_k2` VALUES (107,1,1,0),(107,1,2,0),(107,1,3,0),(107,1,4,0),(107,1,5,0),(107,1,6,0),(107,1,7,0),(107,1,8,0),(107,1,9,0),(107,1,10,0),(107,1,11,0),(107,1,12,0),(107,1,13,0),(107,1,14,0),(107,1,15,0),(107,1,16,0),(107,1,17,0),(107,1,18,0),(107,1,19,0),(107,1,20,0),(107,1,21,0),(107,1,22,0),(107,1,23,0),(112,4,1,0),(112,4,2,0),(112,4,3,0),(112,4,5,0),(112,4,6,0),(112,4,7,0),(112,4,8,0),(112,4,10,0),(112,4,15,0),(112,4,16,0),(112,4,19,0),(113,5,1,0),(113,5,2,0),(113,5,3,0),(113,5,5,0),(113,5,6,0),(113,5,7,0),(113,5,8,0),(113,5,10,0),(113,5,15,0),(113,5,16,0),(113,5,19,0),(114,6,1,0),(114,6,2,0),(114,6,3,0),(114,6,5,0),(114,6,6,0),(114,6,7,0),(114,6,8,0),(114,6,10,0),(114,6,16,0),(114,6,19,0);
/*!40000 ALTER TABLE `a_a_g_k2` ENABLE KEYS */;
UNLOCK TABLES;

--
-- Table structure for table `a_a_h`
--

DROP TABLE IF EXISTS `a_a_h`;
/*!40101 SET @saved_cs_client     = @@character_set_client */;
/*!50503 SET character_set_client = utf8mb4 */;
CREATE TABLE `a_a_h` (
  `id` int(11) unsigned NOT NULL,
  `REV` int(11) NOT NULL,
  `REVTYPE` tinyint(4) DEFAULT NULL,
  `c` varchar(255) COLLATE utf8mb4_unicode_ci DEFAULT NULL,
  `b` int(11) DEFAULT NULL,
  `a` varchar(255) COLLATE utf8mb4_unicode_ci DEFAULT NULL,
  `a_g_id` int(11) unsigned DEFAULT NULL,
  PRIMARY KEY (`id`,`REV`),
  KEY `FKgh5ct51jt6n132j98thjmulxh` (`REV`),
  CONSTRAINT `FKgh5ct51jt6n132j98thjmulxh` FOREIGN KEY (`REV`) REFERENCES `a_xx` (`id`)
) ENGINE=InnoDB DEFAULT CHARSET=utf8mb4 COLLATE=utf8mb4_unicode_ci;
/*!40101 SET character_set_client = @saved_cs_client */;

--
-- Dumping data for table `a_a_h`
--

LOCK TABLES `a_a_h` WRITE;
/*!40000 ALTER TABLE `a_a_h` DISABLE KEYS */;
/*!40000 ALTER TABLE `a_a_h` ENABLE KEYS */;
UNLOCK TABLES;

--
-- Table structure for table `a_a_i`
--

DROP TABLE IF EXISTS `a_a_i`;
/*!40101 SET @saved_cs_client     = @@character_set_client */;
/*!50503 SET character_set_client = utf8mb4 */;
CREATE TABLE `a_a_i` (
  `id` int(11) unsigned NOT NULL,
  `REV` int(11) NOT NULL,
  `REVTYPE` tinyint(4) DEFAULT NULL,
  `a` int(11) DEFAULT NULL,
  `b` varchar(255) COLLATE utf8mb4_unicode_ci DEFAULT NULL,
  `a_g_id` int(11) unsigned DEFAULT NULL,
  PRIMARY KEY (`id`,`REV`),
  KEY `FKhemkly0pt91pdhbq0ymk5eaq1` (`REV`),
  CONSTRAINT `FKhemkly0pt91pdhbq0ymk5eaq1` FOREIGN KEY (`REV`) REFERENCES `a_xx` (`id`)
) ENGINE=InnoDB DEFAULT CHARSET=utf8mb4 COLLATE=utf8mb4_unicode_ci;
/*!40101 SET character_set_client = @saved_cs_client */;

--
-- Dumping data for table `a_a_i`
--

LOCK TABLES `a_a_i` WRITE;
/*!40000 ALTER TABLE `a_a_i` DISABLE KEYS */;
/*!40000 ALTER TABLE `a_a_i` ENABLE KEYS */;
UNLOCK TABLES;

--
-- Table structure for table `a_a_j`
--

DROP TABLE IF EXISTS `a_a_j`;
/*!40101 SET @saved_cs_client     = @@character_set_client */;
/*!50503 SET character_set_client = utf8mb4 */;
CREATE TABLE `a_a_j` (
  `id` int(11) unsigned NOT NULL,
  `REV` int(11) NOT NULL,
  `REVTYPE` tinyint(4) DEFAULT NULL,
  `b` varchar(255) COLLATE utf8mb4_unicode_ci DEFAULT NULL,
  `a` varchar(255) COLLATE utf8mb4_unicode_ci DEFAULT NULL,
  `a_e_id` int(11) unsigned DEFAULT NULL,
  PRIMARY KEY (`id`,`REV`),
  KEY `FKaq3p2ug9tahrdjhsabyw1q2dl` (`REV`),
  CONSTRAINT `FKaq3p2ug9tahrdjhsabyw1q2dl` FOREIGN KEY (`REV`) REFERENCES `a_xx` (`id`)
) ENGINE=InnoDB DEFAULT CHARSET=utf8mb4 COLLATE=utf8mb4_unicode_ci;
/*!40101 SET character_set_client = @saved_cs_client */;

--
-- Dumping data for table `a_a_j`
--

LOCK TABLES `a_a_j` WRITE;
/*!40000 ALTER TABLE `a_a_j` DISABLE KEYS */;
/*!40000 ALTER TABLE `a_a_j` ENABLE KEYS */;
UNLOCK TABLES;

--
-- Table structure for table `a_a_k`
--

DROP TABLE IF EXISTS `a_a_k`;
/*!40101 SET @saved_cs_client     = @@character_set_client */;
/*!50503 SET character_set_client = utf8mb4 */;
CREATE TABLE `a_a_k` (
  `id` int(11) unsigned NOT NULL,
  `REV` int(11) NOT NULL,
  `REVTYPE` tinyint(4) DEFAULT NULL,
  `a` varchar(255) COLLATE utf8mb4_unicode_ci DEFAULT NULL,
  PRIMARY KEY (`id`,`REV`),
  KEY `FKou9mtyokc5wr8ri4muhbqtgd6` (`REV`),
  CONSTRAINT `FKou9mtyokc5wr8ri4muhbqtgd6` FOREIGN KEY (`REV`) REFERENCES `a_xx` (`id`)
) ENGINE=InnoDB DEFAULT CHARSET=utf8mb4 COLLATE=utf8mb4_unicode_ci;
/*!40101 SET character_set_client = @saved_cs_client */;

--
-- Dumping data for table `a_a_k`
--

LOCK TABLES `a_a_k` WRITE;
/*!40000 ALTER TABLE `a_a_k` DISABLE KEYS */;
INSERT INTO `a_a_k` VALUES (1,81,0,'PATIENTLIST'),(2,82,0,'NEWPATIENT'),(3,83,0,'SCAN'),(4,84,0,'STORAGEMNGT'),(5,85,0,'BARCODES'),(6,86,0,'SAMPLELIST'),(7,87,0,'SEARCH'),(8,88,0,'EXPORT'),(9,89,0,'RESTRICTEDFORMS'),(10,90,0,'TIMERESTRICTEDFORMS'),(11,91,0,'FORMEDIT'),(12,92,0,'VISITEDIT'),(13,93,0,'TABLEVIEWMDAT'),(14,94,0,'EXPORTPATIENTNAMES'),(15,95,0,'PSEUDONYMOUSINPUT'),(16,96,0,'DELETEPATIENT'),(17,97,0,'STATISTICS'),(18,98,0,'CONTACTS'),(19,99,0,'SHOWPATIENTNAMES'),(20,100,0,'SINGLESHOTFORM'),(21,101,0,'TIMERESTRICTEDFORMSOVERRIDE'),(22,102,0,'SIGNFORMS'),(23,103,0,'LOCKFORMS');
/*!40000 ALTER TABLE `a_a_k` ENABLE KEYS */;
UNLOCK TABLES;

--
-- Table structure for table `a_a_m`
--

DROP TABLE IF EXISTS `a_a_m`;
/*!40101 SET @saved_cs_client     = @@character_set_client */;
/*!50503 SET character_set_client = utf8mb4 */;
CREATE TABLE `a_a_m` (
  `id` int(11) unsigned NOT NULL,
  `REV` int(11) NOT NULL,
  `REVTYPE` tinyint(4) DEFAULT NULL,
  `doExport` bit(1) DEFAULT NULL,
  `doSearch` bit(1) DEFAULT NULL,
  `a_e_id` int(11) unsigned DEFAULT NULL,
  `a_f_id` int(11) unsigned DEFAULT NULL,
  `a_g_id` int(11) unsigned DEFAULT NULL,
  PRIMARY KEY (`id`,`REV`),
  KEY `FK7en71qoryolb302a4n2sh2tso` (`REV`),
  CONSTRAINT `FK7en71qoryolb302a4n2sh2tso` FOREIGN KEY (`REV`) REFERENCES `a_xx` (`id`)
) ENGINE=InnoDB DEFAULT CHARSET=utf8mb4 COLLATE=utf8mb4_unicode_ci;
/*!40101 SET character_set_client = @saved_cs_client */;

--
-- Dumping data for table `a_a_m`
--

LOCK TABLES `a_a_m` WRITE;
/*!40000 ALTER TABLE `a_a_m` DISABLE KEYS */;
/*!40000 ALTER TABLE `a_a_m` ENABLE KEYS */;
UNLOCK TABLES;

--
-- Table structure for table `a_app_contact`
--

DROP TABLE IF EXISTS `a_app_contact`;
/*!40101 SET @saved_cs_client     = @@character_set_client */;
/*!50503 SET character_set_client = utf8mb4 */;
CREATE TABLE `a_app_contact` (
  `id` int(11) unsigned NOT NULL,
  `REV` int(11) NOT NULL,
  `REVTYPE` tinyint(4) DEFAULT NULL,
  `bsnr` varchar(255) COLLATE utf8mb4_unicode_ci DEFAULT NULL,
  `category` varchar(255) COLLATE utf8mb4_unicode_ci DEFAULT NULL,
  `city` varchar(255) COLLATE utf8mb4_unicode_ci DEFAULT NULL,
  `company` varchar(255) COLLATE utf8mb4_unicode_ci DEFAULT NULL,
  `country` varchar(255) COLLATE utf8mb4_unicode_ci DEFAULT NULL,
  `deprecated` bit(1) DEFAULT NULL,
  `email` varchar(255) COLLATE utf8mb4_unicode_ci DEFAULT NULL,
  `fax` varchar(255) COLLATE utf8mb4_unicode_ci DEFAULT NULL,
  `firstName` varchar(255) COLLATE utf8mb4_unicode_ci DEFAULT NULL,
  `lanr` varchar(255) COLLATE utf8mb4_unicode_ci DEFAULT NULL,
  `lastName` varchar(255) COLLATE utf8mb4_unicode_ci DEFAULT NULL,
  `phone` varchar(255) COLLATE utf8mb4_unicode_ci DEFAULT NULL,
  `postCode` varchar(255) COLLATE utf8mb4_unicode_ci DEFAULT NULL,
  `salutation` varchar(255) COLLATE utf8mb4_unicode_ci DEFAULT NULL,
  `street` varchar(255) COLLATE utf8mb4_unicode_ci DEFAULT NULL,
  `title` varchar(255) COLLATE utf8mb4_unicode_ci DEFAULT NULL,
  PRIMARY KEY (`id`,`REV`),
  KEY `FK9gem2mp0jcthcxbuk00lsijpk` (`REV`),
  CONSTRAINT `FK9gem2mp0jcthcxbuk00lsijpk` FOREIGN KEY (`REV`) REFERENCES `a_xx` (`id`)
) ENGINE=InnoDB DEFAULT CHARSET=utf8mb4 COLLATE=utf8mb4_unicode_ci;
/*!40101 SET character_set_client = @saved_cs_client */;

--
-- Dumping data for table `a_app_contact`
--

LOCK TABLES `a_app_contact` WRITE;
/*!40000 ALTER TABLE `a_app_contact` DISABLE KEYS */;
INSERT INTO `a_app_contact` VALUES (1,116,0,'B-2004877146',NULL,'Kraków',NULL,'PL',NULL,'152@test.de',NULL,'Mandy','A-1312991219','Kuster_test','88 610 52 30','30-898','Sehr geehrte Frau','ul. Hoyera Henryka 76','Dr. hc mult'),(2,117,0,'B1065119826',NULL,'Furth',NULL,'DE',NULL,'145@test.de',NULL,'Marie','A1173460710','Doleželová_test','08704 26 19 64','93429','Sehr geehrte Frau','Langenhorner Chaussee 35','Dr. hc mult'),(3,118,0,'B777575072',NULL,'Montbovon',NULL,'CH',NULL,'170@test.de',NULL,'Vladimír','A-1249528156','Táborský_test','026 701 67 53','1669','Sehr geehrter Herr','Hauptstrasse 42','Dr. hc mult'),(4,119,0,'B1861242609',NULL,'Łódź',NULL,'PL',NULL,'155@test.de',NULL,'Karel','A958501636','Pavlásek_test','67 608 52 72','90-248','Sehr geehrter Herr','ul. Polskiej Organizacji Wojskowej 6','Dr. hc mult'),(5,120,0,'B118226264',NULL,'TARBES',NULL,'FR',NULL,'165@test.de',NULL,'Raaida','A-3886716','Safar_test','05.95.23.17.15','65000','Sehr geehrte Frau','56 rue du Faubourg National','Dr. hc mult'),(6,121,0,'B-280289619',NULL,'Kielce',NULL,'PL',NULL,'145@test.de',NULL,'Florian','A-884594706','Kirsch_test','72 498 51 07','25-729','Sehr geehrter Herr','ul. Urzędnicza 12','Dr. hc mult'),(7,122,0,'B918398255',NULL,'Berlin Neukölln',NULL,'DE',NULL,'149@test.de',NULL,'Joasia','A694662319','Król_test','030 07 98 74','12049','Sehr geehrte Frau','Brandenburgische Straße 46','Dr. hc mult'),(8,123,0,'B-477559745',NULL,'Pampigny',NULL,'CH',NULL,'163@test.de',NULL,'Miluše','A-1533404005','Vojkůvková_test','021 815 22 29','1142','Sehr geehrte Frau','Valéestrasse 72','Dr. hc mult'),(9,124,0,'B-797469431',NULL,'BORDEAUX',NULL,'FR',NULL,'138@test.de',NULL,'Grzegorz','A-141726186','Chmielewski_test','05.37.15.18.82','33200','Sehr geehrter Herr','50 cours Jean Jaures','Dr. hc mult'),(10,125,0,'B1254311697',NULL,'Chatzenrüti',NULL,'CH',NULL,'152@test.de',NULL,'Virgil','A-222834770','Burkett_test','044 537 83 58','8153','Sehr geehrter Herr','Bergrain 43','Dr. hc mult'),(11,126,0,'B-167135492',NULL,'Gdańsk',NULL,'PL',NULL,'153@test.de',NULL,'Ladislav','A97423528','Malý_test','88 546 49 66','80-272','Sehr geehrter Herr','ul. Księdza Sychty Bernarda 80','Dr. hc mult'),(12,127,0,'B-1390853359',NULL,'VILLENEUVE-D\'ASCQ',NULL,'FR',NULL,'158@test.de',NULL,'Walentyna','A160390172','Grabowska_test','03.27.74.57.82','59650','Sehr geehrte Frau','18 Place Charles de Gaulle','Dr. hc mult'),(13,128,0,'B-1668836284',NULL,'Chełm',NULL,'PL',NULL,'147@test.de',NULL,'Manuela','A1981891467','Faerber_test','72 995 61 92','22-103','Sehr geehrte Frau','Pl. Niepodległości 143','Dr. hc mult'),(14,129,0,'B626402248',NULL,'Warszawa',NULL,'PL',NULL,'132@test.de',NULL,'Audric','A-209198063','Chauvet_test','72 865 31 26','00-871','Sehr geehrter Herr','ul. Żelazna 133','Dr. hc mult'),(15,130,0,'B839964794',NULL,'Scheßlitz',NULL,'DE',NULL,'177@test.de',NULL,'Zdzisława','A-1058160216','Wieczorek_test','09542 04 65 42','96108','Sehr geehrte Frau','Luebecker Strasse 10','Dr. hc mult'),(16,131,0,'B-120669014',NULL,'LA SEYNE-SUR-MER',NULL,'FR',NULL,'131@test.de',NULL,'Antje','A967845396','Bayer_test','04.30.00.35.71','83500','Sehr geehrte Frau','7 rue du Clair Bocage','Dr. hc mult'),(17,132,0,'B-1044229115',NULL,'Luzern',NULL,'CH',NULL,'465@test.de',NULL,'Tomáš','A-196154003','Žilka_test','041 511 57 33','6006','Sehr geehrter Herr','Auerstrasse 79','Dr. hc mult'),(18,133,0,'B986976943',NULL,'TOURNEFEUILLE',NULL,'FR',NULL,'152@test.de',NULL,'Hamilton','A-1803501464','Pomerleau_test','05.16.25.92.56','31170','Sehr geehrter Herr','39 quai Saint-Nicolas','Dr. hc mult'),(19,134,0,'B512766416',NULL,'Privilasco',NULL,'CH',NULL,'153@test.de',NULL,'Christine','A1608637645','Vogler_test','081 898 37 14','7741','Sehr geehrte Frau','Herrenberg 42','Dr. hc mult'),(20,135,0,'B-1714656478',NULL,'Arosa',NULL,'CH',NULL,'139@test.de',NULL,'Cindy','A-789264715','Hynes_test','081 307 69 54','7050','Sehr geehrte Frau','Gartenhof 31','Dr. hc mult'),(21,136,0,'B-1667148739',NULL,'Kraków',NULL,'PL',NULL,'150@test.de',NULL,'Nadidah','A-281828981','Hanania_test','66 739 71 19','31-348','Sehr geehrte Frau','ul. Słotna 55','Dr. hc mult'),(22,137,0,'B1657664440',NULL,'Warszawa',NULL,'PL',NULL,'149@test.de',NULL,'Scoville','A451120616','Bazinet_test','60 511 99 70','02-595','Sehr geehrter Herr','ul. Puławska 119','Dr. hc mult'),(23,138,0,'B-1378939560',NULL,'Wrocław',NULL,'PL',NULL,'152@test.de',NULL,'Jaroslav','A-267595336','Novák_test','79 960 92 20','54-132','Sehr geehrter Herr','ul. Lotnicza 77','Dr. hc mult'),(24,139,0,'B1387485155',NULL,'LYON',NULL,'FR',NULL,'137@test.de',NULL,'Ayyad','A1188090455','Handal_test','04.86.51.63.62','69008','Sehr geehrter Herr','7 rue Banaudon','Dr. hc mult'),(25,140,0,'B-2140428720',NULL,'Châtillon',NULL,'CH',NULL,'158@test.de',NULL,'Krysia','A399414394','Sobczak_test','024 974 83 77','1473','Sehr geehrte Frau','Bergrain 106','Dr. hc mult'),(26,141,0,'B-766257304',NULL,'Warszawa',NULL,'PL',NULL,'154@test.de',NULL,'Joséphine','A1092000807','Plourde_test','51 633 76 75','04-310','Sehr geehrte Frau','ul. Byczyńska 30','Dr. hc mult'),(27,142,0,'B1789225506',NULL,'ÉPINAL',NULL,'FR',NULL,'153@test.de',NULL,'Bonifacy','A-1274202354','Wojciechowski_test','03.14.40.75.47','88000','Sehr geehrter Herr','99 Rue du Palais','Dr. hc mult'),(28,143,0,'B1947054639',NULL,'Mysłowice',NULL,'PL',NULL,'149@test.de',NULL,'Manuela','A-1197570575','Hoch_test','51 942 79 34','41-412','Sehr geehrte Frau','ul. Stoińskiego Stefana 67','Dr. hc mult'),(29,144,0,'B1342384022',NULL,'Montborget',NULL,'CH',NULL,'143@test.de',NULL,'Hashim','A-1160737265','Ganem_test','024 745 35 97','1489','Sehr geehrter Herr','Hauptstrasse 102','Dr. hc mult'),(30,145,0,'B-1133839015',NULL,'Halle',NULL,'DE',NULL,'169@test.de',NULL,'Viktorie','A-1768535645','Sládková_test','0345 76 31 89','6016','Sehr geehrte Frau','Messedamm 1','Dr. hc mult'),(31,146,0,'B1423072879',NULL,'Tarnowskie Góry',NULL,'PL',NULL,'152@test.de',NULL,'Herta','A379758327','Petruželová_test','66 251 54 29','42-612','Sehr geehrte Frau','ul. Janasa Wincentego 93','Dr. hc mult'),(32,147,0,'B-1953090153',NULL,'PARIS',NULL,'FR',NULL,'153@test.de',NULL,'Russell','A619034532','Guertin_test','01.93.06.88.99','75012','Sehr geehrter Herr','34 Place de la Madeleine','Dr. hc mult'),(33,148,0,'B-1674671139',NULL,'Hammersbach',NULL,'DE',NULL,'145@test.de',NULL,'Marion','A102338022','Dussault_test','06185 40 97 04','63546','Sehr geehrte Frau','Scharnweberstrasse 93','Dr. hc mult'),(34,149,0,'B-1831525703',NULL,'Arnsgereuth',NULL,'DE',NULL,'151@test.de',NULL,'Karel','A-1729463237','Longpré_test','036736 28 76','7318','Sehr geehrter Herr','Oldesloer Strasse 62','Dr. hc mult'),(35,150,0,'B-1412675018',NULL,'NANTES',NULL,'FR',NULL,'148@test.de',NULL,'Aqilah','A-1374606430','Shamon_test','02.84.23.85.49','44300','Sehr geehrte Frau','90 rue de Raymond Poincaré','Dr. hc mult'),(36,151,0,'B-1516904315',NULL,'Wrocław',NULL,'PL',NULL,'161@test.de',NULL,'Matthew','A1633703729','Tichenor_test','67 763 32 57','51-180','Sehr geehrter Herr','ul. Grawerska 43','Dr. hc mult'),(37,152,0,'B-1943390235',NULL,'VIRY-CHÂTILLON',NULL,'FR',NULL,'160@test.de',NULL,'Sławomir','A1301708767','Michalski_test','01.20.44.68.28','91170','Sehr geehrter Herr','68 rue Marguerite','Dr. hc mult'),(38,153,0,'B33759434',NULL,'LILLE',NULL,'FR',NULL,'164@test.de',NULL,'Youssef','A1268951476','Kouri_test','03.81.04.28.60','59800','Sehr geehrter Herr','28 Chemin Challet','Dr. hc mult'),(39,154,0,'B796187042',NULL,'CHÂLONS-EN-CHAMPAGNE',NULL,'FR',NULL,'140@test.de',NULL,'Al \'Abbas','A-1697268801','Kalb_test','03.52.93.29.47','51000','Sehr geehrter Herr','41 boulevard Albin Durand','Dr. hc mult'),(40,155,0,'B-825099596',NULL,'Landecy',NULL,'CH',NULL,'145@test.de',NULL,'Naji','A-1344373123','Cham_test','022 462 53 91','1257','Sehr geehrter Herr','Rosenweg 69','Dr. hc mult'),(41,156,0,'B-460723229',NULL,'Zürich',NULL,'CH',NULL,'151@test.de',NULL,'Ute','A896598171','Bader_test','043 859 16 17','8024','Sehr geehrte Frau','Strickstrasse 138','Dr. hc mult'),(42,157,0,'B-2075337888',NULL,'Nussbaumen',NULL,'CH',NULL,'161@test.de',NULL,'Jeronim','A328888373','Wiśniewski_test','044 707 81 74','8180','Sehr geehrter Herr','Caltgadira 55','Dr. hc mult'),(43,158,0,'B559601553',NULL,'Dernbach',NULL,'DE',NULL,'159@test.de',NULL,'Luis','A1421723395','Simon_test','02689 42 73 49','56307','Sehr geehrter Herr','Knesebeckstrasse 71','Dr. hc mult'),(44,159,0,'B449080242',NULL,'Delémont',NULL,'CH',NULL,'161@test.de',NULL,'Nu\'aim','A2020348436','Shamoun_test','032 872 45 62','2800','Sehr geehrter Herr','Via Camischolas sura 127','Dr. hc mult'),(45,160,0,'B934624767',NULL,'Ferpicloz',NULL,'CH',NULL,'154@test.de',NULL,'Marcel','A-1279053309','Maurer_test','026 872 17 33','1724','Sehr geehrter Herr','Via Luzzas 123','Dr. hc mult'),(46,161,0,'B298352486',NULL,'ÉCHIROLLES',NULL,'FR',NULL,'157@test.de',NULL,'Deborah','A537444043','Yarbrough_test','04.91.56.22.63','38130','Sehr geehrte Frau','42 Avenue Millies Lacroix','Dr. hc mult'),(47,162,0,'B1014222871',NULL,'Kraków',NULL,'PL',NULL,'143@test.de',NULL,'Michelle','A-1984703832','Bar_test','60 455 60 40','30-611','Sehr geehrte Frau','ul. Bojki Jakuba 13','Dr. hc mult'),(48,163,0,'B1863868773',NULL,'Mühlhausen',NULL,'DE',NULL,'152@test.de',NULL,'Elizabeth','A1499066788','Schwartz_test','07832 88 42 37','73347','Sehr geehrte Frau','Bleibtreustraße 76','Dr. hc mult'),(49,164,0,'B-1433869099',NULL,'Rödental',NULL,'DE',NULL,'149@test.de',NULL,'Sha\'ban','A809607106','Baz_test','09563 25 28 48','96472','Sehr geehrter Herr','Borstelmannsweg 11','Dr. hc mult'),(50,165,0,'B56299865',NULL,'Trier Filch',NULL,'DE',NULL,'140@test.de',NULL,'Albin','A-1172599322','Kwiatkowski_test','0651 95 10 38','54296','Sehr geehrter Herr','Leipziger Strasse 31','Dr. hc mult'),(51,166,0,'B-327712007',NULL,'Tecknau',NULL,'CH',NULL,'149@test.de',NULL,'Janek','A164832746','Kamiński_test','061 576 78 28','4492','Sehr geehrter Herr','Lungolago 149','Dr. hc mult'),(52,167,0,'B-1163573629',NULL,'LUNÉVILLE',NULL,'FR',NULL,'153@test.de',NULL,'Malagigi','A1879881853','Lacombe_test','03.57.29.82.43','54300','Sehr geehrter Herr','77 rue de la République','Dr. hc mult'),(53,168,0,'B-1092169224',NULL,'VILLEFRANCHE-SUR-SAÔNE',NULL,'FR',NULL,'161@test.de',NULL,'Karolína','A-1534250042','Vaníčková_test','04.23.62.71.66','69400','Sehr geehrte Frau','50 Place du Jeu de Paume','Dr. hc mult'),(54,169,0,'B-1193522229',NULL,'Kraków',NULL,'PL',NULL,'138@test.de',NULL,'Fariq','A1780623322','Dagher_test','69 137 69 44','30-810','Sehr geehrter Herr','ul. Kłodzka 65','Dr. hc mult'),(55,170,0,'B1229399603',NULL,'Bydgoszcz',NULL,'PL',NULL,'149@test.de',NULL,'Basia','A-594246005','Szczepańska_test','51 744 52 75','85-828','Sehr geehrte Frau','ul. Walecznych 131','Dr. hc mult'),(56,171,0,'B190974232',NULL,'MASSY',NULL,'FR',NULL,'168@test.de',NULL,'Stefanie','A2008223256','Unger_test','01.21.76.65.61','91300','Sehr geehrte Frau','90 Quai des Belges','Dr. hc mult'),(57,172,0,'B1161763946',NULL,'Kammerstein',NULL,'DE',NULL,'149@test.de',NULL,'Kevin','A-2078328125','Jensen_test','09122 63 54 70','91126','Sehr geehrter Herr','Alsterkrugchaussee 92','Dr. hc mult'),(58,173,0,'B-211300895',NULL,'ORANGE',NULL,'FR',NULL,'65353@test.de',NULL,'Jan','A-7863969','﻿Dvořák_test','04.03.85.55.13','84100','Sehr geehrter Herr','52 Rue Roussy','Dr. hc mult'),(59,174,0,'B-1106610061',NULL,'SALON-DE-PROVENCE',NULL,'FR',NULL,'144@test.de',NULL,'Friderich','A-2094660273','Jaworski_test','04.47.84.01.00','13300','Sehr geehrter Herr','15 rue des six frères Ruellan','Dr. hc mult'),(60,175,0,'B738898180',NULL,'Kriegstetten',NULL,'CH',NULL,'161@test.de',NULL,'Jowita','A491095693','Woźniak_test','032 338 71 78','4566','Sehr geehrte Frau','Kronwiesenweg 129','Dr. hc mult'),(61,176,0,'B-312755418',NULL,'Wrocław',NULL,'PL',NULL,'150@test.de',NULL,'Konstancja','A1593931951','Kowalczyk_test','72 696 25 21','54-031','Sehr geehrte Frau','ul. Żywiecka 69','Dr. hc mult'),(62,177,0,'B506829270',NULL,'COLMAR',NULL,'FR',NULL,'138@test.de',NULL,'Barbora','A790766098','Hubálková_test','03.71.62.83.40','68000','Sehr geehrte Frau','10 Place de la Gare','Dr. hc mult'),(63,178,0,'B-823352421',NULL,'Opole',NULL,'PL',NULL,'139@test.de',NULL,'Eric','A473946753','Frankfurter_test','88 345 71 45','45-222','Sehr geehrter Herr','ul. Oleska 44','Dr. hc mult'),(64,179,0,'B259147386',NULL,'Kraków',NULL,'PL',NULL,'150@test.de',NULL,'Senapus','A-1301146853','Chatigny_test','60 796 75 95','30-086','Sehr geehrter Herr','ul. Halczyna Wojciecha 125','Dr. hc mult'),(65,180,0,'B-302444649',NULL,'Schwellbrunn',NULL,'CH',NULL,'142@test.de',NULL,'Georgette','A-1497084601','Gingras_test','071 755 87 95','9103','Sehr geehrte Frau','Mühle 13','Dr. hc mult'),(66,181,0,'B-241966218',NULL,'JUAN-LES-PINS',NULL,'FR',NULL,'144@test.de',NULL,'Lidia','A-1450107662','Duda_test','04.93.16.33.84','6160','Sehr geehrte Frau','65 rue des Soeurs','Dr. hc mult'),(67,182,0,'B597880642',NULL,'LE PERREUX-SUR-MARNE',NULL,'FR',NULL,'155@test.de',NULL,'Zurie','A-1777839507','Arpin_test','01.82.34.36.64','94170','Sehr geehrte Frau','5 rue Goya','Dr. hc mult'),(68,183,0,'B1421543555',NULL,'Chandonne',NULL,'CH',NULL,'142@test.de',NULL,'Katarzyna','A995426980','Czerwinska_test','027 293 92 12','1945','Sehr geehrte Frau','Werkstrasse 27','Dr. hc mult'),(69,184,0,'B-504020962',NULL,'Szczecin',NULL,'PL',NULL,'157@test.de',NULL,'Cezar','A-1184569207','Zając_test','51 209 60 26','70-233','Sehr geehrter Herr','Pl. Zwycięstwa 1','Dr. hc mult'),(70,185,0,'B-186896732',NULL,'Bydgoszcz',NULL,'PL',NULL,'152@test.de',NULL,'Ralph','A1102682339','Freitag_test','66 803 19 16','85-049','Sehr geehrter Herr','ul. Ujejskiego Kornela 27','Dr. hc mult'),(71,186,0,'B-668515532',NULL,'MARSEILLE',NULL,'FR',NULL,'134@test.de',NULL,'Brygida','A1524156900','Dudek_test','04.65.72.15.71','13010','Sehr geehrte Frau','38 cours Franklin Roosevelt','Dr. hc mult'),(72,187,0,'B-1662061703',NULL,'Ortschwaben',NULL,'CH',NULL,'157@test.de',NULL,'Petra','A-1390308818','Mottlová_test','031 640 29 50','3042','Sehr geehrte Frau','Valéestrasse 126','Dr. hc mult'),(73,188,0,'B1226859151',NULL,'Białystok',NULL,'PL',NULL,'156@test.de',NULL,'Usamah','A1511362360','Guirguis_test','72 350 27 32','15-321','Sehr geehrter Herr','ul. Letniska 72','Dr. hc mult'),(74,189,0,'B1702739412',NULL,'Kaufbeuren',NULL,'DE',NULL,'161@test.de',NULL,'Maciej','A-107648722','Tomaszewski_test','08341 56 51 02','87586','Sehr geehrter Herr','Ufnau Strasse 15','Dr. hc mult'),(75,190,0,'B407927278',NULL,'TALENCE',NULL,'FR',NULL,'334@test.de',NULL,'Blanka','A-302662981','Černá_test','05.98.09.50.06','33400','Sehr geehrte Frau','68 rue du Faubourg National','Dr. hc mult'),(76,191,0,'B1068668812',NULL,'Waren',NULL,'DE',NULL,'152@test.de',NULL,'Manuela','A370937187','Kuster_test','03991 70 71 39','17182','Sehr geehrte Frau','Chausseestr. 29','Dr. hc mult'),(77,192,0,'B301430452',NULL,'Montsevelier',NULL,'CH',NULL,'157@test.de',NULL,'Ulrike','A203026268','Herman_test','032 886 51 27','2828','Sehr geehrte Frau','Spinatsch 112','Dr. hc mult'),(78,193,0,'B-227061615',NULL,'Linsburg',NULL,'DE',NULL,'140@test.de',NULL,'Frank','A-1847642625','Fuerst_test','05027 35 05 76','31636','Sehr geehrter Herr','Luckenwalder Strasse 23','Dr. hc mult'),(79,194,0,'B909280035',NULL,'Berlin Schmargendorf',NULL,'DE',NULL,'143@test.de',NULL,'Lori','A-1114908597','Cox_test','030 66 78 81','14193','Sehr geehrte Frau','Genslerstraße 78','Dr. hc mult'),(80,195,0,'B705445696',NULL,'Kielce',NULL,'PL',NULL,'154@test.de',NULL,'Josef','A1367834385','Pivoňka_test','60 345 47 28','25-640','Sehr geehrter Herr','ul. Fałdowa 110','Dr. hc mult'),(81,196,0,'B819212489',NULL,'Neckargerach',NULL,'DE',NULL,'159@test.de',NULL,'Keisha','A1479115967','Thompson_test','06263 91 82 93','69437','Sehr geehrte Frau','Grosse Praesidenten Str. 48','Dr. hc mult'),(82,197,0,'B-1931857415',NULL,'Szczecin',NULL,'PL',NULL,'157@test.de',NULL,'Roksana','A-2024098586','Kaczmarek_test','67 648 98 07','70-750','Sehr geehrte Frau','ul. Granitowa 47','Dr. hc mult'),(83,198,0,'B-1099934151',NULL,'Zielona Góra',NULL,'PL',NULL,'158@test.de',NULL,'Subhiyah','A126106611','Kanaan_test','51 185 66 27','65-119','Sehr geehrte Frau','ul. Demeter 25','Dr. hc mult'),(84,199,0,'B1467573741',NULL,'Dietikon',NULL,'CH',NULL,'147@test.de',NULL,'Rasheeda','A-597102164','Attia_test','044 563 43 20','8953','Sehr geehrte Frau','Via Camischolas sura 58','Dr. hc mult'),(85,200,0,'B-1873046530',NULL,'Obernheim',NULL,'DE',NULL,'150@test.de',NULL,'Phillip','A-519434896','Fry_test','07436 95 56 10','72364','Sehr geehrter Herr','Mohrenstrasse 56','Dr. hc mult'),(86,201,0,'B1194366780',NULL,'Deensen',NULL,'DE',NULL,'131@test.de',NULL,'Aubrette','A1052471639','Brunault_test','05532 70 74 68','37627','Sehr geehrte Frau','Leipziger Straße 66','Dr. hc mult'),(87,202,0,'B-1997949748',NULL,'Bayreuth',NULL,'DE',NULL,'161@test.de',NULL,'Jacenty','A251765138','Wieczorek_test','0921 37 75 40','95444','Sehr geehrter Herr','Kantstrasse 40','Dr. hc mult'),(88,203,0,'B1657568830',NULL,'Bussnang',NULL,'CH',NULL,'152@test.de',NULL,'Bartlett','A1514291143','Veilleux_test','071 550 29 90','9565','Sehr geehrter Herr','Lichtmattstrasse 53','Dr. hc mult'),(89,204,0,'B-1774887687',NULL,'Trier Euren',NULL,'DE',NULL,'168@test.de',NULL,'Walid','A1347685956','Qureshi_test','0651 44 17 43','54294','Sehr geehrter Herr','Leipziger Strasse 13','Dr. hc mult'),(90,205,0,'B-555659744',NULL,'PARIS',NULL,'FR',NULL,'162@test.de',NULL,'Katja','A2121016618','Weissmuller_test','01.59.45.88.23','75012','Sehr geehrte Frau','81 Place de la Madeleine','Dr. hc mult'),(91,206,0,'B1735310635',NULL,'Gdańsk',NULL,'PL',NULL,'143@test.de',NULL,'Hudhafah','A144225293','Gaber_test','53 766 26 88','80-175','Sehr geehrter Herr','ul. Kuszników 19','Dr. hc mult'),(92,207,0,'B562890931',NULL,'Szczecin',NULL,'PL',NULL,'153@test.de',NULL,'Swen','A1529246879','Fisher_test','66 606 40 61','71-497','Sehr geehrter Herr','ul. Spadziowa 5','Dr. hc mult'),(93,208,0,'B240532561',NULL,'Poznań',NULL,'PL',NULL,'145@test.de',NULL,'Manville','A-1869387952','Deslauriers_test','88 559 30 93','61-663','Sehr geehrter Herr','ul. Braterstwa Broni 24','Dr. hc mult'),(94,209,0,'B334150528',NULL,'Adliswil',NULL,'CH',NULL,'149@test.de',NULL,'Nadine','A1001955611','Gottschalk_test','044 579 60 82','8134','Sehr geehrte Frau','Kappelergasse 1','Dr. hc mult'),(95,210,0,'B-547140394',NULL,'LES ABYMES',NULL,'FR',NULL,'160@test.de',NULL,'Mary','A328559055','Suarez_test','05.98.34.78.61','97139','Sehr geehrte Frau','41 rue du Général Ailleret','Dr. hc mult'),(96,211,0,'B433322527',NULL,'PIERREFITTE-SUR-SEINE',NULL,'FR',NULL,'160@test.de',NULL,'Urszula','A-20333424','Król_test','01.18.59.68.06','93380','Sehr geehrte Frau','41 rue Clement Marot','Dr. hc mult'),(97,212,0,'B-1905860332',NULL,'Madulain',NULL,'CH',NULL,'165@test.de',NULL,'Robert','A2117466224','Seder_test','081 386 59 54','7523','Sehr geehrter Herr','Auerstrasse 143','Dr. hc mult'),(98,213,0,'B1687103944',NULL,'Warszawa',NULL,'PL',NULL,'153@test.de',NULL,'Kornelia','A790381899','Nowakowska_test','78 746 13 17','04-818','Sehr geehrte Frau','ul. Cementowa 49','Dr. hc mult'),(99,214,0,'B1316762374',NULL,'Banco',NULL,'CH',NULL,'152@test.de',NULL,'Aaron','A1323266372','Worley_test','091 909 49 21','6981','Sehr geehrter Herr','Wiesenstrasse 102','Dr. hc mult'),(100,215,0,'B-404852182',NULL,'Hamburg Ochsenwerder',NULL,'DE',NULL,'145@test.de',NULL,'Grzegorz','A577693085','Jaworski_test','040 95 89 57','21037','Sehr geehrter Herr','Fasanenstrasse 9','Dr. hc mult'),(101,216,0,'B1242682178',NULL,'St-Léonard',NULL,'CH',NULL,'139@test.de',NULL,'Andrea','A888821188','Jandíková_test','027 923 94 49','1958','Sehr geehrte Frau','Via Albarelle 111','Dr. hc mult'),(102,217,0,'B466380667',NULL,'Trier Filch',NULL,'DE',NULL,'418@test.de',NULL,'Barbora','A-1716057667','Šáchová_test','0651 17 26 18','54296','Sehr geehrte Frau','Leipziger Strasse 41','Dr. hc mult'),(103,218,0,'B-167759067',NULL,'CALAIS',NULL,'FR',NULL,'152@test.de',NULL,'Marko','A-1739608739','Kuester_test','03.76.38.15.51','62100','Sehr geehrter Herr','88 Chemin Du Lavarin Sud','Dr. hc mult'),(104,219,0,'B1439744464',NULL,'Siemianowice Śląskie',NULL,'PL',NULL,'163@test.de',NULL,'Michaela','A-506171412','Vorlíčková_test','60 802 01 61','41-103','Sehr geehrte Frau','ul. Wrocławska 99','Dr. hc mult'),(105,220,0,'B-532537777',NULL,'Overath',NULL,'DE',NULL,'140@test.de',NULL,'Joshua','A1674611757','Boatright_test','02206 94 30 78','51491','Sehr geehrter Herr','Lietzenburger Strasse 67','Dr. hc mult'),(106,221,0,'B-491211347',NULL,'Valbella',NULL,'CH',NULL,'151@test.de',NULL,'Stefan','A606803674','Duerr_test','081 394 28 41','7077','Sehr geehrter Herr','Via Verbano 101','Dr. hc mult'),(107,222,0,'B-1422469295',NULL,'Oberdorf',NULL,'CH',NULL,'169@test.de',NULL,'Ziemowit','A-846675441','Olszewski_test','044 737 57 53','8105','Sehr geehrter Herr','Clius 131','Dr. hc mult'),(108,223,0,'B-43793952',NULL,'Łódź',NULL,'PL',NULL,'154@test.de',NULL,'Makin','A1434660424','Maloof_test','51 638 93 39','92-407','Sehr geehrter Herr','ul. Dorabialskiej Alicji 14','Dr. hc mult'),(109,224,0,'B-526595163',NULL,'SAINT-RAPHAËL',NULL,'FR',NULL,'153@test.de',NULL,'Viollette','A-1654721067','Cartier_test','04.11.23.19.75','83700','Sehr geehrte Frau','75 rue de la Hulotais','Dr. hc mult'),(110,225,0,'B773785226',NULL,'SAINT-LAURENT-DU-VAR',NULL,'FR',NULL,'143@test.de',NULL,'Marc','A-983241234','Béland_test','04.33.53.43.18','6700','Sehr geehrter Herr','15 avenue du Marechal Juin','Dr. hc mult'),(111,226,0,'B1458508510',NULL,'Berching',NULL,'DE',NULL,'155@test.de',NULL,'Hafsa','A1973727443','Shadid_test','08462 67 44 37','92332','Sehr geehrte Frau','Rankestraße 60','Dr. hc mult'),(112,227,0,'B-931759747',NULL,'Berg',NULL,'DE',NULL,'154@test.de',NULL,'Torsten','A-1558153570','Faber_test','08433 62 19 59','92348','Sehr geehrter Herr','Rankestraße 20','Dr. hc mult'),(113,228,0,'B-1480643297',NULL,'Scharnachtal',NULL,'CH',NULL,'134@test.de',NULL,'Esam','A1872567972','Awad_test','031 448 75 33','3722','Sehr geehrter Herr','Landstrasse 17','Dr. hc mult'),(114,229,0,'B-218854451',NULL,'Reutlingen',NULL,'CH',NULL,'132@test.de',NULL,'Buford','A772809128','Berkowitz_test','052 957 44 42','8404','Sehr geehrter Herr','Kornquaderweg 112','Dr. hc mult'),(115,230,0,'B21476561',NULL,'STRASBOURG',NULL,'FR',NULL,'155@test.de',NULL,'Ghadah','A-1823898328','Totah_test','03.72.03.02.18','67200','Sehr geehrte Frau','73 rue Descartes','Dr. hc mult'),(116,231,0,'B-1967254367',NULL,'Krosno',NULL,'PL',NULL,'157@test.de',NULL,'Minette','A-1499078016','Patenaude_test','51 375 07 38','38-404','Sehr geehrte Frau','ul. Bema 34','Dr. hc mult'),(117,232,0,'B-1207175280',NULL,'GRENOBLE',NULL,'FR',NULL,'152@test.de',NULL,'Ana','A691452107','Wallen_test','04.28.96.19.30','38100','Sehr geehrte Frau','97 avenue Ferdinand de Lesseps','Dr. hc mult'),(118,233,0,'B92378441',NULL,'IVRY-SUR-SEINE',NULL,'FR',NULL,'141@test.de',NULL,'Karel','A1270521502','Benoit_test','01.27.35.98.81','94200','Sehr geehrter Herr','68 route de Lyon','Dr. hc mult'),(119,234,0,'B-500979099',NULL,'RAMBOUILLET',NULL,'FR',NULL,'165@test.de',NULL,'Zdeněk','A-17362675','Kopeček_test','01.11.43.34.28','78120','Sehr geehrter Herr','81 rue Lenotre','Dr. hc mult'),(120,235,0,'B1007561365',NULL,'Ittenthal',NULL,'CH',NULL,'139@test.de',NULL,'Holly','A-1247764571','Chassé_test','062 235 47 24','5083','Sehr geehrte Frau','Möhe 121','Dr. hc mult'),(121,236,0,'B-468636358',NULL,'Wadern',NULL,'DE',NULL,'167@test.de',NULL,'Ute','A-1750556355','Reinhard_test','06871 75 47 05','66687','Sehr geehrte Frau','Hallesches Ufer 73','Dr. hc mult'),(122,237,0,'B1750581092',NULL,'Diegten',NULL,'CH',NULL,'152@test.de',NULL,'Edna','A350782407','Sampson_test','061 854 76 73','4457','Sehr geehrte Frau','Via Camischolas sura 136','Dr. hc mult'),(123,238,0,'B-772533878',NULL,'Oberhof',NULL,'CH',NULL,'136@test.de',NULL,'Aubrette','A295680391','Gousse_test','071 663 55 73','9502','Sehr geehrte Frau','Clius 123','Dr. hc mult'),(124,239,0,'B267605115',NULL,'BEAUVAIS',NULL,'FR',NULL,'160@test.de',NULL,'Patty','A1071272039','Phillips_test','03.96.09.49.76','60000','Sehr geehrte Frau','68 rue Jean Vilar','Dr. hc mult'),(125,240,0,'B1993398359',NULL,'ÉTAMPES',NULL,'FR',NULL,'154@test.de',NULL,'Richard','A-1253444559','Harris_test','01.32.90.60.73','91150','Sehr geehrter Herr','42 Rue du Palais','Dr. hc mult'),(126,241,0,'B-1720749673',NULL,'München',NULL,'DE',NULL,'167@test.de',NULL,'Shadiyah','A-174421249','Toma_test','089 09 83 37','81701','Sehr geehrte Frau','Lange Strasse 61','Dr. hc mult'),(127,242,0,'B-2117985439',NULL,'CARCASSONNE',NULL,'FR',NULL,'140@test.de',NULL,'Jeffrey','A-1747037407','Barrier_test','04.17.16.99.82','11000','Sehr geehrter Herr','99 Rue Marie De Médicis','Dr. hc mult'),(128,243,0,'B-996535356',NULL,'Bruchmühle',NULL,'DE',NULL,'141@test.de',NULL,'Evgeny','A1527610435','Hrdý_test','05226 86 26 15','15370','Sehr geehrter Herr','Bleibtreustrasse 89','Dr. hc mult'),(129,244,0,'B91657620',NULL,'Poznań',NULL,'PL',NULL,'150@test.de',NULL,'Randy','A850604450','Duncan_test','69 557 30 49','60-104','Sehr geehrter Herr','ul. Hallera Józefa 24','Dr. hc mult'),(130,245,0,'B-1660506897',NULL,'SAVIGNY-LE-TEMPLE',NULL,'FR',NULL,'142@test.de',NULL,'Eisa','A-502726266','Issa_test','01.30.14.06.47','77176','Sehr geehrter Herr','38 rue du Président Roosevelt','Dr. hc mult'),(131,246,0,'B346209985',NULL,'Staßfurt',NULL,'DE',NULL,'148@test.de',NULL,'Pavel','A-27586969','Dvořáček_test','03925 11 46 50','39403','Sehr geehrter Herr','Ruschestrasse 29','Dr. hc mult'),(132,247,0,'B138152122',NULL,'Marktheidenfeld',NULL,'DE',NULL,'142@test.de',NULL,'Jewel','A-1719168931','David_test','09391 95 59 59','97823','Sehr geehrte Frau','Esplanade 94','Dr. hc mult'),(133,248,0,'B-1119621487',NULL,'Presinge',NULL,'CH',NULL,'157@test.de',NULL,'Ulrike','A53834191','Hoch_test','022 900 91 63','1243','Sehr geehrte Frau','Herrenberg 134','Dr. hc mult'),(134,249,0,'B521874063',NULL,'Junkholz',NULL,'CH',NULL,'144@test.de',NULL,'Borys','A1268076673','Nowak _test','052 914 73 26','8514','Sehr geehrter Herr','Forrenböhlstrasse 12','Dr. hc mult'),(135,250,0,'B268319413',NULL,'Wrocław',NULL,'PL',NULL,'156@test.de',NULL,'Jörg','A1748071530','Rothschild_test','69 628 94 25','53-441','Sehr geehrter Herr','ul. Miedziana 125','Dr. hc mult'),(136,251,0,'B-1047693065',NULL,'SAVIGNY-SUR-ORGE',NULL,'FR',NULL,'144@test.de',NULL,'Lucie','A-438669319','Demeterová_test','01.57.19.35.93','91600','Sehr geehrte Frau','15 rue du Président Roosevelt','Dr. hc mult'),(137,252,0,'B-809663390',NULL,'Białystok',NULL,'PL',NULL,'137@test.de',NULL,'Howard','A-1739347525','Arnold_test','79 531 78 61','15-587','Sehr geehrter Herr','ul. Albatrosa 27','Dr. hc mult'),(138,253,0,'B-2053518804',NULL,'ILLKIRCH-GRAFFENSTADEN',NULL,'FR',NULL,'148@test.de',NULL,'Raja\'','A-231467656','Baba_test','03.06.37.73.19','67400','Sehr geehrte Frau','15 route de Lyon','Dr. hc mult'),(139,254,0,'B458582268',NULL,'CENON',NULL,'FR',NULL,'141@test.de',NULL,'Aubine','A-395742401','Levasseur_test','05.50.84.51.80','33150','Sehr geehrte Frau','83 rue Porte d\'Orange','Dr. hc mult'),(140,255,0,'B1558521324',NULL,'Oberweis',NULL,'DE',NULL,'163@test.de',NULL,'Naděžda','A2147456259','Urbanová_test','06569 01 75 35','54636','Sehr geehrte Frau','Luetzowplatz 54','Dr. hc mult'),(141,256,0,'B375589393',NULL,'Les Enfers',NULL,'CH',NULL,'141@test.de',NULL,'Anouk','A1148190638','Labossière_test','032 716 93 41','2875','Sehr geehrte Frau','Studhaldenstrasse 5','Dr. hc mult'),(142,257,0,'B916279439',NULL,'DRAVEIL',NULL,'FR',NULL,'158@test.de',NULL,'Katrin','A-758002986','Schröder_test','01.65.78.45.84','91210','Sehr geehrte Frau','67 rue Cazade','Dr. hc mult'),(143,258,0,'B-1284579192',NULL,'ORANGE',NULL,'FR',NULL,'146@test.de',NULL,'Burrell','A1742043776','Paré_test','04.79.34.95.78','84100','Sehr geehrter Herr','67 Rue Roussy','Dr. hc mult'),(144,259,0,'B-48729252',NULL,'Grandval',NULL,'CH',NULL,'131@test.de',NULL,'Agramant','A-1567702904','Bossé_test','032 209 89 87','2745','Sehr geehrter Herr','Stradun 1','Dr. hc mult'),(145,260,0,'B645664537',NULL,'Eckfeld',NULL,'DE',NULL,'149@test.de',NULL,'Troy','A1360998322','Abril_test','06572 77 01 83','54531','Sehr geehrter Herr','Luetzowplatz 87','Dr. hc mult'),(146,261,0,'B-1487505897',NULL,'Fürth',NULL,'DE',NULL,'154@test.de',NULL,'Václav','A1098121325','Doležal_test','0911 84 70 40','90768','Sehr geehrter Herr','Rathausstrasse 48','Dr. hc mult'),(147,262,0,'B-938088448',NULL,'San Bernardino',NULL,'CH',NULL,'149@test.de',NULL,'Sophie','A-655906871','Bosch_test','091 917 28 88','6565','Sehr geehrte Frau','Binzmühlestrasse 96','Dr. hc mult'),(148,263,0,'B-1807360546',NULL,'Alikon',NULL,'CH',NULL,'147@test.de',NULL,'Rajih','A-924173509','Awad_test','062 531 33 72','5643','Sehr geehrter Herr','Postfach 76','Dr. hc mult'),(149,264,0,'B-725378580',NULL,'MARSEILLE',NULL,'FR',NULL,'159@test.de',NULL,'Susanne','A-1311506410','Luft_test','04.30.39.82.02','13004','Sehr geehrte Frau','17 rue Beauvau','Dr. hc mult'),(150,265,0,'B24593716',NULL,'Kleindietwil',NULL,'CH',NULL,'156@test.de',NULL,'Irfan','A-1810291729','Said_test','062 878 79 22','4936','Sehr geehrter Herr','Seefeldstrasse 40','Dr. hc mult'),(151,266,0,'B919943229',NULL,'Wolsen',NULL,'CH',NULL,'148@test.de',NULL,'Seweryna','A995099452','Adamska_test','044 624 25 80','8912','Sehr geehrte Frau','Schulstrasse 73','Dr. hc mult'),(152,267,0,'B1980219742',NULL,'Olsztyn',NULL,'PL',NULL,'143@test.de',NULL,'Christine','A159557105','Lange_test','53 292 46 51','10-211','Sehr geehrte Frau','ul. Fałata Juliana 66','Dr. hc mult'),(153,268,0,'B-1745055121',NULL,'Warszawa',NULL,'PL',NULL,'152@test.de',NULL,'Mathias','A-539703825','Krueger_test','67 885 35 89','03-756','Sehr geehrter Herr','ul. Siedlecka 10','Dr. hc mult'),(154,269,0,'B1312540909',NULL,'Sosnowiec',NULL,'PL',NULL,'142@test.de',NULL,'Leah','A-1583818378','Bohm_test','51 551 67 86','41-219','Sehr geehrte Frau','ul. Chełmońskiego Józefa 58','Dr. hc mult'),(155,270,0,'B945262288',NULL,'Unterhaching',NULL,'DE',NULL,'151@test.de',NULL,'John','A-1720333314','McCarthy_test','089 28 33 39','82003','Sehr geehrter Herr','Lange Strasse 16','Dr. hc mult'),(156,271,0,'B-372674660',NULL,'München',NULL,'DE',NULL,'157@test.de',NULL,'Mercer','A2039765541','Pomerleau_test','089 62 42 24','80738','Sehr geehrter Herr','Rhinstrasse 41','Dr. hc mult'),(157,272,0,'B1354300537',NULL,'Aawangen',NULL,'CH',NULL,'155@test.de',NULL,'Muzzammil','A1487731090','Nader_test','052 908 66 42','8522','Sehr geehrter Herr','Kappelergasse 61','Dr. hc mult'),(158,273,0,'B527043419',NULL,'LEVALLOIS-PERRET',NULL,'FR',NULL,'159@test.de',NULL,'Kuba','A-1106844676','Tomaszewski_test','01.76.74.15.40','92300','Sehr geehrter Herr','49 rue du Paillle en queue','Dr. hc mult'),(159,274,0,'B559419515',NULL,'Praden',NULL,'CH',NULL,'157@test.de',NULL,'Jeremy','A-1709321033','Stephens_test','081 373 16 25','7063','Sehr geehrter Herr','Avenue d\'Ouchy 62','Dr. hc mult'),(160,275,0,'B-1590126933',NULL,'Marktredwitz',NULL,'DE',NULL,'135@test.de',NULL,'Ernie','A436230773','Bell_test','09231 98 60 04','95610','Sehr geehrter Herr','Fontenay 61','Dr. hc mult'),(161,276,0,'B-1143078313',NULL,'Kraków',NULL,'PL',NULL,'164@test.de',NULL,'Torsten','A1821170460','Pfeiffer_test','51 584 54 41','31-573','Sehr geehrter Herr','ul. Sierpowa 97','Dr. hc mult'),(162,277,0,'B-1612487636',NULL,'Lichtenfels',NULL,'DE',NULL,'154@test.de',NULL,'Yarah','A-866476572','Attia_test','06454 95 51 51','96205','Sehr geehrte Frau','Budapester Straße 72','Dr. hc mult'),(163,278,0,'B1263303604',NULL,'Wrocław',NULL,'PL',NULL,'156@test.de',NULL,'Janie','A2026893334','Richard_test','67 716 62 81','50-430','Sehr geehrte Frau','ul. Brzeska 107','Dr. hc mult'),(164,279,0,'B-1140000908',NULL,'Szydłowo',NULL,'PL',NULL,'168@test.de',NULL,'Vincent','A1596117794','Roman_test','78 324 67 51','06-516','Sehr geehrter Herr','ul. Szydłowo koło Mławy 120','Dr. hc mult'),(165,280,0,'B1018089291',NULL,'VÉNISSIEUX',NULL,'FR',NULL,'160@test.de',NULL,'Matthias','A-2042026262','Scholz_test','04.63.11.54.15','69200','Sehr geehrter Herr','45 boulevard d\'Alsace','Dr. hc mult'),(166,281,0,'B-828303583',NULL,'Kolbermoor',NULL,'DE',NULL,'142@test.de',NULL,'Jarosława','A1935475055','Duda_test','08031 35 38 99','83059','Sehr geehrte Frau','Gubener Str. 24','Dr. hc mult'),(167,282,0,'B-1808585947',NULL,'München',NULL,'DE',NULL,'133@test.de',NULL,'Agramant','A936209739','Douffet_test','089 42 34 74','81671','Sehr geehrter Herr','Rosenstrasse 22','Dr. hc mult'),(168,283,0,'B799042609',NULL,'Produit',NULL,'CH',NULL,'162@test.de',NULL,'Korneli','A-3593580','Wysocki_test','027 321 68 25','1912','Sehr geehrter Herr','Herrenberg 147','Dr. hc mult'),(169,284,0,'B-1167574520',NULL,'DZAOUDZI',NULL,'FR',NULL,'136@test.de',NULL,'Afaf','A-622011871','Ghanem_test','02.96.30.93.08','97610','Sehr geehrte Frau','9 Avenue Millies Lacroix','Dr. hc mult'),(170,285,0,'B1748386448',NULL,'ÉPINAY-SUR-SEINE',NULL,'FR',NULL,'145@test.de',NULL,'Marie','A-2111880888','Dokoupilová_test','01.72.00.31.38','93800','Sehr geehrte Frau','36 Rue du Palais','Dr. hc mult'),(171,286,0,'B-1473320914',NULL,'LUNEL',NULL,'FR',NULL,'159@test.de',NULL,'Libuše','A-1498766197','Schneiderová_test','04.02.24.43.42','34400','Sehr geehrte Frau','77 Rue Hubert de Lisle','Dr. hc mult'),(172,287,0,'B-32424206',NULL,'Düsseldorf Oberkassel',NULL,'DE',NULL,'149@test.de',NULL,'Geraldine','A1504289236','Norton_test','0211 46 78 10','40547','Sehr geehrte Frau','Park Str. 30','Dr. hc mult'),(173,288,0,'B79118136',NULL,'Brugg',NULL,'CH',NULL,'150@test.de',NULL,'Bolek','A2064582439','Tomaszewski_test','044 211 49 54','8740','Sehr geehrter Herr','Üerklisweg 125','Dr. hc mult'),(174,289,0,'B-1406067230',NULL,'Engelthal',NULL,'DE',NULL,'158@test.de',NULL,'Khaleel','A377221369','Shamon_test','09158 12 68 42','91238','Sehr geehrter Herr','Luebeckertordamm 11','Dr. hc mult'),(175,290,0,'B853183842',NULL,'Będzin',NULL,'PL',NULL,'140@test.de',NULL,'Dominik','A1759351696','Heřman_test','60 648 62 74','42-500','Sehr geehrter Herr','ul. Skośna 98','Dr. hc mult'),(176,291,0,'B-1511469029',NULL,'Dagmersellen',NULL,'CH',NULL,'151@test.de',NULL,'Idris','A1677624593','Naser_test','041 271 64 89','6252','Sehr geehrter Herr','Dreibündenstrasse 140','Dr. hc mult'),(177,292,0,'B-1852552202',NULL,'Warszawa',NULL,'PL',NULL,'143@test.de',NULL,'Leokadia','A341752360','Czerwinska_test','67 268 16 80','02-497','Sehr geehrte Frau','ul. Prystora Aleksandra 138','Dr. hc mult'),(178,293,0,'B-1124759530',NULL,'Lausanne',NULL,'CH',NULL,'164@test.de',NULL,'Wifaq','A644136307','Maroun_test','021 811 49 52','1014','Sehr geehrte Frau','Kopfhölzistrasse 132','Dr. hc mult'),(179,294,0,'B696154373',NULL,'Bytom',NULL,'PL',NULL,'152@test.de',NULL,'Wafeeqa','A2144569878','Asghar_test','79 208 52 76','41-908','Sehr geehrte Frau','ul. Księdza Frenzla Jana 42','Dr. hc mult'),(180,295,0,'B-1736405788',NULL,'Vahlde',NULL,'DE',NULL,'150@test.de',NULL,'Royale','A-618206180','Desjardins_test','04265 05 64 34','27389','Sehr geehrte Frau','Karl-Liebknecht-Strasse 13','Dr. hc mult'),(181,296,0,'B1850562645',NULL,'München',NULL,'DE',NULL,'162@test.de',NULL,'Ubaab','A1310125458','Maloof_test','089 34 25 64','81247','Sehr geehrte Frau','Rhinstrasse 29','Dr. hc mult'),(182,297,0,'B-773134787',NULL,'Warszawa',NULL,'PL',NULL,'131@test.de',NULL,'Anna','A-1560365686','Bartošová_test','69 495 92 70','04-757','Sehr geehrte Frau','ul. Wisienki 2','Dr. hc mult'),(183,298,0,'B-1701720171',NULL,'Korfantów',NULL,'PL',NULL,'147@test.de',NULL,'Farah','A-60823969','Morcos_test','53 129 62 84','48-317','Sehr geehrte Frau','ul. Wyzwolenia 49','Dr. hc mult'),(184,299,0,'B1386165720',NULL,'Leipzig',NULL,'DE',NULL,'174@test.de',NULL,'William','A175049451','White_test','0341 92 82 16','4207','Sehr geehrter Herr','Prenzlauer Allee 16','Dr. hc mult'),(185,300,0,'B-322383401',NULL,'Rzeszów',NULL,'PL',NULL,'157@test.de',NULL,'Szczeosny','A-1890808167','Jabłoński_test','78 992 34 03','35-322','Sehr geehrter Herr','ul. Górna 67','Dr. hc mult'),(186,301,0,'B-719891972',NULL,'Frutigen',NULL,'CH',NULL,'152@test.de',NULL,'Marie','A-1966136713','Komrsková_test','031 974 18 56','3714','Sehr geehrte Frau','Im Sandbüel 88','Dr. hc mult'),(187,302,0,'B-768504258',NULL,'RUEIL-MALMAISON',NULL,'FR',NULL,'151@test.de',NULL,'Iwona','A1670767024','Nowakowska_test','01.21.86.80.80','92500','Sehr geehrte Frau','47 rue de l\'Epeule','Dr. hc mult'),(188,303,0,'B-402098858',NULL,'Westfehmarn',NULL,'DE',NULL,'148@test.de',NULL,'Millard','A1533153817','Garnier_test','04372 24 15 56','23770','Sehr geehrter Herr','Schönwalder Allee 57','Dr. hc mult'),(189,304,0,'B-313829898',NULL,'ARGENTEUIL',NULL,'FR',NULL,'146@test.de',NULL,'Asma\'','A709398964','Quraishi_test','01.96.81.12.24','95100','Sehr geehrte Frau','3 Avenue De Marlioz','Dr. hc mult'),(190,305,0,'B1317148685',NULL,'Bydgoszcz',NULL,'PL',NULL,'157@test.de',NULL,'Pierre','A-428150700','Morel_test','53 293 78 74','85-436','Sehr geehrter Herr','ul. Uklejowa 110','Dr. hc mult'),(191,306,0,'B779578724',NULL,'Zielona Góra',NULL,'PL',NULL,'163@test.de',NULL,'Verney','A56585426','Morin_test','60 616 73 38','65-012','Sehr geehrter Herr','ul. Kocha Roberta 34','Dr. hc mult'),(192,307,0,'B1878574611',NULL,'Auerstedt',NULL,'DE',NULL,'147@test.de',NULL,'Paul','A-1673027740','Cole_test','036461 47 17','99518','Sehr geehrter Herr','Koenigstrasse 63','Dr. hc mult'),(193,308,0,'B-1538638690',NULL,'Kielce',NULL,'PL',NULL,'150@test.de',NULL,'Róbert','A1549801246','Dobeš_test','78 344 80 41','25-386','Sehr geehrter Herr','ul. Seminaryjska 147','Dr. hc mult'),(194,309,0,'B-1325955394',NULL,'Uetzikon',NULL,'CH',NULL,'160@test.de',NULL,'Stephanie','A-639981917','McArthur_test','052 867 75 72','8634','Sehr geehrte Frau','Via Vigizzi 61','Dr. hc mult'),(195,310,0,'B-1311075555',NULL,'Zuchwil',NULL,'CH',NULL,'436@test.de',NULL,'Tomáš','A-345826158','Šťastný_test','032 734 13 54','4528','Sehr geehrter Herr','Strickstrasse 64','Dr. hc mult'),(196,311,0,'B-976770666',NULL,'GENNEVILLIERS',NULL,'FR',NULL,'165@test.de',NULL,'Rafah','A-1045512658','Shamon_test','01.41.63.80.31','92230','Sehr geehrte Frau','68 rue Saint Germain','Dr. hc mult'),(197,312,0,'B1662317233',NULL,'CHÂLONS-EN-CHAMPAGNE',NULL,'FR',NULL,'141@test.de',NULL,'James','A1308401494','Calderon_test','03.19.03.90.48','51000','Sehr geehrter Herr','17 boulevard Albin Durand','Dr. hc mult'),(198,313,0,'B889719920',NULL,'MAUBEUGE',NULL,'FR',NULL,'148@test.de',NULL,'Rhonda','A-1453002552','Brooks_test','03.74.79.03.88','59600','Sehr geehrte Frau','15 Quai des Belges','Dr. hc mult'),(199,314,0,'B1023677876',NULL,'Untersiggenthal',NULL,'CH',NULL,'135@test.de',NULL,'Constance','A2131437121','Descoteaux_test','056 851 45 83','5417','Sehr geehrte Frau','Via Verbano 9','Dr. hc mult'),(200,315,0,'B2116693691',NULL,'Jaworzno',NULL,'PL',NULL,'170@test.de',NULL,'Wazir','A-1054312450','Safar_test','53 977 61 72','43-608','Sehr geehrter Herr','ul. Anczyca Władysława 83','Dr. hc mult'),(201,316,0,'B962536578',NULL,'Lyski',NULL,'PL',NULL,'160@test.de',NULL,'Rumaythah','A1120292767','Nahas_test','79 925 77 99','44-295','Sehr geehrte Frau','ul. Rybnicka 63','Dr. hc mult'),(202,317,0,'B1885120025',NULL,'Thônex',NULL,'CH',NULL,'148@test.de',NULL,'Eliška','A-768493942','Obstová_test','022 324 23 26','1226','Sehr geehrte Frau','Lungolago 86','Dr. hc mult'),(203,318,0,'B1556172328',NULL,'Misery',NULL,'CH',NULL,'144@test.de',NULL,'Marie','A-1648399308','Cartier_test','026 366 15 56','1721','Sehr geehrte Frau','In Stierwisen 113','Dr. hc mult'),(204,319,0,'B-959461327',NULL,'CHAUMONT',NULL,'FR',NULL,'158@test.de',NULL,'Millicent','A93582588','Quinn_test','03.82.57.22.99','52000','Sehr geehrte Frau','36 rue Ernest Renan','Dr. hc mult'),(205,320,0,'B1022736474',NULL,'VILLENEUVE-SAINT-GEORGES',NULL,'FR',NULL,'152@test.de',NULL,'Karin','A1981957761','Muench_test','01.26.06.12.73','94190','Sehr geehrte Frau','33 place de Miremont','Dr. hc mult'),(206,321,0,'B-1061511741',NULL,'Katowice',NULL,'PL',NULL,'154@test.de',NULL,'Lucie','A420988054','Nývltová_test','67 587 80 52','40-084','Sehr geehrte Frau','ul. Opolska 114','Dr. hc mult'),(207,322,0,'B-1006765398',NULL,'Rauhenebrach',NULL,'DE',NULL,'153@test.de',NULL,'Lou','A782539333','Miller_test','09529 95 31 09','96181','Sehr geehrte Frau','Luebecker Strasse 92','Dr. hc mult'),(208,323,0,'B592671484',NULL,'Olsztyn',NULL,'PL',NULL,'147@test.de',NULL,'Kazim','A-409064328','Halabi_test','78 685 51 50','10-691','Sehr geehrter Herr','ul. Herdera Johana Gottfrieda 90','Dr. hc mult'),(209,324,0,'B-467101449',NULL,'Eltmann',NULL,'DE',NULL,'157@test.de',NULL,'Radovan','A-1267269562','Kolář_test','09549 06 95 33','97480','Sehr geehrter Herr','Borstelmannsweg 86','Dr. hc mult'),(210,325,0,'B1934661899',NULL,'TOULOUSE',NULL,'FR',NULL,'153@test.de',NULL,'Jaroslav','A-1012464388','Odehnal_test','05.37.06.36.81','31500','Sehr geehrter Herr','22 quai Saint-Nicolas','Dr. hc mult'),(211,326,0,'B-588238557',NULL,'Fankhaus',NULL,'CH',NULL,'169@test.de',NULL,'Oliwia','A1970426448','Zając_test','035 864 93 96','3556','Sehr geehrte Frau','Quadra 77','Dr. hc mult'),(212,327,0,'B-1615123213',NULL,'Wrocław',NULL,'PL',NULL,'167@test.de',NULL,'Simone','A-2024331933','Traugott_test','67 518 25 62','51-430','Sehr geehrte Frau','ul. Kościerzyńska 120','Dr. hc mult'),(213,328,0,'B649285640',NULL,'Roos',NULL,'CH',NULL,'141@test.de',NULL,'Loring','A-1645687939','Ailleboust_test','055 649 44 10','8832','Sehr geehrter Herr','Neubertbogen 16','Dr. hc mult'),(214,329,0,'B1244067746',NULL,'Bulle',NULL,'CH',NULL,'158@test.de',NULL,'Jesus','A67192752','Thomas_test','026 895 56 99','1630','Sehr geehrter Herr','Gerbiweg 91','Dr. hc mult'),(215,330,0,'B1474306475',NULL,'Eigenacher',NULL,'CH',NULL,'131@test.de',NULL,'Aurélie','A-164468553','Brasseur_test','032 602 72 12','3250','Sehr geehrte Frau','Casa Posrclas 92','Dr. hc mult'),(216,331,0,'B503298883',NULL,'Bad Blankenburg',NULL,'DE',NULL,'160@test.de',NULL,'Sati','A1576978132','Morcos_test','036739 50 66','7419','Sehr geehrter Herr','Oldesloer Strasse 98','Dr. hc mult'),(217,332,0,'B137261234',NULL,'Klingenthal',NULL,'DE',NULL,'164@test.de',NULL,'Rachelle','A-1551872645','Rhéaume_test','037465 34 66','8248','Sehr geehrte Frau','Reeperbahn 46','Dr. hc mult'),(218,333,0,'B-1563590193',NULL,'Eschikon',NULL,'CH',NULL,'471@test.de',NULL,'Zdeňka','A-19686646','Žáčková_test','044 319 52 85','8315','Sehr geehrte Frau','Fortunastrasse 15','Dr. hc mult'),(219,334,0,'B1094035731',NULL,'Basel',NULL,'CH',NULL,'148@test.de',NULL,'Martin','A-704958241','Goldschmidt_test','061 659 19 61','4019','Sehr geehrter Herr','Breitenstrasse 13','Dr. hc mult'),(220,335,0,'B-648625942',NULL,'Maischhausen',NULL,'CH',NULL,'156@test.de',NULL,'Bogusława','A-513066876','Zając_test','044 935 69 95','8357','Sehr geehrte Frau','Auerstrasse 75','Dr. hc mult'),(221,336,0,'B-967585266',NULL,'Altdöbern',NULL,'DE',NULL,'149@test.de',NULL,'Bursuq','A1005393621','Srour_test','035434 78 41','3229','Sehr geehrter Herr','Amsinckstrasse 58','Dr. hc mult'),(222,337,0,'B178284268',NULL,'Rybnik',NULL,'PL',NULL,'138@test.de',NULL,'Baha\'','A-1192086457','Hajjar_test','53 919 46 17','44-200','Sehr geehrter Herr','ul. Drzymały Stanisława 58','Dr. hc mult'),(223,338,0,'B-206195876',NULL,'Hagestel',NULL,'CH',NULL,'136@test.de',NULL,'Gretchen','A-1762207311','Aponte_test','052 531 94 92','8523','Sehr geehrte Frau','Brucknerweg 44','Dr. hc mult'),(224,339,0,'B389621053',NULL,'Düsseldorf Volmerswerth',NULL,'DE',NULL,'162@test.de',NULL,'Lukáš','A-1666526382','Vlach_test','0211 80 11 14','40221','Sehr geehrter Herr','Park Str. 70','Dr. hc mult'),(225,340,0,'B614439336',NULL,'Maselheim',NULL,'DE',NULL,'156@test.de',NULL,'Michael','A-2125051928','Osterhagen_test','07351 04 47 24','88437','Sehr geehrter Herr','An der Schillingbrucke 55','Dr. hc mult'),(226,341,0,'B2118028261',NULL,'Białystok',NULL,'PL',NULL,'143@test.de',NULL,'Mario','A-1470568443','Bachmeier_test','67 410 87 82','15-213','Sehr geehrter Herr','ul. Mickiewicza Adama 36','Dr. hc mult'),(227,342,0,'B790195774',NULL,'Herrenhof',NULL,'CH',NULL,'158@test.de',NULL,'Nouel','A-968238566','Patel_test','052 964 11 18','8585','Sehr geehrter Herr','Rasenstrasse 132','Dr. hc mult'),(228,343,0,'B1130351202',NULL,'Alt Madlitz',NULL,'DE',NULL,'144@test.de',NULL,'Lotye','A868458945','Desroches_test','033635 66 47','15518','Sehr geehrte Frau','Schmarjestrasse 66','Dr. hc mult'),(229,344,0,'B907548162',NULL,'Bienenbüttel',NULL,'DE',NULL,'142@test.de',NULL,'Lucy','A1709917521','Burton_test','04137 86 39 43','29553','Sehr geehrte Frau','Inge Beisheim Platz 39','Dr. hc mult'),(230,345,0,'B-351589956',NULL,'Trimmis',NULL,'CH',NULL,'153@test.de',NULL,'Maslin','A-1701694773','Laboissonnière_test','081 889 52 42','7203','Sehr geehrter Herr','Via Franscini 78','Dr. hc mult'),(231,346,0,'B-1234613342',NULL,'LA SEYNE-SUR-MER',NULL,'FR',NULL,'162@test.de',NULL,'Natalie','A-1297453685','Théberge_test','04.98.11.37.80','83500','Sehr geehrte Frau','1 rue du Clair Bocage','Dr. hc mult'),(232,347,0,'B1630573527',NULL,'Robenhausen',NULL,'CH',NULL,'149@test.de',NULL,'Taima\'','A-491622283','Antar_test','052 298 47 21','8620','Sehr geehrte Frau','Neubertbogen 51','Dr. hc mult'),(233,348,0,'B-1790547697',NULL,'Grüt',NULL,'CH',NULL,'161@test.de',NULL,'Shawq','A-249136011','Naser_test','052 641 49 79','8624','Sehr geehrte Frau','Sondanella 54','Dr. hc mult'),(234,349,0,'B-892027897',NULL,'Bonn',NULL,'DE',NULL,'149@test.de',NULL,'Husain','A549900671','Maalouf_test','0228 50 01 20','53119','Sehr geehrter Herr','Straße der Pariser Kommune 63','Dr. hc mult'),(235,350,0,'B482726952',NULL,'Dallgow',NULL,'DE',NULL,'132@test.de',NULL,'Allan','A-1967447943','Cruz_test','033201 47 52','14624','Sehr geehrter Herr','Schmarjestrasse 4','Dr. hc mult'),(236,351,0,'B-766133015',NULL,'Poznań',NULL,'PL',NULL,'139@test.de',NULL,'Gemma','A705392314','Dubé_test','51 679 81 00','61-663','Sehr geehrte Frau','ul. Na Stoku 134','Dr. hc mult'),(237,352,0,'B833225400',NULL,'BIARRITZ',NULL,'FR',NULL,'156@test.de',NULL,'John','A-2081146886','Rutter_test','05.74.07.12.29','64200','Sehr geehrter Herr','58 rue Marie de Médicis','Dr. hc mult'),(238,353,0,'B-621068432',NULL,'Degermoos',NULL,'CH',NULL,'152@test.de',NULL,'Ania','A-1208489490','Wieczorek_test','056 848 85 13','5426','Sehr geehrte Frau','Dreibündenstrasse 24','Dr. hc mult'),(239,354,0,'B-762820190',NULL,'Chalais',NULL,'CH',NULL,'145@test.de',NULL,'Eugene','A1383754974','Limon_test','027 473 33 84','3966','Sehr geehrter Herr','Werkstrasse 27','Dr. hc mult'),(240,355,0,'B-277250242',NULL,'Schwedt',NULL,'DE',NULL,'160@test.de',NULL,'Manuela','A-2049024259','Sanger_test','03332 52 75 81','16285','Sehr geehrte Frau','Landhausstraße 66','Dr. hc mult'),(241,356,0,'B-1187976358',NULL,'SENS',NULL,'FR',NULL,'151@test.de',NULL,'Dobromił','A-164658100','Sawicki_test','03.80.19.27.74','89100','Sehr geehrter Herr','61 avenue de Bouvines','Dr. hc mult'),(242,357,0,'B28295220',NULL,'Łódź',NULL,'PL',NULL,'157@test.de',NULL,'Patrick','A1915077447','Maier_test','78 576 11 30','92-010','Sehr geehrter Herr','ul. Lawinowa 62','Dr. hc mult'),(243,358,0,'B400890263',NULL,'Warszawa',NULL,'PL',NULL,'136@test.de',NULL,'Avice','A-145135946','Garnier_test','78 125 77 49','04-863','Sehr geehrte Frau','ul. Wągrowiecka 84','Dr. hc mult'),(244,359,0,'B-715126452',NULL,'MARSEILLE',NULL,'FR',NULL,'704@test.de',NULL,'Šárka','A1036015440','Štěpková_test','04.85.09.82.86','13010','Sehr geehrte Frau','23 cours Franklin Roosevelt','Dr. hc mult'),(245,360,0,'B729734726',NULL,'Engelberg',NULL,'CH',NULL,'151@test.de',NULL,'Dominika','A2082939929','Sedláčková_test','041 270 82 42','6390','Sehr geehrte Frau','Wingertweg 75','Dr. hc mult'),(246,361,0,'B1831286949',NULL,'Kraków',NULL,'PL',NULL,'157@test.de',NULL,'Josef','A-77263200','Seidler_test','66 739 85 38','30-864','Sehr geehrter Herr','ul. Szastera Jana 141','Dr. hc mult'),(247,362,0,'B897195969',NULL,'VOIRON',NULL,'FR',NULL,'147@test.de',NULL,'Gaetane','A1791719555','Lachapelle_test','04.71.53.07.62','38500','Sehr geehrte Frau','38 Rue Bonnet','Dr. hc mult'),(248,363,0,'B366593247',NULL,'SAINT-MÉDARD-EN-JALLES',NULL,'FR',NULL,'154@test.de',NULL,'Muzzammil','A-1759702550','Maloof_test','05.91.66.21.22','33160','Sehr geehrter Herr','27 rue des Dunes','Dr. hc mult'),(249,364,0,'B1410151488',NULL,'Durchhausen',NULL,'DE',NULL,'142@test.de',NULL,'Cezar','A-1491299115','Kucharski_test','07464 43 21 03','78591','Sehr geehrter Herr','Eichendorffstr. 66','Dr. hc mult'),(250,365,0,'B-639975512',NULL,'Kissenbrück',NULL,'DE',NULL,'151@test.de',NULL,'Marceli','A1948565360','Jasiński_test','05337 08 01 05','38324','Sehr geehrter Herr','Pohlstrasse 90','Dr. hc mult'),(251,366,0,'B1047705743',NULL,'Toruń',NULL,'PL',NULL,'160@test.de',NULL,'Maryam','A325136330','Safar_test','66 775 59 51','87-116','Sehr geehrte Frau','ul. Łyskowskiego 139','Dr. hc mult'),(252,367,0,'B-1320686185',NULL,'Düsseldorf Garath',NULL,'DE',NULL,'154@test.de',NULL,'Socorro','A-181285467','Galli_test','0211 08 92 81','40595','Sehr geehrte Frau','Friedrichstrasse 52','Dr. hc mult'),(253,368,0,'B-1083335167',NULL,'TOULOUSE',NULL,'FR',NULL,'170@test.de',NULL,'Waseem','A2146378551','Shamoun_test','05.39.08.22.68','31500','Sehr geehrter Herr','85 quai Saint-Nicolas','Dr. hc mult'),(254,369,0,'B-1238431944',NULL,'Le Villaret',NULL,'CH',NULL,'170@test.de',NULL,'Wacław','A-1071221741','Sokołowski_test','026 782 91 39','1634','Sehr geehrter Herr','Im Wingert 57','Dr. hc mult'),(255,370,0,'B-1423203420',NULL,'Lungern',NULL,'CH',NULL,'149@test.de',NULL,'A\'mal','A348133780','Toma_test','041 747 19 92','6078','Sehr geehrte Frau','Obere Haltenstrasse 110','Dr. hc mult'),(256,371,0,'B-626165913',NULL,'Vermol',NULL,'CH',NULL,'160@test.de',NULL,'Miyaz','A-1135362433','Seif_test','055 302 81 38','8886','Sehr geehrter Herr','Via Gabbietta 93','Dr. hc mult'),(257,372,0,'B1060744885',NULL,'Ennetbühl',NULL,'CH',NULL,'149@test.de',NULL,'Steffen','A-1352331334','Baumgartner_test','071 907 34 41','9651','Sehr geehrter Herr','Wingertweg 82','Dr. hc mult'),(258,373,0,'B-1961022751',NULL,'PARIS',NULL,'FR',NULL,'413@test.de',NULL,'Eva','A-1746178486','Říhová_test','01.68.39.56.62','75010','Sehr geehrte Frau','66 Place de la Madeleine','Dr. hc mult'),(259,374,0,'B1317058134',NULL,'Collonge',NULL,'CH',NULL,'142@test.de',NULL,'Mahasin','A-418795794','Aswad_test','022 248 24 22','1245','Sehr geehrte Frau','Loorenstrasse 10','Dr. hc mult'),(260,375,0,'B-1920580329',NULL,'Lohn',NULL,'CH',NULL,'144@test.de',NULL,'Halah','A543428121','Hajjar_test','081 365 31 97','7433','Sehr geehrte Frau','Betburweg 64','Dr. hc mult'),(261,376,0,'B930690686',NULL,'Gdańsk',NULL,'PL',NULL,'160@test.de',NULL,'Mirosława','A-473644259','Szczepańska_test','79 631 27 10','80-680','Sehr geehrte Frau','ul. Jachtowa 47','Dr. hc mult'),(262,377,0,'B-1430860219',NULL,'Christinenthal',NULL,'DE',NULL,'149@test.de',NULL,'Susanne','A-526902344','Bellefeuille_test','04892 71 52 11','25593','Sehr geehrte Frau','Kastanienallee 2','Dr. hc mult'),(263,378,0,'B-2094113232',NULL,'Ogens',NULL,'CH',NULL,'146@test.de',NULL,'Jessika','A1988317545','Hofmann_test','021 446 71 27','1045','Sehr geehrte Frau','Jakobstrasse 147','Dr. hc mult'),(264,379,0,'B-371282237',NULL,'VANVES',NULL,'FR',NULL,'141@test.de',NULL,'Kristie','A1620274235','Bryant_test','01.37.47.56.49','92170','Sehr geehrte Frau','8 boulevard d\'Alsace','Dr. hc mult'),(265,380,0,'B-1081512721',NULL,'Züberwangen',NULL,'CH',NULL,'157@test.de',NULL,'Robert','A665850596','Kaiser_test','071 569 73 39','9523','Sehr geehrter Herr','Strickstrasse 117','Dr. hc mult'),(266,381,0,'B-1499493477',NULL,'Alberswil',NULL,'CH',NULL,'148@test.de',NULL,'Pensee','A-1936707994','Despins_test','041 443 60 81','6248','Sehr geehrte Frau','Postfach 66','Dr. hc mult'),(267,382,0,'B-235867280',NULL,'CERGY',NULL,'FR',NULL,'153@test.de',NULL,'Felicjan','A-1936631910','Sokołowski_test','01.12.54.26.50','95800','Sehr geehrter Herr','43 boulevard Albin Durand','Dr. hc mult'),(268,383,0,'B-1603970981',NULL,'Szczecin',NULL,'PL',NULL,'171@test.de',NULL,'Tobias','A1423388494','Weiss_test','51 965 82 61','70-360','Sehr geehrter Herr','ul. Pocztowa 20','Dr. hc mult'),(269,384,0,'B399436689',NULL,'DEUIL-LA-BARRE',NULL,'FR',NULL,'154@test.de',NULL,'Ghadir','A-1435265580','Shamon_test','01.55.82.19.27','95170','Sehr geehrte Frau','54 Cours Marechal-Joffre','Dr. hc mult'),(270,385,0,'B2044047915',NULL,'Kraków',NULL,'PL',NULL,'154@test.de',NULL,'Max','A-1924315841','Mauer_test','53 508 44 73','30-321','Sehr geehrter Herr','ul. Do Groty 92','Dr. hc mult'),(271,386,0,'B-62137462',NULL,'St. Gallen',NULL,'CH',NULL,'132@test.de',NULL,'Agramant','A-1823004261','Carrière_test','071 293 63 10','9010','Sehr geehrter Herr','Via Pestariso 45','Dr. hc mult'),(272,387,0,'B1970362401',NULL,'Szczecin',NULL,'PL',NULL,'154@test.de',NULL,'Namo','A-1682832160','Lemaître_test','79 218 92 94','70-831','Sehr geehrter Herr','ul. Drukarska 114','Dr. hc mult'),(273,388,0,'B347895905',NULL,'Gdańsk',NULL,'PL',NULL,'149@test.de',NULL,'Jadwiga','A-1908668293','Król_test','79 687 13 54','80-831','Sehr geehrte Frau','ul. Lektykarska 140','Dr. hc mult'),(274,389,0,'B-1570482989',NULL,'Brzeg',NULL,'PL',NULL,'157@test.de',NULL,'Marie','A758260885','Paulet_test','72 381 42 02','49-305','Sehr geehrte Frau','ul. Brzechwy 35','Dr. hc mult'),(275,390,0,'B-1423803485',NULL,'MONTGERON',NULL,'FR',NULL,'158@test.de',NULL,'Sabrina','A-577868408','Kohler_test','01.58.11.33.67','91230','Sehr geehrte Frau','35 Rue de Verdun','Dr. hc mult'),(276,391,0,'B121023789',NULL,'Trittau',NULL,'DE',NULL,'152@test.de',NULL,'Karlotta','A691155492','Moreau_test','04154 10 71 14','22942','Sehr geehrte Frau','Gruenauer Strasse 24','Dr. hc mult'),(277,392,0,'B-419913648',NULL,'Łódź',NULL,'PL',NULL,'150@test.de',NULL,'Julie','A-1394359898','Lopez_test','66 921 01 40','93-423','Sehr geehrte Frau','ul. Magdaleny 43','Dr. hc mult'),(278,393,0,'B-1596413819',NULL,'Aetingen',NULL,'CH',NULL,'160@test.de',NULL,'Peter','A2119990938','Pfeifer_test','032 688 15 96','4587','Sehr geehrter Herr','Kappelergasse 28','Dr. hc mult'),(279,394,0,'B-74646762',NULL,'POINTE-À-PITRE',NULL,'FR',NULL,'154@test.de',NULL,'Leon','A2087142404','Neudorf_test','05.99.05.12.37','97110','Sehr geehrter Herr','15 rue de la Boétie','Dr. hc mult'),(280,395,0,'B-1868364308',NULL,'Gravesano',NULL,'CH',NULL,'163@test.de',NULL,'Leon','A1917281391','Wexler_test','091 875 56 49','6929','Sehr geehrter Herr','Stradun 72','Dr. hc mult'),(281,396,0,'B397156802',NULL,'Duisburg',NULL,'DE',NULL,'164@test.de',NULL,'Macie','A-397789464','Watson_test','0203 20 72 76','47058','Sehr geehrte Frau','Jenaer Strasse 25','Dr. hc mult'),(282,397,0,'B1955902151',NULL,'Gdańsk',NULL,'PL',NULL,'147@test.de',NULL,'Hubab','A1773620200','Kassis_test','66 437 92 00','80-114','Sehr geehrte Frau','ul. Ogińskiego Michała 17','Dr. hc mult'),(283,398,0,'B-2020420109',NULL,'Garching',NULL,'DE',NULL,'158@test.de',NULL,'Steffen','A1434686641','Klein_test','08623 82 18 34','84518','Sehr geehrter Herr','Kieler Strasse 64','Dr. hc mult'),(284,399,0,'B1469896349',NULL,'Kriesbaumen',NULL,'CH',NULL,'155@test.de',NULL,'Sandra','A-237891140','Herzog_test','031 651 40 96','3157','Sehr geehrte Frau','Kronwiesenweg 107','Dr. hc mult'),(285,400,0,'B-1488771312',NULL,'NANTES',NULL,'FR',NULL,'157@test.de',NULL,'Michaela','A-2023255782','Puldová_test','02.47.84.23.68','44100','Sehr geehrte Frau','57 place Stanislas','Dr. hc mult'),(286,401,0,'B-1252440015',NULL,'Tarczyn',NULL,'PL',NULL,'154@test.de',NULL,'Riham','A1339012090','Hakimi_test','78 525 14 06','05-555','Sehr geehrte Frau','ul. Rynek 114','Dr. hc mult'),(287,402,0,'B-743096453',NULL,'Częstochowa',NULL,'PL',NULL,'154@test.de',NULL,'Marie','A-1688245573','McCall_test','69 286 15 24','42-202','Sehr geehrte Frau','ul. Artyleryjska 11','Dr. hc mult'),(288,403,0,'B-761348141',NULL,'Schmitshausen',NULL,'DE',NULL,'144@test.de',NULL,'Juliane','A1326344489','Freytag_test','06375 57 49 41','66484','Sehr geehrte Frau','Hardenbergstraße 46','Dr. hc mult'),(289,404,0,'B-64270074',NULL,'Warszawa',NULL,'PL',NULL,'153@test.de',NULL,'Gauthier','A1435390165','Racine_test','69 919 82 91','02-645','Sehr geehrter Herr','ul. Gandhiego Mahatmy 82','Dr. hc mult'),(290,405,0,'B-610182414',NULL,'Eisenhüttenstadt',NULL,'DE',NULL,'158@test.de',NULL,'Lakesha','A456033712','Ramos_test','03364 59 12 26','15871','Sehr geehrte Frau','Landhausstraße 44','Dr. hc mult'),(291,406,0,'B-42773339',NULL,'Pfaffenried',NULL,'CH',NULL,'180@test.de',NULL,'Zuzana','A45637966','Zapletalová_test','031 534 28 29','3765','Sehr geehrte Frau','Vallerstrasse 50','Dr. hc mult'),(292,407,0,'B1458128118',NULL,'Bern',NULL,'CH',NULL,'148@test.de',NULL,'Abdul-Badi','A-12790920','Salib_test','031 759 52 93','3010','Sehr geehrter Herr','Erlenweg 12','Dr. hc mult'),(293,408,0,'B-1235709595',NULL,'Chorzów',NULL,'PL',NULL,'161@test.de',NULL,'Włodzisław','A-1249049862','Jabłoński_test','66 516 82 72','41-500','Sehr geehrter Herr','ul. Kopernika Mikołaja 28','Dr. hc mult'),(294,409,0,'B581474636',NULL,'Asuel',NULL,'CH',NULL,'152@test.de',NULL,'Marie','A439893967','Klimešová_test','032 597 79 71','2954','Sehr geehrte Frau','Gartenhof 76','Dr. hc mult'),(295,410,0,'B573709981',NULL,'Łódź',NULL,'PL',NULL,'143@test.de',NULL,'Cammile','A264642587','Labrosse_test','69 624 72 07','91-458','Sehr geehrte Frau','ul. Stefana 132','Dr. hc mult'),(296,411,0,'B1304744642',NULL,'Eisenach',NULL,'DE',NULL,'165@test.de',NULL,'Uta','A-693501041','Papst_test','03691 20 66 40','99805','Sehr geehrte Frau','Kantstraße 24','Dr. hc mult'),(297,412,0,'B-1952787102',NULL,'Hüswil',NULL,'CH',NULL,'150@test.de',NULL,'Jean','A-1633549013','Lachapelle_test','041 565 63 37','6152','Sehr geehrter Herr','Schuepisstrasse 13','Dr. hc mult'),(298,413,0,'B808934420',NULL,'Niederahr',NULL,'DE',NULL,'156@test.de',NULL,'Eric','A-187324033','Winkel_test','02602 27 47 21','56414','Sehr geehrter Herr','Stuttgarter Platz 81','Dr. hc mult'),(299,414,0,'B-1724750529',NULL,'BÉZIERS',NULL,'FR',NULL,'152@test.de',NULL,'Stephanie','A-1638537256','Eichmann_test','04.67.31.43.31','34500','Sehr geehrte Frau','36 rue Marie de Médicis','Dr. hc mult'),(300,415,0,'B-2071063099',NULL,'VALENCE',NULL,'FR',NULL,'155@test.de',NULL,'Włodzimierz','A-1619486984','Duda_test','04.02.94.66.88','26000','Sehr geehrter Herr','95 avenue de Provence','Dr. hc mult'),(301,416,0,'B135168037',NULL,'Schocherswil',NULL,'CH',NULL,'134@test.de',NULL,'Brier','A-2056037809','D\'Aubigné_test','052 654 87 41','8581','Sehr geehrte Frau','Pfaffacherweg 22','Dr. hc mult'),(302,417,0,'B1468917043',NULL,'Rzeszów',NULL,'PL',NULL,'141@test.de',NULL,'Jan','A-1738081589','Chudárek_test','69 678 81 26','35-205','Sehr geehrter Herr','ul. Wojciechowskiego Stanisława 122','Dr. hc mult'),(303,418,0,'B108941728',NULL,'Nürnberg',NULL,'DE',NULL,'146@test.de',NULL,'Grażyna','A1478176445','Kucharska_test','0911 79 32 29','90402','Sehr geehrte Frau','Kantstrasse 58','Dr. hc mult'),(304,419,0,'B679911653',NULL,'Warszawa',NULL,'PL',NULL,'153@test.de',NULL,'Lillie','A1993229922','Morris_test','53 123 84 60','03-987','Sehr geehrte Frau','ul. Kadetów 82','Dr. hc mult'),(305,420,0,'B1831974219',NULL,'Trunkelsberg',NULL,'DE',NULL,'169@test.de',NULL,'Wajeeh','A-2021880046','Rahal_test','08331 20 40 35','87779','Sehr geehrter Herr','Ufnau Strasse 80','Dr. hc mult'),(306,421,0,'B-569840089',NULL,'Koszalin',NULL,'PL',NULL,'130@test.de',NULL,'Amir','A46372132','Antoun_test','88 467 14 64','75-685','Sehr geehrter Herr','ul. Palmowa 36','Dr. hc mult'),(307,422,0,'B1610145926',NULL,'Montenol',NULL,'CH',NULL,'151@test.de',NULL,'Rose','A617041159','Ennis_test','032 282 44 90','2884','Sehr geehrte Frau','Hauptstrasse 14','Dr. hc mult'),(308,423,0,'B1688462297',NULL,'MONTAUBAN',NULL,'FR',NULL,'163@test.de',NULL,'Patricia','A1665574430','Smith_test','05.87.29.19.08','82000','Sehr geehrte Frau','51 rue Bonneterie','Dr. hc mult'),(309,424,0,'B-244812955',NULL,'Albligen',NULL,'CH',NULL,'142@test.de',NULL,'Anthony','A-878399902','McNair_test','031 518 76 56','3183','Sehr geehrter Herr','Postfach 36','Dr. hc mult'),(310,425,0,'B559515266',NULL,'PONTOISE',NULL,'FR',NULL,'155@test.de',NULL,'Tomáš','A1799900127','Grufík_test','03.77.08.73.14','95300','Sehr geehrter Herr','41 rue de Penthièvre','Dr. hc mult'),(311,426,0,'B955852011',NULL,'Wrocław',NULL,'PL',NULL,'137@test.de',NULL,'Erich','A-1078314632','Dvořák_test','79 126 86 82','50-539','Sehr geehrter Herr','ul. Jabłeczna 35','Dr. hc mult'),(312,427,0,'B1691775403',NULL,'Poznań',NULL,'PL',NULL,'142@test.de',NULL,'Helena','A1372419746','Fialová_test','51 588 96 58','60-189','Sehr geehrte Frau','ul. Bukowska 50','Dr. hc mult'),(313,428,0,'B1358528119',NULL,'Buborn',NULL,'DE',NULL,'152@test.de',NULL,'Ralph','A-286374413','Fuerst_test','06382 74 06 05','67742','Sehr geehrter Herr','Hardenbergstraße 5','Dr. hc mult'),(314,429,0,'B-529907094',NULL,'Szczecin',NULL,'PL',NULL,'130@test.de',NULL,'Ashley','A1731607730','Arnold_test','67 239 24 19','70-776','Sehr geehrter Herr','ul. Poległych 7','Dr. hc mult'),(315,430,0,'B203119230',NULL,'Langnau im Emmental',NULL,'CH',NULL,'143@test.de',NULL,'Musa','A-2023860779','Bitar_test','035 976 84 23','3550','Sehr geehrter Herr','Rosenweg 129','Dr. hc mult'),(316,431,0,'B-1216112836',NULL,'VÉLIZY-VILLACOUBLAY',NULL,'FR',NULL,'150@test.de',NULL,'František','A1749189898','Plecitý_test','01.68.86.05.73','78140','Sehr geehrter Herr','49 boulevard d\'Alsace','Dr. hc mult'),(317,432,0,'B-120710534',NULL,'AMIENS',NULL,'FR',NULL,'137@test.de',NULL,'Felicienne','A-2139915588','Coupart_test','03.21.34.85.54','80090','Sehr geehrte Frau','95 rue de Geneve','Dr. hc mult'),(318,433,0,'B827046168',NULL,'Bissee',NULL,'DE',NULL,'165@test.de',NULL,'Zuzanna','A1290025019','Król_test','04322 43 90 80','24582','Sehr geehrte Frau','Budapester Strasse 14','Dr. hc mult'),(319,434,0,'B-969816031',NULL,'Lohheide',NULL,'DE',NULL,'170@test.de',NULL,'Simone','A1249987431','Weisz_test','05051 01 16 15','29303','Sehr geehrte Frau','Luckenwalder Strasse 34','Dr. hc mult'),(320,435,0,'B-1557446208',NULL,'BESANÇON',NULL,'FR',NULL,'149@test.de',NULL,'Aws','A1737038738','Tuma_test','03.89.38.19.96','25000','Sehr geehrter Herr','7 rue Jean Vilar','Dr. hc mult'),(321,436,0,'B310285786',NULL,'Etiez',NULL,'CH',NULL,'155@test.de',NULL,'Yvonne','A69217656','Baumgartner_test','027 504 83 80','1941','Sehr geehrte Frau','Quadra 146','Dr. hc mult'),(322,437,0,'B-540912807',NULL,'Ebernhahn',NULL,'DE',NULL,'157@test.de',NULL,'Klaudia','A1199880825','Rutkowska_test','02623 97 69 39','56424','Sehr geehrte Frau','Storkower Strasse 48','Dr. hc mult'),(323,438,0,'B-2004913556',NULL,'Churwalden',NULL,'CH',NULL,'166@test.de',NULL,'Luiza','A1346107259','Zając_test','081 911 27 77','7075','Sehr geehrte Frau','Loorenstrasse 149','Dr. hc mult'),(324,439,0,'B192165182',NULL,'Warszawa/Wesoła',NULL,'PL',NULL,'151@test.de',NULL,'Rabab','A-1461386723','Essa_test','51 985 29 89','05-075','Sehr geehrte Frau','ul. Cicha 75','Dr. hc mult'),(325,440,0,'B1618322424',NULL,'Lublin',NULL,'PL',NULL,'160@test.de',NULL,'Théodore','A-1344524506','Lamarre_test','66 695 63 91','20-535','Sehr geehrter Herr','ul. Jana Pawła II 98','Dr. hc mult'),(326,441,0,'B156199440',NULL,'RIS-ORANGIS',NULL,'FR',NULL,'152@test.de',NULL,'Vlasta','A1132622673','Bojková_test','01.96.47.86.60','91130','Sehr geehrte Frau','20 rue Gustave Eiffel','Dr. hc mult'),(327,442,0,'B1940299305',NULL,'Görlitz',NULL,'DE',NULL,'166@test.de',NULL,'Robert','A389769186','Thomas_test','03581 94 07 46','2807','Sehr geehrter Herr','Lietzensee-Ufer 64','Dr. hc mult'),(328,443,0,'B-300379375',NULL,'Kraków',NULL,'PL',NULL,'146@test.de',NULL,'Krzysztof','A482807473','Grabowski_test','67 467 46 29','31-572','Sehr geehrter Herr','ul. Dąbska 60','Dr. hc mult'),(329,444,0,'B674531241',NULL,'Möckmühl',NULL,'DE',NULL,'146@test.de',NULL,'Boris','A454526346','Pendergast_test','06298 65 29 03','74219','Sehr geehrter Herr','Grosse Praesidenten Str. 15','Dr. hc mult'),(330,445,0,'B-858803022',NULL,'SIX-FOURS-LES-PLAGES',NULL,'FR',NULL,'159@test.de',NULL,'Ludmila','A431316746','Surovcová_test','04.98.44.80.41','83140','Sehr geehrte Frau','51 avenue Jules Ferry','Dr. hc mult'),(331,446,0,'B1341465302',NULL,'Łódź',NULL,'PL',NULL,'149@test.de',NULL,'Sarah','A1367140209','Berg_test','51 728 85 58','90-312','Sehr geehrte Frau','Pl. Zwycięstwa 26','Dr. hc mult'),(332,447,0,'B1433186409',NULL,'Celle',NULL,'DE',NULL,'147@test.de',NULL,'Eric','A-1821686279','Nunez_test','05141 33 51 34','29229','Sehr geehrter Herr','Luckenwalder Strasse 21','Dr. hc mult'),(333,448,0,'B1610747317',NULL,'MEUDON',NULL,'FR',NULL,'172@test.de',NULL,'Radek','A1693106089','Zajac_test','01.33.97.25.98','92190','Sehr geehrter Herr','32 Rue St Ferréol','Dr. hc mult'),(334,449,0,'B-855046200',NULL,'VAULX-EN-VELIN',NULL,'FR',NULL,'152@test.de',NULL,'Arkadiusz','A636645073','Wiśniewski_test','04.23.79.25.20','69120','Sehr geehrter Herr','88 boulevard d\'Alsace','Dr. hc mult'),(335,450,0,'B318278950',NULL,'VILLIERS-SUR-MARNE',NULL,'FR',NULL,'152@test.de',NULL,'Mariusz','A1909398146','Kowalski_test','01.10.72.40.49','94350','Sehr geehrter Herr','3 rue Marguerite','Dr. hc mult'),(336,451,0,'B-612746037',NULL,'St Märgen',NULL,'DE',NULL,'145@test.de',NULL,'Lukas','A-2115335230','Eichel_test','07669 68 26 66','79274','Sehr geehrter Herr','Schönhauser Allee 61','Dr. hc mult'),(337,452,0,'B-191998119',NULL,'AJACCIO',NULL,'FR',NULL,'150@test.de',NULL,'Thabit','A-381855151','Bitar_test','04.41.89.97.42','20000','Sehr geehrter Herr','85 Chemin des Bateliers','Dr. hc mult'),(338,453,0,'B381772657',NULL,'BÉZIERS',NULL,'FR',NULL,'157@test.de',NULL,'Radomił','A-1011367626','Kaczmarek_test','04.14.23.40.76','34500','Sehr geehrter Herr','20 rue Marie de Médicis','Dr. hc mult'),(339,454,0,'B-1786506880',NULL,'Oberiberg',NULL,'CH',NULL,'162@test.de',NULL,'Krzysztof','A-1196807310','Wieczorek_test','055 742 78 34','8843','Sehr geehrter Herr','Damunt 11','Dr. hc mult'),(340,455,0,'B2112469133',NULL,'Wrocław',NULL,'PL',NULL,'162@test.de',NULL,'Roslyn','A1755439998','Petit_test','53 483 99 67','51-170','Sehr geehrter Herr','ul. Torfowa 81','Dr. hc mult'),(341,456,0,'B1112896709',NULL,'CHATOU',NULL,'FR',NULL,'137@test.de',NULL,'Athir','A2040804495','Haik_test','01.80.38.60.34','78400','Sehr geehrter Herr','97 rue du Gue Jacquet','Dr. hc mult'),(342,457,0,'B-1271311907',NULL,'Lublin',NULL,'PL',NULL,'149@test.de',NULL,'Anna','A32991917','Tylšarová_test','88 535 62 29','20-860','Sehr geehrte Frau','ul. Paderewskiego Ignacego Jana 83','Dr. hc mult'),(343,458,0,'B1217547902',NULL,'St. Gallen',NULL,'CH',NULL,'157@test.de',NULL,'Rasul','A238094113','Koury_test','071 223 94 89','9022','Sehr geehrter Herr','Via Pestariso 149','Dr. hc mult'),(344,459,0,'B-1875625125',NULL,'Warszawa',NULL,'PL',NULL,'147@test.de',NULL,'Lutfiyah','A-99532604','Gaber_test','60 672 96 28','00-172','Sehr geehrte Frau','ul. Dzika 137','Dr. hc mult'),(345,460,0,'B-842346593',NULL,'BRIVE-LA-GAILLARDE',NULL,'FR',NULL,'157@test.de',NULL,'Jiří','A854201398','Schneider_test','05.00.44.88.29','19100','Sehr geehrter Herr','56 rue Grande Fusterie','Dr. hc mult'),(346,461,0,'B-651979309',NULL,'Wrocław',NULL,'PL',NULL,'158@test.de',NULL,'Vincent','A1027788303','Hoover_test','79 924 33 02','50-344','Sehr geehrter Herr','ul. Sopocka 78','Dr. hc mult'),(347,462,0,'B1521278832',NULL,'Beniwil',NULL,'CH',NULL,'139@test.de',NULL,'Christine','A527280501','Hoch_test','026 891 26 38','1715','Sehr geehrte Frau','Erlenweg 96','Dr. hc mult'),(348,463,0,'B249006773',NULL,'FRANCONVILLE-LA-GARENNE',NULL,'FR',NULL,'146@test.de',NULL,'Harris','A596895693','Jones_test','01.34.27.99.95','95130','Sehr geehrter Herr','13 rue Isambard','Dr. hc mult'),(349,464,0,'B-594057857',NULL,'Rechthalten',NULL,'CH',NULL,'428@test.de',NULL,'Lukáš','A1953774175','Šrámek_test','026 461 70 20','1718','Sehr geehrter Herr','Plattenstrasse 87','Dr. hc mult'),(350,465,0,'B460597548',NULL,'Lublin',NULL,'PL',NULL,'165@test.de',NULL,'Zofia','A903382294','Kozłowska_test','53 929 80 55','20-406','Sehr geehrte Frau','ul. Gazowa 111','Dr. hc mult'),(351,466,0,'B-1966883113',NULL,'MAMOUDZOU',NULL,'FR',NULL,'150@test.de',NULL,'Lesława','A622492119','Jabłońska_test','02.19.02.97.96','97600','Sehr geehrte Frau','57 Rue de la Pompe','Dr. hc mult'),(352,467,0,'B1938194542',NULL,'Gdynia',NULL,'PL',NULL,'142@test.de',NULL,'Lisa','A596925945','Bland_test','72 616 60 39','81-549','Sehr geehrte Frau','ul. Leśna 79','Dr. hc mult'),(353,468,0,'B-780873103',NULL,'Warszawa',NULL,'PL',NULL,'143@test.de',NULL,'Bruce','A854919139','Morgan_test','69 487 01 75','02-661','Sehr geehrter Herr','ul. Stwosza Wita 119','Dr. hc mult'),(354,469,0,'B-1633645739',NULL,'VILLEPINTE',NULL,'FR',NULL,'157@test.de',NULL,'Ra\'idah','A-1521035036','Koury_test','01.70.14.90.08','93420','Sehr geehrte Frau','31 place de Miremont','Dr. hc mult'),(355,470,0,'B-660702998',NULL,'FORBACH',NULL,'FR',NULL,'155@test.de',NULL,'Zdenek','A1921693620','Avare_test','03.36.11.88.16','57600','Sehr geehrter Herr','5 Boulevard de Normandie','Dr. hc mult'),(356,471,0,'B1871692079',NULL,'LIBOURNE',NULL,'FR',NULL,'167@test.de',NULL,'Will','A-350361016','Plain_test','05.57.40.54.82','33500','Sehr geehrter Herr','4 rue du Paillle en queue','Dr. hc mult'),(357,472,0,'B326052726',NULL,'Tangermünde',NULL,'DE',NULL,'165@test.de',NULL,'Pavel','A-601968157','Uhlíř_test','039322 75 95','39586','Sehr geehrter Herr','Feldstrasse 75','Dr. hc mult'),(358,473,0,'B1881890769',NULL,'Attisholz',NULL,'CH',NULL,'162@test.de',NULL,'Krystyn','A1309985405','Wiśniewski_test','032 464 35 72','4533','Sehr geehrter Herr','Gartenhof 90','Dr. hc mult'),(359,474,0,'B1582378516',NULL,'Isselbach',NULL,'DE',NULL,'143@test.de',NULL,'Landers','A1803810557','Cliche_test','06439 10 91 73','65558','Sehr geehrter Herr','Hollander Strasse 94','Dr. hc mult'),(360,475,0,'B-1628126478',NULL,'GRASSE',NULL,'FR',NULL,'136@test.de',NULL,'Ganelon','A585999842','Archambault_test','04.28.84.06.08','6130','Sehr geehrter Herr','13 avenue Ferdinand de Lesseps','Dr. hc mult'),(361,476,0,'B-661149437',NULL,'TOULOUSE',NULL,'FR',NULL,'156@test.de',NULL,'Nikifor','A1162348097','Nowicki_test','05.77.83.69.71','31500','Sehr geehrter Herr','12 quai Saint-Nicolas','Dr. hc mult'),(362,477,0,'B-1785373515',NULL,'Heustreu',NULL,'DE',NULL,'154@test.de',NULL,'Gary','A-60576952','Stern_test','09773 92 83 83','97618','Sehr geehrter Herr','Paul-Nevermann-Platz 30','Dr. hc mult'),(363,478,0,'B-513841805',NULL,'Neuenweg',NULL,'DE',NULL,'169@test.de',NULL,'Vladimir','A-937775961','Skopal_test','07673 91 21 66','79691','Sehr geehrter Herr','Schönhauser Allee 60','Dr. hc mult'),(364,479,0,'B1542136711',NULL,'Derendingen',NULL,'CH',NULL,'150@test.de',NULL,'Krzysztof','A1315249296','Kowalski_test','032 579 93 94','4551','Sehr geehrter Herr','Via Camischolas sura 88','Dr. hc mult'),(365,480,0,'B1668424064',NULL,'Gdynia',NULL,'PL',NULL,'133@test.de',NULL,'Christina','A-1422573532','Bergman_test','60 383 53 43','81-603','Sehr geehrte Frau','ul. Kamrowskiego Jana 109','Dr. hc mult'),(366,481,0,'B1963821355',NULL,'Schönefeld',NULL,'DE',NULL,'142@test.de',NULL,'Amjad','A-130333294','Maroun_test','030 05 58 24','12529','Sehr geehrte Frau','Waßmannsdorfer Chaussee 75','Dr. hc mult'),(367,482,0,'B360099675',NULL,'Frauenberg',NULL,'DE',NULL,'142@test.de',NULL,'Aron','A501467948','McCormack_test','06787 22 36 39','82216','Sehr geehrter Herr','Meininger Strasse 18','Dr. hc mult'),(368,483,0,'B1472352018',NULL,'Lublin',NULL,'PL',NULL,'156@test.de',NULL,'Tomáš','A-1325368000','Holub_test','72 304 36 80','20-810','Sehr geehrter Herr','ul. Sempołowskiej Stefanii 14','Dr. hc mult'),(369,484,0,'B564614089',NULL,'Beetzendorf',NULL,'DE',NULL,'161@test.de',NULL,'Vlastislav','A-1653150600','Krejčí_test','039000 57 42','38487','Sehr geehrter Herr','An der Alster 2','Dr. hc mult'),(370,485,0,'B1400556527',NULL,'Wöllstein',NULL,'DE',NULL,'65353@test.de',NULL,'Jan','A-200108790','﻿Horák_test','06703 09 84 03','55597','Sehr geehrter Herr','Guentzelstrasse 55','Dr. hc mult'),(371,486,0,'B501946321',NULL,'Dielkirchen',NULL,'DE',NULL,'155@test.de',NULL,'David','A2114809609','Weiss_test','06361 06 64 80','67811','Sehr geehrter Herr','Anhalter Strasse 68','Dr. hc mult'),(372,487,0,'B-2090371445',NULL,'Aalen Unterkochen',NULL,'DE',NULL,'152@test.de',NULL,'Ladislav','A-852338044','Lerch_test','07361 44 53 84','73432','Sehr geehrter Herr','An der Schillingbrucke 48','Dr. hc mult'),(373,488,0,'B-1580858959',NULL,'PARIS',NULL,'FR',NULL,'161@test.de',NULL,'Janet','A-871309717','Wilkins_test','01.73.89.24.56','75020','Sehr geehrte Frau','42 Faubourg Saint Honoré','Dr. hc mult'),(374,489,0,'B-1682388523',NULL,'PARIS',NULL,'FR',NULL,'131@test.de',NULL,'Bayard','A-1679356090','Adler_test','01.57.88.58.21','75003','Sehr geehrter Herr','76 rue Nationale','Dr. hc mult'),(375,490,0,'B-1772132079',NULL,'Bannwil',NULL,'CH',NULL,'137@test.de',NULL,'Gerald','A-1741644994','Braden_test','062 308 51 48','4913','Sehr geehrter Herr','Wiesenstrasse 31','Dr. hc mult'),(376,491,0,'B520214076',NULL,'Ruda Śląska',NULL,'PL',NULL,'152@test.de',NULL,'Marie','A-1916339436','Kirsch_test','66 380 38 73','41-711','Sehr geehrte Frau','ul. Grottgera Artura 82','Dr. hc mult'),(377,492,0,'B-2061706629',NULL,'Büschikon',NULL,'CH',NULL,'140@test.de',NULL,'Kazimiera','A307966962','Adamska_test','056 430 54 17','5522','Sehr geehrte Frau','Lichtmattstrasse 140','Dr. hc mult'),(378,493,0,'B-2078141375',NULL,'BORDEAUX',NULL,'FR',NULL,'162@test.de',NULL,'Raymond','A-2051769283','Pipes_test','05.75.61.01.94','33800','Sehr geehrter Herr','93 cours Jean Jaures','Dr. hc mult'),(379,494,0,'B1313029641',NULL,'BELFORT',NULL,'FR',NULL,'155@test.de',NULL,'Manar','A971900369','Naser_test','03.53.91.76.65','90000','Sehr geehrte Frau','25 rue Jean Vilar','Dr. hc mult'),(380,495,0,'B2103528519',NULL,'Grengiols',NULL,'CH',NULL,'150@test.de',NULL,'Klaus','A1831942727','Kuester_test','027 624 18 45','3993','Sehr geehrter Herr','Stradun 131','Dr. hc mult'),(381,496,0,'B1777808735',NULL,'Bern',NULL,'CH',NULL,'131@test.de',NULL,'Alice','A-967873982','Bériault_test','031 621 18 90','3015','Sehr geehrte Frau','Erlenweg 133','Dr. hc mult'),(382,497,0,'B1891739565',NULL,'AUCH',NULL,'FR',NULL,'156@test.de',NULL,'Radek','A1793023692','Janeček_test','05.61.07.51.80','32000','Sehr geehrter Herr','22 rue Sadi Carnot','Dr. hc mult'),(383,498,0,'B-300882725',NULL,'PLAISIR',NULL,'FR',NULL,'144@test.de',NULL,'Demi','A866645067','Laux_test','01.36.50.89.45','78370','Sehr geehrte Frau','14 rue de la Boétie','Dr. hc mult'),(384,499,0,'B624508702',NULL,'Olsztyn',NULL,'PL',NULL,'140@test.de',NULL,'Amadeusz','A946010270','Król_test','53 260 60 95','10-941','Sehr geehrter Herr','ul. Zientary Malewskiej Marii 40','Dr. hc mult'),(385,500,0,'B1237752843',NULL,'SAINT-CLOUD',NULL,'FR',NULL,'138@test.de',NULL,'Fortun','A1202946647','D\'Aoust_test','01.65.29.97.53','92210','Sehr geehrter Herr','49 rue des Nations Unies','Dr. hc mult'),(386,501,0,'B566606375',NULL,'VILLENAVE-D\'ORNON',NULL,'FR',NULL,'143@test.de',NULL,'Catherine','A1079242033','Labbé_test','05.66.69.31.14','33140','Sehr geehrte Frau','34 Place Charles de Gaulle','Dr. hc mult'),(387,502,0,'B-260763297',NULL,'Othmarsingen',NULL,'CH',NULL,'162@test.de',NULL,'Thabit','A-1561647047','Naifeh_test','056 550 26 38','5504','Sehr geehrter Herr','Valéestrasse 101','Dr. hc mult'),(388,503,0,'B2137117705',NULL,'Łódź',NULL,'PL',NULL,'157@test.de',NULL,'Franziska','A1561533498','Walter_test','66 740 41 43','90-640','Sehr geehrte Frau','ul. Struga Andrzeja 19','Dr. hc mult'),(389,504,0,'B-301783777',NULL,'Lublin',NULL,'PL',NULL,'133@test.de',NULL,'Arridano','A114636144','de Launay_test','51 446 95 76','20-064','Sehr geehrter Herr','ul. Prusa Bolesława 56','Dr. hc mult'),(390,505,0,'B1460525520',NULL,'Ponte Capriasca',NULL,'CH',NULL,'151@test.de',NULL,'Dorota','A-111437421','Sokołowski_test','091 237 71 11','6946','Sehr geehrter Herr','Avenue d\'Ouchy 26','Dr. hc mult'),(391,506,0,'B-1261805666',NULL,'MEAUX',NULL,'FR',NULL,'155@test.de',NULL,'Marcelina','A1666767788','Nowakowska_test','01.35.12.33.24','77100','Sehr geehrte Frau','6 Quai des Belges','Dr. hc mult'),(392,507,0,'B781809059',NULL,'Białystok',NULL,'PL',NULL,'143@test.de',NULL,'Miroslav','A227746145','Bařina_test','69 445 86 61','15-630','Sehr geehrter Herr','ul. Pajewska 141','Dr. hc mult'),(393,508,0,'B-305357136',NULL,'Dörrenbach',NULL,'DE',NULL,'161@test.de',NULL,'Tina','A-1094239856','Medley_test','06343 74 86 61','76889','Sehr geehrte Frau','Brandenburgische Strasse 12','Dr. hc mult'),(394,509,0,'B317610846',NULL,'Wrocław',NULL,'PL',NULL,'155@test.de',NULL,'Odelette','A2137729656','Lamarre_test','51 177 89 26','53-660','Sehr geehrte Frau','ul. Sokolnicza 53','Dr. hc mult'),(395,510,0,'B-208492968',NULL,'Soulce',NULL,'CH',NULL,'145@test.de',NULL,'Leah','A-282866246','Eichmann_test','032 570 58 35','2864','Sehr geehrte Frau','Via Altisio 29','Dr. hc mult'),(396,511,0,'B-2105496995',NULL,'Lublin',NULL,'PL',NULL,'145@test.de',NULL,'Jodie','A-426362115','Gress_test','69 946 12 34','20-442','Sehr geehrte Frau','ul. Szymonowica Szymona 150','Dr. hc mult'),(397,512,0,'B496404678',NULL,'Gdańsk',NULL,'PL',NULL,'162@test.de',NULL,'Ondřej','A1800574463','Sikora_test','88 316 95 83','80-306','Sehr geehrter Herr','ul. Kurzyńskiego Ignacego 4','Dr. hc mult'),(398,513,0,'B260249754',NULL,'Radom',NULL,'PL',NULL,'149@test.de',NULL,'Andrzej','A-1351916724','Tomaszewski_test','79 520 12 55','26-610','Sehr geehrter Herr','ul. Beliny Prażmowskiego 15','Dr. hc mult'),(399,514,0,'B-1999103617',NULL,'Wrocław',NULL,'PL',NULL,'161@test.de',NULL,'Mathias','A1215454970','Trommler_test','66 274 12 01','54-609','Sehr geehrter Herr','ul. Szarskiego Kazimierza Witalisa 110','Dr. hc mult'),(400,515,0,'B885668602',NULL,'Wrocław',NULL,'PL',NULL,'172@test.de',NULL,'Zelda','A764150556','Robinson_test','72 489 05 75','54-153','Sehr geehrte Frau','ul. Celtycka 126','Dr. hc mult'),(401,516,0,'B2036916189',NULL,'Gdynia',NULL,'PL',NULL,'150@test.de',NULL,'Ralf','A-1760688184','Drechsler_test','60 106 78 47','81-353','Sehr geehrter Herr','ul. Władysława IV 126','Dr. hc mult'),(402,517,0,'B1261141731',NULL,'CONCARNEAU',NULL,'FR',NULL,'146@test.de',NULL,'Eleanor','A-79807263','McKinney_test','02.16.98.58.49','29900','Sehr geehrte Frau','50 rue Victor Hugo','Dr. hc mult'),(403,518,0,'B1537227962',NULL,'Bad Ragaz',NULL,'CH',NULL,'169@test.de',NULL,'Virginia','A-1657291252','Smith_test','081 642 63 33','7310','Sehr geehrte Frau','Zürichstrasse 34','Dr. hc mult'),(404,519,0,'B-992368367',NULL,'Wrocław',NULL,'PL',NULL,'143@test.de',NULL,'Michal','A812694385','Březina_test','60 292 79 24','54-403','Sehr geehrter Herr','ul. Holenderska 57','Dr. hc mult'),(405,520,0,'B1501542248',NULL,'NOISY-LE-GRAND',NULL,'FR',NULL,'143@test.de',NULL,'Eugeniusz','A-95586759','Jabłoński_test','01.67.35.52.04','93160','Sehr geehrter Herr','80 boulevard de Prague','Dr. hc mult'),(406,521,0,'B-905318998',NULL,'München',NULL,'DE',NULL,'141@test.de',NULL,'Kristin','A-1534939670','Bohm_test','089 84 64 81','81203','Sehr geehrte Frau','Rhinstrasse 12','Dr. hc mult'),(407,522,0,'B618309091',NULL,'SOTTEVILLE-LÈS-ROUEN',NULL,'FR',NULL,'154@test.de',NULL,'Sebastian','A928392207','Gersten_test','02.16.77.94.02','76300','Sehr geehrter Herr','46 avenue Jules Ferry','Dr. hc mult'),(408,523,0,'B1397355919',NULL,'MELUN',NULL,'FR',NULL,'142@test.de',NULL,'Mubin','A-902488623','Amari_test','01.58.24.72.50','77000','Sehr geehrter Herr','8 rue Reine Elisabeth','Dr. hc mult'),(409,524,0,'B810787913',NULL,'Lauenburg',NULL,'DE',NULL,'136@test.de',NULL,'Abdul-Wajid','A131823461','Guirguis_test','04153 97 84 42','21470','Sehr geehrter Herr','Gruenauer Strasse 7','Dr. hc mult'),(410,525,0,'B-878680844',NULL,'Wrocław',NULL,'PL',NULL,'151@test.de',NULL,'Paige','A1675166590','Gendron_test','78 631 82 98','50-114','Sehr geehrte Frau','ul. Odrzańska 102','Dr. hc mult'),(411,526,0,'B-76181623',NULL,'Rzeszów',NULL,'PL',NULL,'153@test.de',NULL,'Sarah','A-216260311','Fink_test','53 681 36 15','35-231','Sehr geehrte Frau','ul. Równa 3','Dr. hc mult'),(412,527,0,'B-736708814',NULL,'Remscheid Innen',NULL,'DE',NULL,'140@test.de',NULL,'Eugène','A-1860191048','Goguen_test','02191 38 90 24','42853','Sehr geehrter Herr','Fischerinsel 17','Dr. hc mult'),(413,528,0,'B676656987',NULL,'Tarnowskie Góry',NULL,'PL',NULL,'162@test.de',NULL,'Wisław','A-256973659','Kalinowski_test','67 793 70 40','42-605','Sehr geehrter Herr','ul. Plater Emili 121','Dr. hc mult'),(414,529,0,'B-1125874725',NULL,'Winnert',NULL,'DE',NULL,'143@test.de',NULL,'Matthias','A-1238775397','Bürger_test','04845 31 95 64','25887','Sehr geehrter Herr','An Der Urania 77','Dr. hc mult'),(415,530,0,'B-696108177',NULL,'MARSEILLE',NULL,'FR',NULL,'138@test.de',NULL,'Izz al Din','A-428934909','Awad_test','04.03.16.09.34','13008','Sehr geehrter Herr','32 cours Franklin Roosevelt','Dr. hc mult'),(416,531,0,'B-882802417',NULL,'LE CANNET',NULL,'FR',NULL,'157@test.de',NULL,'Milan','A-1094061118','Pokorný_test','04.16.40.76.25','6110','Sehr geehrter Herr','22 boulevard Aristide Briand','Dr. hc mult'),(417,532,0,'B-1226586135',NULL,'Rohr',NULL,'CH',NULL,'141@test.de',NULL,'Bill','A-603029741','Kemp_test','062 241 41 35','5032','Sehr geehrter Herr','Neubertbogen 91','Dr. hc mult'),(418,533,0,'B543479565',NULL,'BIARRITZ',NULL,'FR',NULL,'153@test.de',NULL,'Madeleine','A-139377759','Lauzier_test','05.13.53.28.43','64200','Sehr geehrte Frau','33 rue Marie de Médicis','Dr. hc mult'),(419,534,0,'B-1449974517',NULL,'TOULON',NULL,'FR',NULL,'151@test.de',NULL,'Kristina','A456396618','Lindnerová_test','04.91.68.64.07','83100','Sehr geehrte Frau','74 rue du Fossé des Tanneurs','Dr. hc mult'),(420,535,0,'B-1911711476',NULL,'ANGLET',NULL,'FR',NULL,'173@test.de',NULL,'Swen','A1939499058','Zweig_test','05.74.45.22.80','64600','Sehr geehrter Herr','50 Chemin Des Bateliers','Dr. hc mult'),(421,536,0,'B-1588670925',NULL,'VÉLIZY-VILLACOUBLAY',NULL,'FR',NULL,'143@test.de',NULL,'Daniel','A-1915444211','Kuster_test','01.60.76.95.73','78140','Sehr geehrter Herr','36 boulevard d\'Alsace','Dr. hc mult'),(422,537,0,'B2136569675',NULL,'Wrocław',NULL,'PL',NULL,'143@test.de',NULL,'Kunegunda','A-355371821','Duda_test','88 160 28 65','54-426','Sehr geehrte Frau','ul. Otyńska 30','Dr. hc mult'),(423,538,0,'B1522402312',NULL,'Autafond',NULL,'CH',NULL,'154@test.de',NULL,'Lucjan','A1070294063','Nowak _test','026 547 67 92','1782','Sehr geehrter Herr','Zürichstrasse 65','Dr. hc mult'),(424,539,0,'B749469287',NULL,'Bern',NULL,'CH',NULL,'139@test.de',NULL,'Elizabeth','A-1847649938','Fiore_test','031 852 45 30','3014','Sehr geehrte Frau','Erlenweg 38','Dr. hc mult'),(425,540,0,'B-1896976',NULL,'Lalden',NULL,'CH',NULL,'148@test.de',NULL,'Geneva','A2026181048','Mackey_test','027 516 63 68','3931','Sehr geehrte Frau','Rosenweg 68','Dr. hc mult'),(426,541,0,'B934934507',NULL,'Wrocław',NULL,'PL',NULL,'134@test.de',NULL,'Doris','A1189918938','Baty_test','88 439 37 13','50-306','Sehr geehrte Frau','ul. Miarki Karola 138','Dr. hc mult'),(427,542,0,'B-1796497724',NULL,'Châtel-St-Denis',NULL,'CH',NULL,'135@test.de',NULL,'Erika','A-122871576','Bennett_test','026 722 38 59','1618','Sehr geehrte Frau','Bergrain 70','Dr. hc mult'),(428,543,0,'B-999178195',NULL,'Kraków',NULL,'PL',NULL,'143@test.de',NULL,'David','A250151296','Kunkel_test','67 962 52 01','30-527','Sehr geehrter Herr','ul. Na Zjeździe 3','Dr. hc mult'),(429,544,0,'B-2108272441',NULL,'ROUEN',NULL,'FR',NULL,'143@test.de',NULL,'Nuhayd','A1193720699','Atiyeh_test','02.81.70.59.12','76000','Sehr geehrter Herr','89 rue de l\'Epeule','Dr. hc mult'),(430,545,0,'B-1531796137',NULL,'Warszawa',NULL,'PL',NULL,'156@test.de',NULL,'Niklas','A1909124161','Neudorf_test','67 851 82 08','02-127','Sehr geehrter Herr','ul. Mołdawska 49','Dr. hc mult'),(431,546,0,'B1683975379',NULL,'Kraków',NULL,'PL',NULL,'148@test.de',NULL,'Izaak','A243020845','Kozłowski_test','51 211 15 78','30-398','Sehr geehrter Herr','ul. Bolesława Śmiałego 96','Dr. hc mult'),(432,547,0,'B-281893949',NULL,'Warszawa',NULL,'PL',NULL,'145@test.de',NULL,'Kathrin','A1120617879','Fuerst_test','60 985 22 90','04-269','Sehr geehrte Frau','ul. Agrarna 63','Dr. hc mult'),(433,548,0,'B-1743359788',NULL,'VILLEPINTE',NULL,'FR',NULL,'148@test.de',NULL,'Noelle','A940813952','Fresne_test','01.51.43.76.78','93420','Sehr geehrte Frau','96 place de Miremont','Dr. hc mult'),(434,549,0,'B-1340927092',NULL,'Zürich',NULL,'CH',NULL,'157@test.de',NULL,'Joel','A-1807014662','Smith_test','043 595 77 41','8022','Sehr geehrter Herr','Strickstrasse 91','Dr. hc mult'),(435,550,0,'B-1633613446',NULL,'Gdynia',NULL,'PL',NULL,'140@test.de',NULL,'Jumaana','A203423419','Ba_test','66 225 09 57','81-316','Sehr geehrte Frau','ul. Urszulanek 59','Dr. hc mult'),(436,551,0,'B1889147745',NULL,'PRIVAS',NULL,'FR',NULL,'156@test.de',NULL,'Roman','A1906308740','Jirásek_test','04.38.32.01.03','7000','Sehr geehrter Herr','51 rue de Penthièvre','Dr. hc mult'),(437,552,0,'B642216746',NULL,'Kappel',NULL,'CH',NULL,'160@test.de',NULL,'Shams al Din','A1278281270','Morcos_test','062 583 94 80','4616','Sehr geehrter Herr','Forrenböhlstrasse 104','Dr. hc mult'),(438,553,0,'B1418722460',NULL,'Gdańsk',NULL,'PL',NULL,'134@test.de',NULL,'Dorene','A-781976873','Busque_test','79 504 74 62','80-156','Sehr geehrte Frau','ul. Księcia Poniatowskiego Józefa 53','Dr. hc mult'),(439,554,0,'B1378973237',NULL,'Zug',NULL,'CH',NULL,'154@test.de',NULL,'Oto','A11997141','Kudrna_test','041 766 34 10','6304','Sehr geehrter Herr','Strickstrasse 26','Dr. hc mult'),(440,555,0,'B203197587',NULL,'Łódź',NULL,'PL',NULL,'137@test.de',NULL,'Frydrych','A-2089524930','Chmielewski_test','88 218 72 90','93-259','Sehr geehrter Herr','ul. Gersona 111','Dr. hc mult'),(441,556,0,'B612004427',NULL,'Rzeszów',NULL,'PL',NULL,'142@test.de',NULL,'Lena','A549515473','Brandt_test','67 645 42 07','35-322','Sehr geehrte Frau','ul. Księżycowa 66','Dr. hc mult'),(442,557,0,'B-101552340',NULL,'Losone',NULL,'CH',NULL,'160@test.de',NULL,'Mieczysława','A-2068553710','Sokołowska_test','091 451 81 93','6616','Sehr geehrte Frau','Betburweg 51','Dr. hc mult'),(443,558,0,'B-575263439',NULL,'Kappel',NULL,'CH',NULL,'156@test.de',NULL,'Wolfgang','A24441278','Eggers_test','062 909 54 40','4616','Sehr geehrter Herr','Forrenböhlstrasse 143','Dr. hc mult'),(444,559,0,'B-1537546570',NULL,'Koszalin',NULL,'PL',NULL,'158@test.de',NULL,'Kuba','A-1572933794','Szczepański_test','51 917 24 35','75-702','Sehr geehrter Herr','ul. Wojska Polskiego 139','Dr. hc mult'),(445,560,0,'B-798533454',NULL,'Bleichenberg',NULL,'CH',NULL,'165@test.de',NULL,'Ramadan','A-2076130360','Safar_test','032 360 14 94','4562','Sehr geehrter Herr','Semperweg 47','Dr. hc mult'),(446,561,0,'B-577876745',NULL,'DIGNE-LES-BAINS',NULL,'FR',NULL,'150@test.de',NULL,'Krystian','A338102725','Kucharski_test','04.58.46.20.65','4000','Sehr geehrter Herr','83 rue des lieutemants Thomazo','Dr. hc mult'),(447,562,0,'B-645659694',NULL,'LA TESTE-DE-BUCH',NULL,'FR',NULL,'153@test.de',NULL,'Barbara','A-1212348864','Wojciechowska_test','05.24.66.99.69','33260','Sehr geehrte Frau','70 rue du Clair Bocage','Dr. hc mult'),(448,563,0,'B1643284865',NULL,'Karlsruhe Wolfartsweier',NULL,'DE',NULL,'148@test.de',NULL,'Abdul-Razzaq','A1065392035','Shamoun_test','0721 66 00 77','76228','Sehr geehrter Herr','Frankfurter Allee 24','Dr. hc mult'),(449,564,0,'B674458441',NULL,'TRAPPES',NULL,'FR',NULL,'162@test.de',NULL,'Rajmund','A1141186647','Piotrowski_test','01.19.16.04.78','78190','Sehr geehrter Herr','69 avenue Jean Portalis','Dr. hc mult'),(450,565,0,'B-358999735',NULL,'ANTONY',NULL,'FR',NULL,'168@test.de',NULL,'Teresa','A241854579','Theobald_test','01.03.72.08.71','92160','Sehr geehrte Frau','64 Avenue De Marlioz','Dr. hc mult'),(451,566,0,'B-1313612497',NULL,'Weinheim',NULL,'DE',NULL,'148@test.de',NULL,'Michał','A-1072925912','Gorski_test','06201 76 15 90','69469','Sehr geehrter Herr','Scharnweberstrasse 2','Dr. hc mult'),(452,567,0,'B-1527547015',NULL,'Giesenhausen',NULL,'DE',NULL,'165@test.de',NULL,'Zygmunt','A-713826704','Król_test','02688 13 70 25','57612','Sehr geehrter Herr','Knesebeckstrasse 98','Dr. hc mult'),(453,568,0,'B34513907',NULL,'Montpreveyres',NULL,'CH',NULL,'152@test.de',NULL,'Didiane','A1854285819','Théberge_test','021 756 38 29','1099','Sehr geehrte Frau','Spinatsch 117','Dr. hc mult'),(454,569,0,'B2135037828',NULL,'Genolier',NULL,'CH',NULL,'137@test.de',NULL,'Elita','A104804478','Dumont_test','022 218 50 93','1272','Sehr geehrte Frau','Glennerstrasse 74','Dr. hc mult'),(455,570,0,'B-1440011119',NULL,'Basel',NULL,'CH',NULL,'149@test.de',NULL,'Cendrillon','A-561701177','Ratté_test','061 711 45 69','4086','Sehr geehrte Frau','Breitenstrasse 19','Dr. hc mult'),(456,571,0,'B-243863429',NULL,'DUNKERQUE',NULL,'FR',NULL,'150@test.de',NULL,'Honore','A-1846843831','Nadeau_test','03.48.00.87.00','59640','Sehr geehrte Frau','64 Avenue Millies Lacroix','Dr. hc mult'),(457,572,0,'B1731320835',NULL,'Viersen Beberich',NULL,'DE',NULL,'142@test.de',NULL,'Czcibor','A1246609656','Kowalski_test','02162 48 04 35','41747','Sehr geehrter Herr','Fischerinsel 23','Dr. hc mult'),(458,573,0,'B-1668236897',NULL,'Kielce',NULL,'PL',NULL,'142@test.de',NULL,'Benjamin','A-656444754','Lavoie_test','69 119 25 81','25-345','Sehr geehrter Herr','ul. Mazurska 87','Dr. hc mult'),(459,574,0,'B155338744',NULL,'DÉCINES-CHARPIEU',NULL,'FR',NULL,'169@test.de',NULL,'Roksana','A371965043','Wieczorek_test','04.46.25.84.06','69150','Sehr geehrte Frau','25 Cours Marechal-Joffre','Dr. hc mult'),(460,575,0,'B-586145738',NULL,'NOGENT-SUR-MARNE',NULL,'FR',NULL,'132@test.de',NULL,'Christophe','A-79556518','Adler_test','01.83.71.88.76','94130','Sehr geehrter Herr','34 boulevard de Prague','Dr. hc mult'),(461,576,0,'B-813185341',NULL,'Wrocław',NULL,'PL',NULL,'152@test.de',NULL,'Petr','A-1917195562','Hubáček_test','60 656 37 20','50-084','Sehr geehrter Herr','ul. Małachowskiego Stanisława 90','Dr. hc mult'),(462,577,0,'B-393847134',NULL,'Vufflens-le-Château',NULL,'CH',NULL,'434@test.de',NULL,'Robert','A-738179920','Šamánek_test','021 284 72 27','1134','Sehr geehrter Herr','Via delle Vigne 71','Dr. hc mult'),(463,578,0,'B1358072470',NULL,'Niederbottigen',NULL,'CH',NULL,'130@test.de',NULL,'Adeela','A-2144671484','Almasi_test','031 598 71 59','3019','Sehr geehrte Frau','Boldistrasse 18','Dr. hc mult'),(464,579,0,'B1074883758',NULL,'Sögel',NULL,'DE',NULL,'150@test.de',NULL,'Katrin','A-1979798288','Koch_test','05952 87 52 45','49751','Sehr geehrte Frau','Rudolstaedter Strasse 54','Dr. hc mult'),(465,580,0,'B2055912431',NULL,'MANTES-LA-JOLIE',NULL,'FR',NULL,'153@test.de',NULL,'Leonie','A-133881120','Mayer_test','01.38.85.25.94','78200','Sehr geehrte Frau','65 Rue de la Pompe','Dr. hc mult'),(466,581,0,'B-1157996245',NULL,'Aschaffenburg',NULL,'DE',NULL,'150@test.de',NULL,'Kardal','A2117073300','Kattan_test','06021 73 12 35','63718','Sehr geehrter Herr','Rudolstaedter Strasse 46','Dr. hc mult'),(467,582,0,'B-1045018799',NULL,'Mainz Marienborn',NULL,'DE',NULL,'161@test.de',NULL,'Merle','A1487755095','Talon_test','06131 04 44 62','55127','Sehr geehrter Herr','Mollstrasse 75','Dr. hc mult'),(468,583,0,'B-1830823749',NULL,'Bytom',NULL,'PL',NULL,'157@test.de',NULL,'Monika','A604847101','Pincová_test','79 973 06 90','41-923','Sehr geehrte Frau','ul. Bławatkowa 135','Dr. hc mult'),(469,584,0,'B1763791415',NULL,'Szczecin',NULL,'PL',NULL,'157@test.de',NULL,'Radomiła','A1212602532','Kowalczyk_test','67 166 79 02','71-499','Sehr geehrte Frau','ul. Macierzanki 25','Dr. hc mult'),(470,585,0,'B656373228',NULL,'LONGJUMEAU',NULL,'FR',NULL,'164@test.de',NULL,'Wahidah','A-1701647793','Maalouf_test','01.50.65.79.48','91160','Sehr geehrte Frau','46 rue Léon Dierx','Dr. hc mult'),(471,586,0,'B-578516155',NULL,'PALAISEAU',NULL,'FR',NULL,'148@test.de',NULL,'Joasia','A388041935','Jaworska_test','01.44.27.78.69','91120','Sehr geehrte Frau','46 Square de la Couronne','Dr. hc mult'),(472,587,0,'B1825492616',NULL,'METZ',NULL,'FR',NULL,'151@test.de',NULL,'Lisa','A1622130072','Kemp_test','03.11.24.10.71','57050','Sehr geehrte Frau','3 Rue St Ferréol','Dr. hc mult'),(473,588,0,'B1803798976',NULL,'Gurbrü',NULL,'CH',NULL,'151@test.de',NULL,'Sherril','A-1285688715','Dillard_test','032 740 22 36','3208','Sehr geehrte Frau','Scheidweg 13','Dr. hc mult'),(474,589,0,'B-1799005654',NULL,'Ponte Capriasca',NULL,'CH',NULL,'157@test.de',NULL,'Jens','A1598082615','Schmidt_test','091 502 76 32','6946','Sehr geehrter Herr','Avenue d\'Ouchy 13','Dr. hc mult'),(475,590,0,'B1150464064',NULL,'Kraków',NULL,'PL',NULL,'155@test.de',NULL,'Patsy','A-1879724593','Kelly_test','51 403 67 68','31-221','Sehr geehrte Frau','ul. Papiernicza 145','Dr. hc mult'),(476,591,0,'B-1891748332',NULL,'Świętochłowice',NULL,'PL',NULL,'130@test.de',NULL,'Abdul-Hayy','A2122879611','Asker_test','88 844 13 35','41-600','Sehr geehrter Herr','ul. Pocztowa 88','Dr. hc mult'),(477,592,0,'B1299465892',NULL,'Sosnowiec',NULL,'PL',NULL,'157@test.de',NULL,'Gabriele','A1710711276','Vogler_test','67 742 70 17','41-217','Sehr geehrte Frau','ul. Krakowska 147','Dr. hc mult'),(478,593,0,'B95539776',NULL,'Basel',NULL,'CH',NULL,'149@test.de',NULL,'Brie','A-1144740982','St-Pierre_test','061 648 44 94','4096','Sehr geehrte Frau','Breitenstrasse 29','Dr. hc mult'),(479,594,0,'B281395013',NULL,'München',NULL,'DE',NULL,'136@test.de',NULL,'Ablah','A237492801','Gaber_test','089 02 48 72','80804','Sehr geehrte Frau','Rhinstrasse 27','Dr. hc mult'),(480,595,0,'B-990585932',NULL,'BEAUNE',NULL,'FR',NULL,'164@test.de',NULL,'Namo','A-10457981','Vadnais_test','03.11.22.13.88','21200','Sehr geehrter Herr','11 Rue du Limas','Dr. hc mult'),(481,596,0,'B1783880557',NULL,'Bydgoszcz',NULL,'PL',NULL,'142@test.de',NULL,'Mahmud','A1411565667','Asker_test','67 664 23 96','85-406','Sehr geehrter Herr','ul. Gogolińska 25','Dr. hc mult'),(482,597,0,'B-1800734694',NULL,'Cresta',NULL,'CH',NULL,'166@test.de',NULL,'Serafina','A-75421721','Sobczak_test','081 963 36 84','7447','Sehr geehrte Frau','Bösch 46','Dr. hc mult'),(483,598,0,'B-939678966',NULL,'Lutherstadt Eisleben',NULL,'DE',NULL,'160@test.de',NULL,'Pavlína','A187406866','Pospíchalová_test','03475 63 27 36','6284','Sehr geehrte Frau','Flotowstr. 2','Dr. hc mult'),(484,599,0,'B586229391',NULL,'Kraków',NULL,'PL',NULL,'147@test.de',NULL,'Lotye','A-276181196','Gauthier_test','53 763 41 12','30-244','Sehr geehrte Frau','ul. Jemiołuszek 129','Dr. hc mult'),(485,600,0,'B-639736930',NULL,'TALENCE',NULL,'FR',NULL,'142@test.de',NULL,'Laetitia','A-1809372295','Boileau_test','05.27.00.41.89','33400','Sehr geehrte Frau','7 rue du Faubourg National','Dr. hc mult'),(486,601,0,'B353163706',NULL,'Brzeg',NULL,'PL',NULL,'162@test.de',NULL,'Wojciecha','A100393170','Kamińska_test','51 868 88 47','49-305','Sehr geehrte Frau','ul. Żeromskiego Stefana 33','Dr. hc mult'),(487,602,0,'B413411961',NULL,'Bielefeld Babenhausen',NULL,'DE',NULL,'151@test.de',NULL,'Stefan','A-1408771661','Dresner_test','0521 18 69 91','33619','Sehr geehrter Herr','Spresstrasse 26','Dr. hc mult'),(488,603,0,'B-450224351',NULL,'Poznań',NULL,'PL',NULL,'148@test.de',NULL,'Jowita','A-117170125','Jaworska_test','67 444 63 32','60-546','Sehr geehrte Frau','ul. Świętego Wawrzyńca 113','Dr. hc mult'),(489,604,0,'B-174641622',NULL,'Zielona Góra',NULL,'PL',NULL,'164@test.de',NULL,'Růžena','A-964052591','Rubášová_test','60 192 08 86','65-128','Sehr geehrte Frau','ul. Błękitna 22','Dr. hc mult'),(490,605,0,'B-83597385',NULL,'Wenningstedt',NULL,'DE',NULL,'148@test.de',NULL,'Dorothy','A-45042635','Pierre_test','04651 56 17 19','25993','Sehr geehrte Frau','Hochstrasse 10','Dr. hc mult'),(491,606,0,'B-685122766',NULL,'LENS',NULL,'FR',NULL,'143@test.de',NULL,'Mateusz','A1924462234','Borkowski_test','03.60.40.34.41','62300','Sehr geehrter Herr','24 rue du Général Ailleret','Dr. hc mult'),(492,607,0,'B922404280',NULL,'Warszawa',NULL,'PL',NULL,'144@test.de',NULL,'Lothair','A-2067773494','Dupuy_test','88 915 32 72','00-811','Sehr geehrter Herr','ul. Towarowa 8','Dr. hc mult'),(493,608,0,'B774928379',NULL,'Krickenbach',NULL,'DE',NULL,'169@test.de',NULL,'Ubaidah','A-1720148398','Totah_test','06307 42 05 96','67706','Sehr geehrter Herr','Grosse Praesidenten Str. 71','Dr. hc mult'),(494,609,0,'B-573983815',NULL,'Düsseldorf Flehe',NULL,'DE',NULL,'168@test.de',NULL,'Vlasta','A22024410','Rudolfová_test','0211 63 59 77','40589','Sehr geehrte Frau','Friedrichstrasse 23','Dr. hc mult'),(495,610,0,'B509252616',NULL,'Stuttgart West',NULL,'DE',NULL,'155@test.de',NULL,'Michael','A-1559209025','Nacht_test','0711 19 43 31','70174','Sehr geehrter Herr','Ollenhauer Str. 13','Dr. hc mult'),(496,611,0,'B-1271809798',NULL,'Wrocław',NULL,'PL',NULL,'149@test.de',NULL,'Stefan','A1453908327','Beyer_test','53 490 33 97','54-620','Sehr geehrter Herr','ul. Baranowicka 91','Dr. hc mult'),(497,612,0,'B125285996',NULL,'Łódź',NULL,'PL',NULL,'146@test.de',NULL,'Katja','A1242294056','Grunewald_test','69 741 30 39','90-007','Sehr geehrte Frau','ul. Piotrkowska 50','Dr. hc mult'),(498,613,0,'B-160203010',NULL,'Poznań',NULL,'PL',NULL,'141@test.de',NULL,'Ila','A1812571890','Du Trieux_test','78 428 18 76','61-046','Sehr geehrte Frau','ul. Krańcowa 103','Dr. hc mult'),(499,614,0,'B129236864',NULL,'Bironico',NULL,'CH',NULL,'156@test.de',NULL,'Lechosława','A-1292423649','Piotrowska_test','091 313 68 64','6804','Sehr geehrte Frau','Semperweg 110','Dr. hc mult'),(500,615,0,'B1426009181',NULL,'Potsdam',NULL,'DE',NULL,'164@test.de',NULL,'Martin','A1129315357','Weisz_test','0331 62 00 87','14406','Sehr geehrter Herr','Fugger Strasse 41','Dr. hc mult'),(501,616,0,'B-1735347760',NULL,'Hüffelsheim',NULL,'DE',NULL,'143@test.de',NULL,'Klára','A571373506','Dobrá_test','06706 88 43 88','55595','Sehr geehrte Frau','Guentzelstrasse 74','Dr. hc mult'),(502,617,0,'B-146925352',NULL,'LA ROCHE-SUR-YON',NULL,'FR',NULL,'144@test.de',NULL,'Leonard','A-221925231','Dickerson_test','02.51.83.60.27','85000','Sehr geehrter Herr','64 rue du Clair Bocage','Dr. hc mult'),(503,618,0,'B740808277',NULL,'Quedlinburg',NULL,'DE',NULL,'141@test.de',NULL,'Brygida','A-1118172867','Kozłowska_test','03946 92 95 42','6475','Sehr geehrte Frau','Chausseestr. 99','Dr. hc mult'),(504,619,0,'B-1002754386',NULL,'RAMBOUILLET',NULL,'FR',NULL,'136@test.de',NULL,'Evrard','A-664507615','Couet_test','01.76.20.99.30','78120','Sehr geehrter Herr','24 rue Lenotre','Dr. hc mult'),(505,620,0,'B495546345',NULL,'Lauffohr',NULL,'CH',NULL,'154@test.de',NULL,'Ludmila','A1430326930','Nováková_test','062 428 27 42','5200','Sehr geehrte Frau','Kopfhölzistrasse 99','Dr. hc mult'),(506,621,0,'B2019527981',NULL,'Bittwil',NULL,'CH',NULL,'163@test.de',NULL,'Peter','A-1263613393','Seiler_test','032 625 89 85','3365','Sehr geehrter Herr','Semperweg 69','Dr. hc mult'),(507,622,0,'B15987191',NULL,'Hüsen',NULL,'CH',NULL,'151@test.de',NULL,'Jaul','A1482410908','Mustafa_test','033 303 99 37','3860','Sehr geehrter Herr','Schuepisstrasse 37','Dr. hc mult'),(508,623,0,'B-725729141',NULL,'Heringsdorf',NULL,'DE',NULL,'147@test.de',NULL,'Max','A324052558','Fischer_test','038378 31 41','23777','Sehr geehrter Herr','Reeperbahn 99','Dr. hc mult'),(509,624,0,'B-24056207',NULL,'Hofstetten',NULL,'CH',NULL,'151@test.de',NULL,'Christophe','A1296652624','Truchon_test','044 216 76 34','8354','Sehr geehrter Herr','Rägetenstrasse 20','Dr. hc mult'),(510,625,0,'B12788470',NULL,'Wrocław',NULL,'PL',NULL,'142@test.de',NULL,'Lyle','A1722702632','Barrette_test','51 460 58 52','50-455','Sehr geehrter Herr','ul. Generała Kniaziewicza Karola 141','Dr. hc mult'),(511,626,0,'B796536583',NULL,'Rzeszów',NULL,'PL',NULL,'147@test.de',NULL,'Markus','A1590522694','Fuhrmann_test','67 674 34 79','35-614','Sehr geehrter Herr','ul. Jana Olbrachta 110','Dr. hc mult'),(512,627,0,'B-406439191',NULL,'Wuppertal Elberfeld',NULL,'DE',NULL,'164@test.de',NULL,'Jaromir','A-1952105822','Zając_test','0202 94 11 03','42113','Sehr geehrter Herr','Jenaer Strasse 79','Dr. hc mult'),(513,628,0,'B811249045',NULL,'CRÉTEIL',NULL,'FR',NULL,'157@test.de',NULL,'Pierpont','A1740577143','Marquis_test','01.87.15.44.01','94000','Sehr geehrter Herr','90 boulevard Bryas','Dr. hc mult'),(514,629,0,'B1648765632',NULL,'Łódź',NULL,'PL',NULL,'157@test.de',NULL,'Serafin','A2050854461','Jasiński_test','88 622 28 94','91-498','Sehr geehrter Herr','ul. Studzińskiego Zdzisława 23','Dr. hc mult'),(515,630,0,'B977412060',NULL,'Białystok',NULL,'PL',NULL,'149@test.de',NULL,'Miroslava','A899222088','Hrazdirová_test','72 883 07 53','15-571','Sehr geehrte Frau','ul. Świętego Jana Chrzciciela 135','Dr. hc mult'),(516,631,0,'B-1683913330',NULL,'Geroldsgrün',NULL,'DE',NULL,'156@test.de',NULL,'Petra','A-919549249','Lichá_test','09267 60 60 12','95179','Sehr geehrte Frau','Billwerder Neuer Deich 74','Dr. hc mult'),(517,632,0,'B-126285196',NULL,'Bratsch',NULL,'CH',NULL,'158@test.de',NULL,'Sarah','A1711888583','Kuster_test','027 888 83 74','3957','Sehr geehrte Frau','Sonnenbergstr 51','Dr. hc mult'),(518,633,0,'B-1169154770',NULL,'LAVAL',NULL,'FR',NULL,'150@test.de',NULL,'Fayme','A1395448337','Plourde_test','02.53.61.14.68','53000','Sehr geehrte Frau','67 Place Napoléon','Dr. hc mult'),(519,634,0,'B479104769',NULL,'Schwanden bei Brienz',NULL,'CH',NULL,'140@test.de',NULL,'Erembourg','A-705846477','Guay_test','033 239 98 13','3855','Sehr geehrte Frau','Mühle 147','Dr. hc mult'),(520,635,0,'B119184791',NULL,'Bad Windsheim',NULL,'DE',NULL,'133@test.de',NULL,'Christian','A-672686229','Bass_test','09841 38 60 13','91427','Sehr geehrte Frau','Heiligengeistbrücke 23','Dr. hc mult'),(521,636,0,'B-273127004',NULL,'NOGENT-SUR-MARNE',NULL,'FR',NULL,'136@test.de',NULL,'David','A1392356801','D\'Aoust_test','01.80.61.72.74','94130','Sehr geehrter Herr','81 boulevard de Prague','Dr. hc mult'),(522,637,0,'B-387970700',NULL,'Olsztyn',NULL,'PL',NULL,'165@test.de',NULL,'Sibyla','A1587812781','Riquier_test','60 679 43 38','10-812','Sehr geehrte Frau','ul. Ogrodnicza 142','Dr. hc mult'),(523,638,0,'B355520948',NULL,'Opole',NULL,'PL',NULL,'160@test.de',NULL,'Sa\'eed','A1832805789','Malouf_test','67 125 47 39','45-631','Sehr geehrter Herr','ul. Dunikowskiego Ksawerego 126','Dr. hc mult'),(524,639,0,'B459140084',NULL,'Lublin',NULL,'PL',NULL,'151@test.de',NULL,'Jaroslav','A-1912813552','Mach_test','51 347 65 14','20-802','Sehr geehrter Herr','ul. Baśniowa 141','Dr. hc mult'),(525,640,0,'B-1815793234',NULL,'LE CREUSOT',NULL,'FR',NULL,'148@test.de',NULL,'Asil','A1853067310','Sleiman_test','03.14.05.08.43','71200','Sehr geehrte Frau','3 boulevard Aristide Briand','Dr. hc mult'),(526,641,0,'B-1184279586',NULL,'CRÉTEIL',NULL,'FR',NULL,'429@test.de',NULL,'Marie','A601699581','Šuláková_test','01.34.33.53.09','94000','Sehr geehrte Frau','41 boulevard Bryas','Dr. hc mult'),(527,642,0,'B2021911145',NULL,'Bad Wörishofen',NULL,'DE',NULL,'165@test.de',NULL,'Sabine','A-1268340066','Rouze_test','08247 02 08 42','86814','Sehr geehrte Frau','Paderborner Strasse 66','Dr. hc mult'),(528,643,0,'B-2091652121',NULL,'Poznań',NULL,'PL',NULL,'148@test.de',NULL,'Augustyn','A1657719612','Sobczak_test','79 661 36 38','60-308','Sehr geehrter Herr','ul. Grunwaldzka 82','Dr. hc mult'),(529,644,0,'B-660171379',NULL,'Miesbach',NULL,'DE',NULL,'159@test.de',NULL,'Reginald','A-1019363943','McCabe_test','08024 94 61 95','83711','Sehr geehrter Herr','Gubener Str. 97','Dr. hc mult'),(530,645,0,'B1243202631',NULL,'Dresden',NULL,'DE',NULL,'146@test.de',NULL,'Fletcher','A895179089','Lépicier_test','0351 12 42 98','1292','Sehr geehrter Herr','Charlottenstrasse 63','Dr. hc mult'),(531,646,0,'B951679814',NULL,'ARGENTEUIL',NULL,'FR',NULL,'162@test.de',NULL,'Václav','A931473748','Lošťák_test','01.17.30.63.24','95100','Sehr geehrter Herr','47 Avenue De Marlioz','Dr. hc mult'),(532,647,0,'B2091491721',NULL,'CENON',NULL,'FR',NULL,'456@test.de',NULL,'Žaneta','A663349026','Kubíková_test','05.26.12.33.79','33150','Sehr geehrte Frau','73 rue Porte d\'Orange','Dr. hc mult'),(533,648,0,'B-237490381',NULL,'RIS-ORANGIS',NULL,'FR',NULL,'147@test.de',NULL,'Mike','A1748741584','Furst_test','01.50.99.47.19','91130','Sehr geehrter Herr','65 rue Gustave Eiffel','Dr. hc mult'),(534,649,0,'B2002969762',NULL,'Bellevue',NULL,'CH',NULL,'151@test.de',NULL,'Marco','A1067499997','Jager_test','022 752 24 18','1293','Sehr geehrter Herr','Obere Bahnhofstrasse 136','Dr. hc mult'),(535,650,0,'B-824014684',NULL,'Torny-le-Petit',NULL,'CH',NULL,'153@test.de',NULL,'Natasza','A-1470090401','Kaczmarek_test','026 513 94 95','1748','Sehr geehrte Frau','Piazza Indipendenza 24','Dr. hc mult'),(536,651,0,'B-1274978235',NULL,'Rostock',NULL,'DE',NULL,'65359@test.de',NULL,'Petr','A1822548504','﻿Veselý_test','0381 28 65 10','18181','Sehr geehrter Herr','Kurfürstendamm 76','Dr. hc mult'),(537,652,0,'B-99849723',NULL,'LA VARENNE-SAINT-HILAIRE',NULL,'FR',NULL,'149@test.de',NULL,'Jana','A292886375','Kolomazníková_test','01.77.45.53.58','94210','Sehr geehrte Frau','77 rue du Clair Bocage','Dr. hc mult'),(538,653,0,'B853585781',NULL,'ROMANS-SUR-ISÈRE',NULL,'FR',NULL,'137@test.de',NULL,'Aleš','A1352994873','Havránek_test','04.94.99.11.58','26100','Sehr geehrter Herr','71 rue de Groussay','Dr. hc mult'),(539,654,0,'B1381895060',NULL,'Magdeburg',NULL,'DE',NULL,'145@test.de',NULL,'Malwina','A-43712155','Duda_test','0391 90 76 92','39008','Sehr geehrte Frau','Unter den Linden 97','Dr. hc mult'),(540,655,0,'B587587931',NULL,'Nürnberg',NULL,'DE',NULL,'152@test.de',NULL,'Maurine','A-511349993','Kohl_test','0911 74 89 31','90209','Sehr geehrte Frau','Rathausstrasse 40','Dr. hc mult'),(541,656,0,'B937540954',NULL,'München',NULL,'DE',NULL,'143@test.de',NULL,'Konstanty','A-2106489804','Duda_test','089 42 74 47','80707','Sehr geehrter Herr','Rhinstrasse 29','Dr. hc mult'),(542,657,0,'B-1242067367',NULL,'Rockeskyll',NULL,'DE',NULL,'159@test.de',NULL,'Leon','A-644991775','Sankt_test','06591 57 67 75','54570','Sehr geehrter Herr','Lützowplatz 27','Dr. hc mult'),(543,658,0,'B-677948329',NULL,'Marpingen',NULL,'DE',NULL,'154@test.de',NULL,'Tobias','A-1886122097','Furst_test','06827 46 63 67','66646','Sehr geehrter Herr','Meininger Strasse 32','Dr. hc mult'),(544,659,0,'B1280944734',NULL,'Będzin',NULL,'PL',NULL,'155@test.de',NULL,'Sabr','A-2043868610','Hakimi_test','72 706 66 26','42-500','Sehr geehrte Frau','ul. Świętego Brata Alberta 112','Dr. hc mult'),(545,660,0,'B2098509567',NULL,'Warszawa',NULL,'PL',NULL,'137@test.de',NULL,'Abdel','A-1489111596','Hakimi_test','78 679 18 47','00-745','Sehr geehrter Herr','ul. Stopowa 42','Dr. hc mult'),(546,661,0,'B1908648060',NULL,'MARSEILLE',NULL,'FR',NULL,'161@test.de',NULL,'James','A-630331466','Woodard_test','04.10.86.02.72','13003','Sehr geehrter Herr','73 rue Beauvau','Dr. hc mult'),(547,662,0,'B-1572979483',NULL,'Kulmbach',NULL,'DE',NULL,'149@test.de',NULL,'Mahbub','A-1578333686','Hanania_test','09221 68 49 47','95309','Sehr geehrter Herr','Ellmenreichstrasse 71','Dr. hc mult'),(548,663,0,'B-157498441',NULL,'Essen',NULL,'DE',NULL,'145@test.de',NULL,'Aimé','A409444687','Paradis_test','0201 97 78 22','45127','Sehr geehrter Herr','Jenaer Strasse 21','Dr. hc mult'),(549,664,0,'B-2064067146',NULL,'VALENCIENNES',NULL,'FR',NULL,'137@test.de',NULL,'Eulalie','A-1781360091','Durepos_test','03.02.60.56.16','59300','Sehr geehrte Frau','66 avenue de Provence','Dr. hc mult'),(550,665,0,'B1999864094',NULL,'Bremen Westend',NULL,'DE',NULL,'133@test.de',NULL,'Aurélie','A503689339','Dubé_test','0421 22 92 56','28217','Sehr geehrte Frau','Genterstrasse 69','Dr. hc mult'),(551,666,0,'B1382230888',NULL,'Siegelsbach',NULL,'DE',NULL,'147@test.de',NULL,'Helena','A-1121400440','Kovácsová_test','07264 69 97 09','74936','Sehr geehrte Frau','Sömmeringstr. 12','Dr. hc mult'),(552,667,0,'B-1258111200',NULL,'Corserey',NULL,'CH',NULL,'142@test.de',NULL,'Agate','A-1056539599','Mailloux_test','026 457 78 42','1747','Sehr geehrte Frau','Untere Aegerten 14','Dr. hc mult'),(553,668,0,'B1178743730',NULL,'Golaten',NULL,'CH',NULL,'442@test.de',NULL,'Šarlota','A2110427082','Zlámalová_test','032 902 82 69','3207','Sehr geehrte Frau','Bahnhofstrasse 146','Dr. hc mult'),(554,669,0,'B-748165609',NULL,'LA ROCHE-SUR-YON',NULL,'FR',NULL,'142@test.de',NULL,'Diana','A1775468377','Junker_test','02.24.69.92.82','85000','Sehr geehrte Frau','50 rue du Clair Bocage','Dr. hc mult'),(555,670,0,'B-148839234',NULL,'Staffelstein',NULL,'DE',NULL,'157@test.de',NULL,'Signe','A316530620','Jimenez_test','09573 33 52 03','96227','Sehr geehrte Frau','Borstelmannsweg 34','Dr. hc mult'),(556,671,0,'B556994089',NULL,'Waakirchen',NULL,'DE',NULL,'161@test.de',NULL,'Václav','A-1488260756','Kahoun_test','08021 98 24 86','83664','Sehr geehrter Herr','Waldowstr. 46','Dr. hc mult'),(557,672,0,'B-479592164',NULL,'Moncor',NULL,'CH',NULL,'134@test.de',NULL,'Daron','A-1734362453','Brown_test','026 218 75 11','1752','Sehr geehrter Herr','Hauptstrasse 55','Dr. hc mult'),(558,673,0,'B95628880',NULL,'FORT-DE-FRANCE',NULL,'FR',NULL,'142@test.de',NULL,'Lenka','A216585563','Burianová_test','05.50.14.90.07','97200','Sehr geehrte Frau','83 Boulevard de Normandie','Dr. hc mult'),(559,674,0,'B-591515910',NULL,'Wittlich',NULL,'DE',NULL,'154@test.de',NULL,'Cyryl','A-1420807199','Wieczorek_test','06571 94 58 76','54516','Sehr geehrter Herr','Luetzowplatz 47','Dr. hc mult'),(560,675,0,'B-1485985610',NULL,'Gdańsk',NULL,'PL',NULL,'148@test.de',NULL,'Rahaf','A-1153985872','Baz_test','66 545 88 13','80-807','Sehr geehrte Frau','ul. Biegańskiego Władysława 66','Dr. hc mult'),(561,676,0,'B1144508050',NULL,'Tobel',NULL,'CH',NULL,'161@test.de',NULL,'Roch','A-2133022606','Ouellet_test','052 516 97 62','8634','Sehr geehrter Herr','Piazza Indipendenza 28','Dr. hc mult'),(562,677,0,'B1171376197',NULL,'Plauen',NULL,'DE',NULL,'144@test.de',NULL,'Bishr','A1179548915','Naifeh_test','03741 38 39 29','8505','Sehr geehrter Herr','Schoenebergerstrasse 41','Dr. hc mult'),(563,678,0,'B-9354270',NULL,'Ritzingen',NULL,'CH',NULL,'136@test.de',NULL,'Afra\'','A2039426868','Ganem_test','027 960 68 27','3989','Sehr geehrte Frau','Wolfensbergstrasse 74','Dr. hc mult'),(564,679,0,'B724435838',NULL,'Lüdenscheid Brügge',NULL,'DE',NULL,'149@test.de',NULL,'Henryk','A-1180242610','Michalski_test','02351 02 04 57','58515','Sehr geehrter Herr','Augsburger Straße 78','Dr. hc mult'),(565,680,0,'B1782163362',NULL,'Vuarrens',NULL,'CH',NULL,'142@test.de',NULL,'Anna','A-218725106','Mikešová_test','024 602 98 55','1418','Sehr geehrte Frau','Via delle Vigne 108','Dr. hc mult'),(566,681,0,'B-902424438',NULL,'Szczecin',NULL,'PL',NULL,'155@test.de',NULL,'Eva','A-1846095245','Veselá_test','69 312 59 57','71-713','Sehr geehrte Frau','ul. Sośnicka 137','Dr. hc mult'),(567,682,0,'B1194267507',NULL,'PARIS',NULL,'FR',NULL,'169@test.de',NULL,'Robert','A-1851131531','Waterbury_test','01.07.57.60.33','75002','Sehr geehrter Herr','68 Square de la Couronne','Dr. hc mult'),(568,683,0,'B-1748609394',NULL,'SEDAN',NULL,'FR',NULL,'147@test.de',NULL,'Andrea','A659151549','Rousková_test','03.80.98.28.02','8200','Sehr geehrte Frau','33 avenue de Bouvines','Dr. hc mult'),(569,684,0,'B1093991764',NULL,'Wil',NULL,'CH',NULL,'169@test.de',NULL,'Vilemína','A-557768908','Slabá_test','071 886 39 97','9500','Sehr geehrte Frau','Lützelflühstrasse 47','Dr. hc mult'),(570,685,0,'B-1618892733',NULL,'LA GARENNE-COLOMBES',NULL,'FR',NULL,'154@test.de',NULL,'Rasil','A159423637','Haik_test','01.28.09.15.83','92250','Sehr geehrter Herr','30 rue de l\'Aigle','Dr. hc mult'),(571,686,0,'B338712153',NULL,'Łomża',NULL,'PL',NULL,'153@test.de',NULL,'Mariette','A-1525725845','Laforge_test','60 487 69 32','18-403','Sehr geehrte Frau','ul. Stanisława Małachowskiego 85','Dr. hc mult'),(572,687,0,'B-1515375675',NULL,'Jastrzębie-Zdrój',NULL,'PL',NULL,'142@test.de',NULL,'James','A-1041276649','Digirolamo_test','53 326 07 49','44-336','Sehr geehrter Herr','ul. Spokojna 64','Dr. hc mult'),(573,688,0,'B64643229',NULL,'Nordheim',NULL,'DE',NULL,'148@test.de',NULL,'Kelsey','A-592511783','Ignacio_test','036944 03 16','97334','Sehr geehrte Frau','Pappelallee 63','Dr. hc mult'),(574,689,0,'B-343563350',NULL,'ANGERS',NULL,'FR',NULL,'141@test.de',NULL,'Florence','A-1404275468','Guimond_test','02.31.52.00.86','49100','Sehr geehrte Frau','29 Chemin Des Bateliers','Dr. hc mult'),(575,690,0,'B789999736',NULL,'Brücktal',NULL,'DE',NULL,'147@test.de',NULL,'Marco','A-1721094819','Freud_test','02692 70 57 74','53539','Sehr geehrter Herr','Augsburger Strasse 55','Dr. hc mult'),(576,691,0,'B-1166578347',NULL,'Gdańsk',NULL,'PL',NULL,'150@test.de',NULL,'Krzyś','A-1313332327','Król_test','69 963 87 21','80-557','Sehr geehrter Herr','ul. Załogowa 33','Dr. hc mult'),(577,692,0,'B1279659245',NULL,'SAINT-DENIS',NULL,'FR',NULL,'152@test.de',NULL,'Muyassar','A-1907392583','Khoury_test','01.01.12.33.26','93200','Sehr geehrte Frau','33 rue des Nations Unies','Dr. hc mult'),(578,693,0,'B-1486575476',NULL,'Köthen',NULL,'DE',NULL,'166@test.de',NULL,'Sławomir','A-1868119920','Symanski_test','03496 84 31 55','6351','Sehr geehrter Herr','Flotowstr. 70','Dr. hc mult'),(579,694,0,'B-489020570',NULL,'Westoverledingen',NULL,'DE',NULL,'158@test.de',NULL,'Lucas','A-2037506151','Rocher_test','0491 14 21 79','26810','Sehr geehrter Herr','Spresstrasse 40','Dr. hc mult'),(580,695,0,'B-826782648',NULL,'Bad Tölz',NULL,'DE',NULL,'149@test.de',NULL,'Johanna','A-1776852186','Köhler_test','08041 74 29 86','83635','Sehr geehrte Frau','Gubener Str. 48','Dr. hc mult'),(581,696,0,'B-1894301022',NULL,'Inning',NULL,'DE',NULL,'139@test.de',NULL,'Gabrysia','A767367635','Dudek_test','08443 22 96 18','82266','Sehr geehrte Frau','Rankestraße 44','Dr. hc mult'),(582,697,0,'B-173022004',NULL,'Warszawa',NULL,'PL',NULL,'147@test.de',NULL,'Christopher','A-1240975282','Petrella_test','78 285 04 06','03-802','Sehr geehrter Herr','ul. Skaryszewska 36','Dr. hc mult'),(583,698,0,'B-504491794',NULL,'Dąbrowa Górnicza',NULL,'PL',NULL,'160@test.de',NULL,'Michelle','A-1471948048','Stevens_test','78 264 35 51','41-300','Sehr geehrte Frau','ul. Świerkowa 126','Dr. hc mult'),(584,699,0,'B-1304291591',NULL,'LES ABYMES',NULL,'FR',NULL,'144@test.de',NULL,'Birgit','A1690537669','Neumann_test','05.08.61.74.91','97139','Sehr geehrte Frau','64 rue du Général Ailleret','Dr. hc mult'),(585,700,0,'B254308754',NULL,'Częstochowa',NULL,'PL',NULL,'65356@test.de',NULL,'Max','A-1813147157','﻿Veselý_test','60 527 08 77','42-202','Sehr geehrter Herr','ul. Dojazdowa 113','Dr. hc mult'),(586,701,0,'B983139551',NULL,'DZAOUDZI',NULL,'FR',NULL,'146@test.de',NULL,'Fanchon','A1856962934','Lemelin_test','02.36.34.96.80','97610','Sehr geehrte Frau','51 Avenue Millies Lacroix','Dr. hc mult'),(587,702,0,'B-1690366578',NULL,'MARSEILLE',NULL,'FR',NULL,'148@test.de',NULL,'Ania','A-653690056','Sobczak_test','04.68.04.55.86','13002','Sehr geehrte Frau','58 rue Beauvau','Dr. hc mult'),(588,703,0,'B-595531881',NULL,'Gdańsk',NULL,'PL',NULL,'162@test.de',NULL,'Roger','A-218602465','Pouchard_test','53 497 44 35','80-057','Sehr geehrter Herr','ul. Związkowa 6','Dr. hc mult'),(589,704,0,'B1328690054',NULL,'VITRY-SUR-SEINE',NULL,'FR',NULL,'148@test.de',NULL,'Gano','A1242978311','Masson_test','01.32.00.55.63','94400','Sehr geehrter Herr','81 Rue Bonnet','Dr. hc mult'),(590,705,0,'B93745743',NULL,'Loveresse',NULL,'CH',NULL,'138@test.de',NULL,'Bridget','A487740979','Hartman_test','032 986 74 18','2732','Sehr geehrte Frau','Betburweg 103','Dr. hc mult'),(591,706,0,'B-822328583',NULL,'Grancia',NULL,'CH',NULL,'166@test.de',NULL,'Shafeeq','A-82340407','Srour_test','091 824 32 34','6916','Sehr geehrter Herr','Stradun 14','Dr. hc mult'),(592,707,0,'B870961829',NULL,'LUNEL',NULL,'FR',NULL,'147@test.de',NULL,'Lukáš','A-341008382','Giňa_test','04.13.04.28.82','34400','Sehr geehrter Herr','72 Rue Hubert de Lisle','Dr. hc mult'),(593,708,0,'B-1511844167',NULL,'BASTIA',NULL,'FR',NULL,'145@test.de',NULL,'Edwin','A-828970509','Lawrence_test','04.17.79.52.80','20600','Sehr geehrter Herr','97 Rue du Limas','Dr. hc mult'),(594,709,0,'B-1391893959',NULL,'Kraków',NULL,'PL',NULL,'148@test.de',NULL,'Adn','A1341308439','Samaha_test','79 901 67 24','30-124','Sehr geehrte Frau','ul. Piastowska 102','Dr. hc mult'),(595,710,0,'B-2041503081',NULL,'Langewiesen',NULL,'DE',NULL,'148@test.de',NULL,'Anja','A1295869441','Scherer_test','03677 27 30 09','98702','Sehr geehrte Frau','Eschenweg 24','Dr. hc mult'),(596,711,0,'B-591897219',NULL,'Jastrzębie-Zdrój',NULL,'PL',NULL,'140@test.de',NULL,'Abdul-Rafi','A-409125152','Koury_test','66 904 46 18','44-330','Sehr geehrter Herr','ul. Poprzeczna 23','Dr. hc mult'),(597,712,0,'B-533317539',NULL,'Mikołów',NULL,'PL',NULL,'153@test.de',NULL,'Izaak','A303777725','Piotrowski_test','66 568 71 20','43-190','Sehr geehrter Herr','ul. Staropodleska 122','Dr. hc mult'),(598,713,0,'B902902734',NULL,'Gdynia',NULL,'PL',NULL,'134@test.de',NULL,'Burnell','A503895700','Dostie_test','69 503 63 46','81-601','Sehr geehrter Herr','ul. Westy 106','Dr. hc mult'),(599,714,0,'B209397760',NULL,'ÉCHIROLLES',NULL,'FR',NULL,'152@test.de',NULL,'Tabor','A157682112','Déziel_test','04.35.56.81.76','38130','Sehr geehrter Herr','17 Avenue Millies Lacroix','Dr. hc mult'),(600,715,0,'B745817288',NULL,'Bydgoszcz',NULL,'PL',NULL,'136@test.de',NULL,'Blahoslav','A1448103248','Fiala_test','72 206 03 26','85-792','Sehr geehrter Herr','ul. Andersena Christiana 103','Dr. hc mult'),(601,716,0,'B-854413546',NULL,'Ruda Śląska',NULL,'PL',NULL,'153@test.de',NULL,'Kajetan','A1441298489','Nowak _test','72 492 97 49','41-706','Sehr geehrter Herr','ul. Dziewanny 54','Dr. hc mult'),(602,717,0,'B-1043030315',NULL,'Horbach',NULL,'DE',NULL,'152@test.de',NULL,'Michelle','A9743235','Klein_test','02602 71 05 72','55606','Sehr geehrte Frau','Stuttgarter Platz 16','Dr. hc mult'),(603,718,0,'B719678341',NULL,'GAGNY',NULL,'FR',NULL,'156@test.de',NULL,'Rościsława','A-757543444','Jasińska_test','01.31.47.71.79','93220','Sehr geehrte Frau','5 rue Saint Germain','Dr. hc mult'),(604,719,0,'B1425642247',NULL,'Esslingen Oberesslingen',NULL,'DE',NULL,'151@test.de',NULL,'Karen','A-378451828','Lyda_test','0711 86 76 76','73730','Sehr geehrte Frau','Neue Roßstr. 22','Dr. hc mult'),(605,720,0,'B612222333',NULL,'Warszawa',NULL,'PL',NULL,'159@test.de',NULL,'Ralph','A8723837','Möller_test','79 746 34 24','04-533','Sehr geehrter Herr','ul. Cedrowa 42','Dr. hc mult'),(606,721,0,'B1239757352',NULL,'MAISONS-ALFORT',NULL,'FR',NULL,'159@test.de',NULL,'Tymon','A1380949921','Kalinowski_test','05.43.76.22.96','64700','Sehr geehrter Herr','84 avenue Voltaire','Dr. hc mult'),(607,722,0,'B-1254882137',NULL,'Gärischwil',NULL,'CH',NULL,'149@test.de',NULL,'Chad','A1787202287','Ryan_test','062 543 36 55','5645','Sehr geehrter Herr','Via Schliffras 98','Dr. hc mult'),(608,723,0,'B922552078',NULL,'Wrocław',NULL,'PL',NULL,'144@test.de',NULL,'Denisa','A1042878194','Lindnerová_test','79 478 33 25','51-687','Sehr geehrte Frau','ul. Kosynierów Gdyńskich 105','Dr. hc mult'),(609,724,0,'B2078934174',NULL,'Świętochłowice',NULL,'PL',NULL,'149@test.de',NULL,'Ma\'mun','A-1305470618','Halabi_test','72 191 61 84','41-605','Sehr geehrter Herr','ul. Zubrzyckiego Franciszka 100','Dr. hc mult'),(610,725,0,'B-661413326',NULL,'PESSAC',NULL,'FR',NULL,'145@test.de',NULL,'Agramant','A109241613','Petit_test','05.54.86.11.73','33600','Sehr geehrter Herr','74 rue Clement Marot','Dr. hc mult'),(611,726,0,'B1701395613',NULL,'Helmstadt',NULL,'DE',NULL,'162@test.de',NULL,'Urszula','A-671739596','Majewska_test','09369 14 58 15','97264','Sehr geehrte Frau','Alter Wall 95','Dr. hc mult'),(612,727,0,'B289852035',NULL,'TOULON',NULL,'FR',NULL,'159@test.de',NULL,'Kulthoom','A-1840029564','Totah_test','04.42.89.63.86','83000','Sehr geehrte Frau','17 rue du Fossé des Tanneurs','Dr. hc mult'),(613,728,0,'B-529723782',NULL,'Kielce',NULL,'PL',NULL,'149@test.de',NULL,'Maysaa','A-556318190','Hanania_test','66 546 71 31','25-359','Sehr geehrte Frau','ul. Zagórska 68','Dr. hc mult'),(614,729,0,'B-724605064',NULL,'Arnstein',NULL,'DE',NULL,'136@test.de',NULL,'Azza','A574916044','Gaber_test','09363 88 47 41','97450','Sehr geehrte Frau','Alter Wall 3','Dr. hc mult'),(615,730,0,'B596545747',NULL,'CHÂTELLERAULT',NULL,'FR',NULL,'154@test.de',NULL,'Patricia','A-1247697491','Jost_test','05.73.61.30.19','86100','Sehr geehrte Frau','62 rue du Gue Jacquet','Dr. hc mult'),(616,731,0,'B1864202339',NULL,'PERPIGNAN',NULL,'FR',NULL,'158@test.de',NULL,'Gabriele','A1840508776','Wechsler_test','04.20.49.19.34','66100','Sehr geehrte Frau','52 rue Clement Marot','Dr. hc mult'),(617,732,0,'B1055279238',NULL,'TROYES',NULL,'FR',NULL,'153@test.de',NULL,'Stephanie','A2004887140','Faber_test','03.74.06.56.26','10000','Sehr geehrte Frau','63 avenue Jean Portalis','Dr. hc mult'),(618,733,0,'B745254157',NULL,'Białystok',NULL,'PL',NULL,'171@test.de',NULL,'Tina','A1899589','Whitcomb_test','78 362 46 47','15-777','Sehr geehrte Frau','ul. Działkowa 115','Dr. hc mult'),(619,734,0,'B395019622',NULL,'Nunningen',NULL,'CH',NULL,'146@test.de',NULL,'Leah','A-1747481008','Fleischer_test','061 667 97 56','4208','Sehr geehrte Frau','Caltgadira 148','Dr. hc mult'),(620,735,0,'B-845450370',NULL,'Magdeburg',NULL,'DE',NULL,'162@test.de',NULL,'Zdeněk','A1233977448','Havlena_test','0391 02 04 19','39012','Sehr geehrter Herr','Unter den Linden 6','Dr. hc mult'),(621,736,0,'B-111126998',NULL,'Kędzierzyn-Koźle',NULL,'PL',NULL,'153@test.de',NULL,'Nuwwarrah','A-1185619324','Kanaan_test','78 697 04 81','47-224','Sehr geehrte Frau','ul. Odrzańska 150','Dr. hc mult'),(622,737,0,'B1474531099',NULL,'Uznaberg',NULL,'CH',NULL,'148@test.de',NULL,'Alfred','A1821858758','Sandoval_test','044 854 55 21','8730','Sehr geehrter Herr','Via Verbano 41','Dr. hc mult'),(623,738,0,'B1326729128',NULL,'Hegi',NULL,'CH',NULL,'150@test.de',NULL,'Ruby','A-1787842923','Duffet_test','052 921 14 93','8400','Sehr geehrte Frau','Höhenweg 43','Dr. hc mult'),(624,739,0,'B-320303882',NULL,'Brieselang',NULL,'DE',NULL,'158@test.de',NULL,'Sandra','A1798937458','Kastner_test','033232 70 11','14652','Sehr geehrte Frau','Schmarjestrasse 38','Dr. hc mult'),(625,740,0,'B-399023292',NULL,'Detmold Hakedahl',NULL,'DE',NULL,'154@test.de',NULL,'Xarles','A214369372','Boisclair_test','05231 45 71 81','32758','Sehr geehrter Herr','Bleibtreustrasse 29','Dr. hc mult'),(626,741,0,'B1106749793',NULL,'Warszawa',NULL,'PL',NULL,'160@test.de',NULL,'Umair','A947783933','Kassis_test','79 464 32 70','03-255','Sehr geehrter Herr','ul. Zbożowa 95','Dr. hc mult'),(627,742,0,'B1423581346',NULL,'Bardonnex',NULL,'CH',NULL,'154@test.de',NULL,'Honore','A-773311494','Richer_test','022 964 34 25','1257','Sehr geehrte Frau','Wiesenstrasse 27','Dr. hc mult'),(628,743,0,'B-1483605308',NULL,'Wartmannsroth',NULL,'DE',NULL,'138@test.de',NULL,'Ilona','A1487752217','Andrlová_test','09357 13 76 61','97797','Sehr geehrte Frau','Alter Wall 44','Dr. hc mult'),(629,744,0,'B-1932640606',NULL,'Siemianowice Śląskie',NULL,'PL',NULL,'140@test.de',NULL,'Asia','A-75857892','Król_test','53 195 31 72','41-100','Sehr geehrte Frau','ul. Brzozowa 30','Dr. hc mult'),(630,745,0,'B385807792',NULL,'Kestenberg',NULL,'CH',NULL,'158@test.de',NULL,'Nicole','A-205127041','Propst_test','062 752 87 48','5642','Sehr geehrte Frau','Seefeldstrasse 129','Dr. hc mult'),(631,746,0,'B-781731955',NULL,'Kindsbach',NULL,'DE',NULL,'158@test.de',NULL,'Su\'ud','A-2000989569','Koury_test','06371 12 92 43','66862','Sehr geehrter Herr','Anhalter Strasse 16','Dr. hc mult'),(632,747,0,'B2004524595',NULL,'Brandis',NULL,'DE',NULL,'159@test.de',NULL,'Tarub','A-2013564398','Kattan_test','034292 08 59','4821','Sehr geehrte Frau','Hoheluftchaussee 1','Dr. hc mult'),(633,748,0,'B1792820363',NULL,'Neunkirchen',NULL,'DE',NULL,'281@test.de',NULL,'Étienne','A-1477790538','Plourde_test','02735 67 22 37','91233','Sehr geehrter Herr','Augsburger Strasse 22','Dr. hc mult'),(634,749,0,'B-519767443',NULL,'Reichsthal',NULL,'DE',NULL,'139@test.de',NULL,'Andrea','A577419588','Jaeger_test','06363 34 19 32','67759','Sehr geehrte Frau','Anhalter Strasse 12','Dr. hc mult'),(635,750,0,'B827532376',NULL,'Gladbeck',NULL,'DE',NULL,'133@test.de',NULL,'Bogusław','A-2113924822','Czerwinski_test','02043 47 08 72','45966','Sehr geehrter Herr','Rudower Chaussee 18','Dr. hc mult'),(636,751,0,'B-2061657501',NULL,'Husen',NULL,'CH',NULL,'168@test.de',NULL,'Uwe','A759701944','Schneider_test','056 666 99 82','5426','Sehr geehrter Herr','Schuepisstrasse 87','Dr. hc mult'),(637,752,0,'B1419647287',NULL,'HAZEBROUCK',NULL,'FR',NULL,'153@test.de',NULL,'Frank','A-570720158','Sankt_test','03.59.74.23.28','59190','Sehr geehrter Herr','45 Avenue des Tuileries','Dr. hc mult'),(638,753,0,'B-1626388205',NULL,'Gdynia',NULL,'PL',NULL,'131@test.de',NULL,'Aymon','A1656518953','Brousseau_test','60 162 19 83','81-593','Sehr geehrter Herr','ul. Karwińska 32','Dr. hc mult'),(639,754,0,'B1471140390',NULL,'Düsseldorf Gerresheim',NULL,'DE',NULL,'155@test.de',NULL,'Sandra','A145237637','Hartmann_test','0211 73 41 79','40627','Sehr geehrte Frau','Friedrichstrasse 8','Dr. hc mult'),(640,755,0,'B991771335',NULL,'Kraków',NULL,'PL',NULL,'149@test.de',NULL,'Susanne','A1422169225','Bar_test','51 858 12 22','31-321','Sehr geehrte Frau','ul. Fiszera Stanisława 21','Dr. hc mult'),(641,756,0,'B-176999598',NULL,'MONT-SAINT-AIGNAN',NULL,'FR',NULL,'169@test.de',NULL,'Vítězslav','A-941071076','Svoboda_test','02.99.16.47.37','76130','Sehr geehrter Herr','29 rue des Coudriers','Dr. hc mult'),(642,757,0,'B925125806',NULL,'ARRAS',NULL,'FR',NULL,'159@test.de',NULL,'Luqman','A-1427938963','Shammas_test','03.97.61.57.97','62000','Sehr geehrter Herr','57 rue de Lille','Dr. hc mult'),(643,758,0,'B-1763036723',NULL,'NOUMÉA',NULL,'FR',NULL,'145@test.de',NULL,'Franciszka','A1928127771','Kowalska_test','03.73.80.88.07','98800','Sehr geehrte Frau','93 Rue Roussy','Dr. hc mult'),(644,759,0,'B-581424728',NULL,'Alliswil',NULL,'CH',NULL,'133@test.de',NULL,'Constance','A-929486425','Berthiaume_test','062 551 53 62','5706','Sehr geehrte Frau','Postfach 131','Dr. hc mult'),(645,760,0,'B229783165',NULL,'Ecublens',NULL,'CH',NULL,'177@test.de',NULL,'Zdzisław','A-1891386079','Woźniak_test','026 556 22 61','1673','Sehr geehrter Herr','Casa Posrclas 142','Dr. hc mult'),(646,761,0,'B1005414496',NULL,'Neuchâtel',NULL,'CH',NULL,'155@test.de',NULL,'Denise','A-107418316','Wilson_test','032 417 10 79','2007','Sehr geehrte Frau','Casa Gielgia 120','Dr. hc mult'),(647,762,0,'B-2055783337',NULL,'Witten Stockum',NULL,'DE',NULL,'150@test.de',NULL,'Radomiła','A230504446','Duda_test','02302 86 01 49','58454','Sehr geehrte Frau','Augsburger Straße 57','Dr. hc mult'),(648,763,0,'B-1879116129',NULL,'Białystok',NULL,'PL',NULL,'138@test.de',NULL,'Brandy','A-1663109544','Hammond_test','51 431 45 91','15-537','Sehr geehrte Frau','ul. Żółwia 77','Dr. hc mult'),(649,764,0,'B-1581376051',NULL,'Warszawa',NULL,'PL',NULL,'141@test.de',NULL,'Federico','A-1242038410','Graham_test','51 957 99 84','01-162','Sehr geehrter Herr','ul. Wawrzyszewska 7','Dr. hc mult'),(650,765,0,'B943583',NULL,'Alberswil',NULL,'CH',NULL,'133@test.de',NULL,'Donna','A-1806038009','Aaron_test','041 258 12 20','6248','Sehr geehrte Frau','Postfach 101','Dr. hc mult'),(651,766,0,'B-956185212',NULL,'Pohlern',NULL,'CH',NULL,'136@test.de',NULL,'Christine','A-1002524860','Early_test','033 373 23 50','3638','Sehr geehrte Frau','Avenue d\'Ouchy 47','Dr. hc mult'),(652,767,0,'B-1872499425',NULL,'Warszawa',NULL,'PL',NULL,'138@test.de',NULL,'Christina','A-1643452793','Garcia_test','51 148 06 31','02-843','Sehr geehrte Frau','ul. 6 Sierpnia 150','Dr. hc mult'),(653,768,0,'B-710527414',NULL,'Engi',NULL,'CH',NULL,'161@test.de',NULL,'Zakiy','A-1082321823','Guirguis_test','044 386 89 11','8765','Sehr geehrter Herr','Wingertweg 37','Dr. hc mult'),(654,769,0,'B-628345867',NULL,'Warszawa',NULL,'PL',NULL,'147@test.de',NULL,'Hanna','A865323602','Kaczmarek_test','60 974 12 27','04-558','Sehr geehrte Frau','ul. Korsuńska 119','Dr. hc mult'),(655,770,0,'B-1912627641',NULL,'Wrocław',NULL,'PL',NULL,'139@test.de',NULL,'Johara','A749968517','Antoun_test','79 744 10 26','50-146','Sehr geehrte Frau','ul. Łaciarska 19','Dr. hc mult'),(656,771,0,'B511654633',NULL,'Summaprada',NULL,'CH',NULL,'137@test.de',NULL,'Christina','A1215065408','Freytag_test','081 572 65 27','7421','Sehr geehrte Frau','Via Muraccio 72','Dr. hc mult'),(657,772,0,'B1306192241',NULL,'Saal',NULL,'DE',NULL,'142@test.de',NULL,'Arber','A-692864530','Morel_test','03822 56 97 85','93342','Sehr geehrter Herr','Schoenebergerstrasse 43','Dr. hc mult'),(658,773,0,'B-790825729',NULL,'Oberönz',NULL,'CH',NULL,'152@test.de',NULL,'Elita','A1267501541','Sacré_test','032 626 45 42','3363','Sehr geehrte Frau','Damunt 65','Dr. hc mult'),(659,774,0,'B1826129733',NULL,'Warszawa',NULL,'PL',NULL,'154@test.de',NULL,'Steven','A-1135067297','Graham_test','66 455 51 35','02-172','Sehr geehrter Herr','ul. Gładka 107','Dr. hc mult'),(660,775,0,'B-1151244651',NULL,'ROUEN',NULL,'FR',NULL,'148@test.de',NULL,'Philippine','A1637991735','Desnoyers_test','02.33.38.52.57','76000','Sehr geehrte Frau','46 rue de l\'Epeule','Dr. hc mult'),(661,776,0,'B-1262397517',NULL,'Łódź',NULL,'PL',NULL,'169@test.de',NULL,'Rajmund','A2031679595','Wysocki_test','60 700 36 48','91-180','Sehr geehrter Herr','ul. Flandryjska 29','Dr. hc mult'),(662,777,0,'B343629167',NULL,'Raat',NULL,'CH',NULL,'160@test.de',NULL,'Jiří','A-150222220','Veselý_test','044 863 53 27','8175','Sehr geehrter Herr','Herrenberg 141','Dr. hc mult'),(663,778,0,'B151581529',NULL,'Lindau',NULL,'DE',NULL,'154@test.de',NULL,'Mary','A-1006042638','Morrow_test','08382 40 60 06','88106','Sehr geehrte Frau','Potsdamer Platz 85','Dr. hc mult'),(664,779,0,'B-301066736',NULL,'Bydgoszcz',NULL,'PL',NULL,'139@test.de',NULL,'Hortense','A-953958078','Charbonneau_test','66 561 43 95','85-145','Sehr geehrte Frau','ul. Malborska 16','Dr. hc mult'),(665,780,0,'B1949287156',NULL,'Wrocław',NULL,'PL',NULL,'141@test.de',NULL,'Bolesław','A-733763860','Kozłowski_test','69 955 38 45','50-308','Sehr geehrter Herr','ul. Lompy Józefa 25','Dr. hc mult'),(666,781,0,'B-485006773',NULL,'Heiligenberg',NULL,'DE',NULL,'161@test.de',NULL,'John','A-419266025','White_test','07552 77 82 51','88633','Sehr geehrter Herr','Hedemannstasse 93','Dr. hc mult'),(667,782,0,'B1709873683',NULL,'Deitingen',NULL,'CH',NULL,'147@test.de',NULL,'Kateřina','A2143536485','Hořejší_test','032 576 91 15','4543','Sehr geehrte Frau','Via Camischolas sura 143','Dr. hc mult'),(668,783,0,'B-1250351848',NULL,'Tespe',NULL,'DE',NULL,'145@test.de',NULL,'Miroslava','A-2025116453','Dušková_test','04133 63 04 19','21395','Sehr geehrte Frau','Inge Beisheim Platz 47','Dr. hc mult'),(669,784,0,'B-920860403',NULL,'Kobiór',NULL,'PL',NULL,'155@test.de',NULL,'Kamila','A1860042696','Pazderová_test','78 731 15 05','43-210','Sehr geehrte Frau','ul. Centralna 35','Dr. hc mult'),(670,785,0,'B1639856043',NULL,'Lens',NULL,'CH',NULL,'132@test.de',NULL,'Blanka','A548799946','Borkowska_test','027 803 50 80','1978','Sehr geehrte Frau','Im Wingert 133','Dr. hc mult'),(671,786,0,'B-938681804',NULL,'BASSE-TERRE',NULL,'FR',NULL,'139@test.de',NULL,'Hilda','A-212451745','Clark_test','05.35.42.66.51','97100','Sehr geehrte Frau','46 Rue du Limas','Dr. hc mult'),(672,787,0,'B731909058',NULL,'Katowice',NULL,'PL',NULL,'143@test.de',NULL,'Katrin','A-462308193','Decker_test','79 326 33 93','40-674','Sehr geehrte Frau','ul. Kostki Napierskiego 134','Dr. hc mult'),(673,788,0,'B386625098',NULL,'MAISONS-ALFORT',NULL,'FR',NULL,'135@test.de',NULL,'Evelyn','A-359840486','Bruce_test','05.14.96.81.02','64700','Sehr geehrte Frau','39 avenue Voltaire','Dr. hc mult'),(674,789,0,'B-57434306',NULL,'Cudrefin',NULL,'CH',NULL,'154@test.de',NULL,'Celestyn','A1110409710','Wojciechowski_test','021 420 37 30','1588','Sehr geehrter Herr','Bösch 125','Dr. hc mult'),(675,790,0,'B-1522078669',NULL,'Warszawa',NULL,'PL',NULL,'153@test.de',NULL,'Ruqayyah','A-2033491570','Ganem_test','69 349 78 88','00-844','Sehr geehrte Frau','ul. Grzybowska 34','Dr. hc mult'),(676,791,0,'B-1560701707',NULL,'Herne',NULL,'DE',NULL,'161@test.de',NULL,'Monika','A1947242193','Toufarová_test','02323 01 95 24','44649','Sehr geehrte Frau','Augsburger Straße 32','Dr. hc mult'),(677,792,0,'B-939657236',NULL,'AMIENS',NULL,'FR',NULL,'143@test.de',NULL,'Carole','A679048512','L\'Anglais_test','03.22.73.77.25','80000','Sehr geehrte Frau','64 rue de Geneve','Dr. hc mult'),(678,793,0,'B-1376352570',NULL,'Świeradów-Zdrój',NULL,'PL',NULL,'154@test.de',NULL,'Vachel','A2062680774','Desaulniers_test','78 922 25 25','59-851','Sehr geehrter Herr','ul. Konstytucji 3-go Maja 39','Dr. hc mult'),(679,794,0,'B-1326586693',NULL,'Bassersdorf',NULL,'CH',NULL,'144@test.de',NULL,'Jörg','A1433002020','Feierabend_test','044 504 45 89','8303','Sehr geehrter Herr','Obere Bahnhofstrasse 16','Dr. hc mult'),(680,795,0,'B-1263147796',NULL,'Bettingen',NULL,'CH',NULL,'141@test.de',NULL,'Campbell','A637418455','Jacques_test','061 584 51 97','4126','Sehr geehrter Herr','Grossmatt 87','Dr. hc mult'),(681,796,0,'B351901351',NULL,'Reutlingen Efeu',NULL,'DE',NULL,'145@test.de',NULL,'Jan','A-563671200','Gersten_test','071 56 77 80','72766','Sehr geehrter Herr','Bayreuther Strasse 75','Dr. hc mult'),(682,797,0,'B1361770135',NULL,'Preist',NULL,'DE',NULL,'151@test.de',NULL,'Lucie','A1698237691','Kuchařová_test','06562 77 11 37','54664','Sehr geehrte Frau','Rudower Strasse 93','Dr. hc mult'),(683,798,0,'B-690452693',NULL,'München',NULL,'DE',NULL,'151@test.de',NULL,'Lisa','A-363482027','Krüger_test','089 10 79 96','81313','Sehr geehrte Frau','Rosenstrasse 69','Dr. hc mult'),(684,799,0,'B1267257272',NULL,'Szczecin',NULL,'PL',NULL,'148@test.de',NULL,'Roger','A-1574013252','Burton_test','67 660 87 09','71-156','Sehr geehrter Herr','ul. Fredry Aleksandra 119','Dr. hc mult'),(685,800,0,'B-899358426',NULL,'Gdańsk',NULL,'PL',NULL,'149@test.de',NULL,'Stanislav','A-1231755298','Brus_test','51 259 68 79','80-723','Sehr geehrter Herr','ul. Powalna 62','Dr. hc mult'),(686,801,0,'B-840740836',NULL,'Lembruch',NULL,'DE',NULL,'161@test.de',NULL,'Tempeste','A1916913177','Ménard_test','05447 39 38 94','49459','Sehr geehrte Frau','Meinekestraße 10','Dr. hc mult'),(687,802,0,'B-484775916',NULL,'ÉTAMPES',NULL,'FR',NULL,'167@test.de',NULL,'Tibor','A-1238975014','Strouhal_test','01.24.02.77.46','91150','Sehr geehrter Herr','76 Rue du Palais','Dr. hc mult'),(688,803,0,'B-1275560004',NULL,'Warszawa',NULL,'PL',NULL,'164@test.de',NULL,'Tabor','A362102189','Parrot_test','66 332 57 38','01-927','Sehr geehrter Herr','ul. Głowackiego Bartosza 141','Dr. hc mult'),(689,804,0,'B2060131971',NULL,'Warszawa',NULL,'PL',NULL,'147@test.de',NULL,'Georgette','A1758465255','Lizotte_test','66 877 67 49','02-893','Sehr geehrte Frau','ul. Perlicza 100','Dr. hc mult'),(690,805,0,'B2067979346',NULL,'ILLKIRCH-GRAFFENSTADEN',NULL,'FR',NULL,'149@test.de',NULL,'Kasia','A-1436504816','Jabłońska_test','03.70.27.82.80','67400','Sehr geehrte Frau','98 route de Lyon','Dr. hc mult'),(691,806,0,'B-1482432577',NULL,'Nordhalben',NULL,'DE',NULL,'138@test.de',NULL,'Brie','A-519672207','Hétu_test','09267 16 65 01','96365','Sehr geehrte Frau','Billwerder Neuer Deich 8','Dr. hc mult'),(692,807,0,'B543845423',NULL,'ROANNE',NULL,'FR',NULL,'173@test.de',NULL,'Yvon','A957323900','Tollmache_test','04.71.53.17.80','42300','Sehr geehrter Herr','5 rue Gustave Eiffel','Dr. hc mult'),(693,808,0,'B-1714528049',NULL,'Kappel',NULL,'CH',NULL,'166@test.de',NULL,'Rami','A-680543510','Tahan_test','062 407 95 21','4616','Sehr geehrter Herr','Forrenböhlstrasse 143','Dr. hc mult'),(694,809,0,'B-1842107829',NULL,'Modautal',NULL,'DE',NULL,'131@test.de',NULL,'Amjad','A400941747','Bazzi_test','06167 93 34 46','64397','Sehr geehrter Herr','Mollstrasse 28','Dr. hc mult'),(695,810,0,'B-1406776155',NULL,'Częstochowa',NULL,'PL',NULL,'158@test.de',NULL,'Zuzanna','A1025934938','Dąbrowski _test','78 731 06 56','42-202','Sehr geehrte Frau','ul. Bociania 50','Dr. hc mult'),(696,811,0,'B-597123170',NULL,'Wutöschingen',NULL,'DE',NULL,'153@test.de',NULL,'Naheeda','A393474848','Kouri_test','07746 93 79 27','79793','Sehr geehrte Frau','Bleibtreustraße 26','Dr. hc mult'),(697,812,0,'B-1470992496',NULL,'MULHOUSE',NULL,'FR',NULL,'152@test.de',NULL,'Tymon','A522936602','Dąbrowski _test','03.38.47.74.03','68100','Sehr geehrter Herr','41 rue des Coudriers','Dr. hc mult'),(698,813,0,'B-399917651',NULL,'Hätzingen',NULL,'CH',NULL,'152@test.de',NULL,'Aleksander','A1376911932','Wiśniewski_test','044 348 29 82','8775','Sehr geehrter Herr','Brucknerweg 131','Dr. hc mult'),(699,814,0,'B-671603212',NULL,'Selbitz',NULL,'DE',NULL,'148@test.de',NULL,'Henriette','A94560475','Laisné_test','034928 24 40','95152','Sehr geehrte Frau','Holstenwall 80','Dr. hc mult'),(700,815,0,'B-1613148569',NULL,'Rzeszów',NULL,'PL',NULL,'144@test.de',NULL,'Karen','A-634656205','Edwards_test','88 918 33 61','35-001','Sehr geehrte Frau','ul. Świętego Mikołaja 138','Dr. hc mult'),(701,816,0,'B-232095171',NULL,'BOURGES',NULL,'FR',NULL,'149@test.de',NULL,'Tammy','A-1258506771','Andrews_test','02.57.81.80.24','18000','Sehr geehrte Frau','55 rue Petite Fusterie','Dr. hc mult'),(702,817,0,'B1957530929',NULL,'BASSE-TERRE',NULL,'FR',NULL,'147@test.de',NULL,'Maik','A1134397894','Fried_test','05.05.65.58.22','97100','Sehr geehrter Herr','51 Rue du Limas','Dr. hc mult'),(703,818,0,'B282156561',NULL,'Frauenfeld',NULL,'CH',NULL,'144@test.de',NULL,'Humam','A-970960706','Haik_test','052 943 70 64','8510','Sehr geehrter Herr','Im Sandbüel 140','Dr. hc mult'),(704,819,0,'B270712126',NULL,'Langendorf',NULL,'CH',NULL,'144@test.de',NULL,'Dorothée','A-1376137357','Lafrenière_test','032 934 39 10','4513','Sehr geehrte Frau','Rosenweg 139','Dr. hc mult'),(705,820,0,'B1557383876',NULL,'Gdańsk',NULL,'PL',NULL,'152@test.de',NULL,'Harry','A562027424','Parks_test','88 980 94 89','80-180','Sehr geehrter Herr','ul. Dąbka Stanisława 83','Dr. hc mult'),(706,821,0,'B1430769956',NULL,'Püttlingen',NULL,'DE',NULL,'143@test.de',NULL,'Jamal al Din','A1989464786','Essa_test','06806 53 25 53','66346','Sehr geehrter Herr','Meininger Strasse 88','Dr. hc mult'),(707,822,0,'B2090112272',NULL,'Magdeburg',NULL,'DE',NULL,'142@test.de',NULL,'Harriette','A1069190350','Fontaine_test','0391 18 01 10','39038','Sehr geehrte Frau','Unter den Linden 72','Dr. hc mult'),(708,823,0,'B-2106230868',NULL,'SAINT-BENOÎT',NULL,'FR',NULL,'153@test.de',NULL,'Thomas','A-1546936255','Eisenhower_test','02.97.91.50.61','97470','Sehr geehrter Herr','53 rue des Nations Unies','Dr. hc mult'),(709,824,0,'B1845940229',NULL,'LYON',NULL,'FR',NULL,'358@test.de',NULL,'Zdeňka','A-1518103376','Čadková_test','04.04.87.64.99','69007','Sehr geehrte Frau','97 rue Banaudon','Dr. hc mult'),(710,825,0,'B480813545',NULL,'LA GARDE',NULL,'FR',NULL,'146@test.de',NULL,'Joe','A-443901245','Horton_test','04.90.34.90.37','83130','Sehr geehrter Herr','32 rue des Soeurs','Dr. hc mult'),(711,826,0,'B-276063426',NULL,'Zabrze',NULL,'PL',NULL,'144@test.de',NULL,'Frédérique','A1611869277','Jacques_test','60 127 58 75','41-808','Sehr geehrte Frau','ul. Komuny Paryskiej 143','Dr. hc mult'),(712,827,0,'B2142688907',NULL,'Breite',NULL,'CH',NULL,'144@test.de',NULL,'Fanny','A1270716453','Jackson_test','044 519 59 24','8309','Sehr geehrte Frau','Sonnenbergstr 130','Dr. hc mult'),(713,828,0,'B2725973',NULL,'Poznań',NULL,'PL',NULL,'168@test.de',NULL,'Vincent','A398166114','Rocheleau_test','51 421 48 34','60-650','Sehr geehrter Herr','ul. Piątkowska 59','Dr. hc mult'),(714,829,0,'B992208500',NULL,'TOURCOING',NULL,'FR',NULL,'152@test.de',NULL,'Miron','A-1872553118','Kamiński_test','03.91.35.38.10','59200','Sehr geehrter Herr','8 quai Saint-Nicolas','Dr. hc mult'),(715,830,0,'B331465624',NULL,'Eschi',NULL,'CH',NULL,'157@test.de',NULL,'Katharina','A1737733057','Reinhard_test','031 362 31 29','3766','Sehr geehrte Frau','Fortunastrasse 19','Dr. hc mult'),(716,831,0,'B1606801035',NULL,'LAON',NULL,'FR',NULL,'150@test.de',NULL,'Jiří','A-1431416504','Lysoněk_test','03.15.84.16.55','2000','Sehr geehrter Herr','44 Place Napoléon','Dr. hc mult'),(717,832,0,'B300721148',NULL,'Flumenthal',NULL,'CH',NULL,'149@test.de',NULL,'Ranger','A-1748592836','Cartier_test','032 713 40 18','4534','Sehr geehrter Herr','Kammelenbergstrasse 54','Dr. hc mult'),(718,833,0,'B937235152',NULL,'VESOUL',NULL,'FR',NULL,'154@test.de',NULL,'David','A-650529958','Verner_test','03.97.29.05.27','70000','Sehr geehrter Herr','92 Rue Frédéric Chopin','Dr. hc mult'),(719,834,0,'B23463505',NULL,'CALAIS',NULL,'FR',NULL,'133@test.de',NULL,'Anaïs','A741650642','Deschamps_test','03.38.34.94.32','62100','Sehr geehrte Frau','8 Chemin Du Lavarin Sud','Dr. hc mult'),(720,835,0,'B-1894498639',NULL,'Ingolstadt',NULL,'DE',NULL,'166@test.de',NULL,'Tomáš','A352744696','Rožnovský_test','0841 84 28 77','85025','Sehr geehrter Herr','Albrechtstrasse 72','Dr. hc mult'),(721,836,0,'B-1113802825',NULL,'Wildeshausen',NULL,'DE',NULL,'149@test.de',NULL,'Emmanuel','A1190870922','Pinneau_test','04431 96 57 38','27793','Sehr geehrter Herr','Nuernbergerstrasse 54','Dr. hc mult'),(722,837,0,'B1128019611',NULL,'Augwil',NULL,'CH',NULL,'150@test.de',NULL,'Christien','A-64807235','St-Pierre_test','052 244 24 23','8426','Sehr geehrter Herr','Zürichstrasse 91','Dr. hc mult'),(723,838,0,'B1398731600',NULL,'Wahlern',NULL,'CH',NULL,'156@test.de',NULL,'Luiza','A-27531410','Piotrowska_test','031 643 86 24','3150','Sehr geehrte Frau','Via delle Vigne 92','Dr. hc mult'),(724,839,0,'B-1228007725',NULL,'Chiggiogna',NULL,'CH',NULL,'146@test.de',NULL,'Legget','A1804991528','Favreau_test','091 798 32 34','6764','Sehr geehrter Herr','Loorenstrasse 109','Dr. hc mult'),(725,840,0,'B-1410107594',NULL,'TOURCOING',NULL,'FR',NULL,'141@test.de',NULL,'Avent','A330043866','Laderoute_test','03.17.58.48.25','59200','Sehr geehrter Herr','89 quai Saint-Nicolas','Dr. hc mult'),(726,841,0,'B1686526853',NULL,'VERTOU',NULL,'FR',NULL,'151@test.de',NULL,'Robert','A-892452995','Eakes_test','02.22.74.73.68','44120','Sehr geehrter Herr','8 Rue Frédéric Chopin','Dr. hc mult'),(727,842,0,'B1048212655',NULL,'Düsseldorf Gerresheim',NULL,'DE',NULL,'167@test.de',NULL,'Tereza','A363040246','Slováková_test','0211 30 36 66','40629','Sehr geehrte Frau','Friedrichstrasse 35','Dr. hc mult'),(728,843,0,'B218721821',NULL,'Kraków',NULL,'PL',NULL,'150@test.de',NULL,'Carol','A833159149','Sedlak_test','66 519 10 14','30-049','Sehr geehrte Frau','ul. Chopina Fryderyka 110','Dr. hc mult'),(729,844,0,'B1165021087',NULL,'BORDEAUX',NULL,'FR',NULL,'148@test.de',NULL,'Paul','A-942262912','Dennis_test','05.94.71.13.49','33300','Sehr geehrter Herr','86 cours Jean Jaures','Dr. hc mult'),(730,845,0,'B632501205',NULL,'Katowice',NULL,'PL',NULL,'160@test.de',NULL,'Thiery','A860190196','Lavallée_test','60 179 90 96','40-765','Sehr geehrter Herr','ul. Koreańska 8','Dr. hc mult'),(731,846,0,'B-723295939',NULL,'Messen',NULL,'CH',NULL,'152@test.de',NULL,'Vanessa','A-1818453554','Bosch_test','032 954 85 53','3254','Sehr geehrte Frau','In Stierwisen 54','Dr. hc mult'),(732,847,0,'B-2017955442',NULL,'Ellenhausen',NULL,'DE',NULL,'156@test.de',NULL,'Jeannine','A-172615166','Roussel_test','02626 67 29 91','56242','Sehr geehrte Frau','Storkower Strasse 73','Dr. hc mult'),(733,848,0,'B2089234953',NULL,'Kanderbrück',NULL,'CH',NULL,'153@test.de',NULL,'Lamis','A-127140589','Mansour_test','031 376 76 95','3714','Sehr geehrte Frau','Forrenböhlstrasse 13','Dr. hc mult'),(734,849,0,'B702159075',NULL,'Alveslohe',NULL,'DE',NULL,'144@test.de',NULL,'Merlin','A-11368099','Chnadonnet_test','04191 82 92 89','25486','Sehr geehrter Herr','Karl-Liebknecht-Strasse 69','Dr. hc mult'),(735,850,0,'B1791418109',NULL,'SAINT-ANDRÉ',NULL,'FR',NULL,'170@test.de',NULL,'Scotty','A450763744','White_test','02.91.39.87.96','97440','Sehr geehrter Herr','96 rue de l\'Epeule','Dr. hc mult'),(736,851,0,'B-1973955973',NULL,'ALBI',NULL,'FR',NULL,'158@test.de',NULL,'Sylwester','A-1874307771','Kalinowski_test','05.75.50.76.51','81000','Sehr geehrter Herr','78 Chemin des Bateliers','Dr. hc mult'),(737,852,0,'B1243913730',NULL,'MAUBEUGE',NULL,'FR',NULL,'164@test.de',NULL,'Thorsten','A648907502','Probst_test','03.50.31.18.03','59600','Sehr geehrter Herr','11 Quai des Belges','Dr. hc mult'),(738,853,0,'B-1949279841',NULL,'Grafenau',NULL,'DE',NULL,'131@test.de',NULL,'Bayard','A-1471733672','Allard_test','07033 46 91 63','94475','Sehr geehrter Herr','Hallesches Ufer 94','Dr. hc mult'),(739,854,0,'B72586661',NULL,'Wegenstetten',NULL,'CH',NULL,'146@test.de',NULL,'Kevin','A-1326207718','Gruenewald_test','049 967 78 41','4317','Sehr geehrter Herr','Tösstalstrasse 92','Dr. hc mult'),(740,855,0,'B-342655732',NULL,'Alpnachstad',NULL,'CH',NULL,'148@test.de',NULL,'Honoré','A-821645769','Legault_test','041 996 53 10','6053','Sehr geehrter Herr','Postfach 58','Dr. hc mult'),(741,856,0,'B-580748278',NULL,'CHÂLONS-EN-CHAMPAGNE',NULL,'FR',NULL,'152@test.de',NULL,'Martin','A1631684016','Kratochvíl_test','03.34.66.06.41','51000','Sehr geehrter Herr','70 boulevard Albin Durand','Dr. hc mult'),(742,857,0,'B1003673865',NULL,'Welle',NULL,'DE',NULL,'137@test.de',NULL,'Garland','A288082282','Bois_test','04188 84 02 02','21261','Sehr geehrter Herr','Karl-Liebknecht-Strasse 96','Dr. hc mult'),(743,858,0,'B-797134560',NULL,'CRÉTEIL',NULL,'FR',NULL,'421@test.de',NULL,'Eliška','A570223339','Štěpánová_test','01.02.76.00.00','94000','Sehr geehrte Frau','97 boulevard Bryas','Dr. hc mult'),(744,859,0,'B-581198150',NULL,'Poznań',NULL,'PL',NULL,'150@test.de',NULL,'Fiacre','A1006314368','Poissonnier_test','88 571 43 77','60-408','Sehr geehrter Herr','ul. Latwisa Stanisława 98','Dr. hc mult'),(745,860,0,'B241584150',NULL,'Fuyens',NULL,'CH',NULL,'135@test.de',NULL,'Denis','A-151003972','Cousteau_test','026 593 80 15','1690','Sehr geehrter Herr','Via Schliffras 81','Dr. hc mult'),(746,861,0,'B-732627786',NULL,'Warszawa',NULL,'PL',NULL,'149@test.de',NULL,'Sirin','A2006422394','Baba_test','69 482 05 67','02-939','Sehr geehrte Frau','ul. Zalew 37','Dr. hc mult'),(747,862,0,'B-148196339',NULL,'Hamburg Bergedorf',NULL,'DE',NULL,'149@test.de',NULL,'Asma','A1695548362','Tahan_test','040 20 59 04','21029','Sehr geehrte Frau','Waßmannsdorfer Chaussee 93','Dr. hc mult'),(748,863,0,'B1461976280',NULL,'Zabrze',NULL,'PL',NULL,'164@test.de',NULL,'Zdenka','A-746891671','Janků_test','66 172 29 09','41-800','Sehr geehrte Frau','ul. Dębowa 17','Dr. hc mult'),(749,864,0,'B-608367602',NULL,'Wrocław',NULL,'PL',NULL,'137@test.de',NULL,'Florismart','A1503698106','Camus_test','69 455 48 20','50-239','Sehr geehrter Herr','ul. Kazimierza Jagiellończyka 106','Dr. hc mult'),(750,865,0,'B-2024871086',NULL,'Lykershausen',NULL,'DE',NULL,'161@test.de',NULL,'Vít','A-239978922','Králík_test','06773 79 00 54','56346','Sehr geehrter Herr','Koepenicker Str. 84','Dr. hc mult'),(751,866,0,'B1824791101',NULL,'Bydgoszcz',NULL,'PL',NULL,'137@test.de',NULL,'Hadiyyah','A-1867426897','Atiyeh_test','72 440 30 04','85-754','Sehr geehrte Frau','ul. Dźwigowa 106','Dr. hc mult'),(752,867,0,'B524786439',NULL,'Rosshäusern',NULL,'CH',NULL,'135@test.de',NULL,'Fawziya','A-1521173663','Attia_test','032 807 96 16','3204','Sehr geehrte Frau','Brunnenstrasse 141','Dr. hc mult'),(753,868,0,'B-1732531633',NULL,'GUÉRET',NULL,'FR',NULL,'148@test.de',NULL,'Rafa','A583062548','Baz_test','05.34.55.41.27','23000','Sehr geehrte Frau','31 Avenue des Tuileries','Dr. hc mult'),(754,869,0,'B-693822696',NULL,'MARSEILLE',NULL,'FR',NULL,'156@test.de',NULL,'Saidah','A1579338540','Issa_test','04.97.89.99.60','13009','Sehr geehrte Frau','48 cours Franklin Roosevelt','Dr. hc mult'),(755,870,0,'B272091960',NULL,'ÉCHIROLLES',NULL,'FR',NULL,'162@test.de',NULL,'Walenty','A-957214568','Kwiatkowski_test','04.98.87.63.29','38130','Sehr geehrter Herr','92 Avenue Millies Lacroix','Dr. hc mult'),(756,871,0,'B1976218047',NULL,'Berlin Wittenau',NULL,'DE',NULL,'147@test.de',NULL,'Celia','A-1877058951','Pitchford_test','030 90 00 75','13439','Sehr geehrte Frau','Waßmannsdorfer Chaussee 24','Dr. hc mult'),(757,872,0,'B-89262039',NULL,'MIRAMAS',NULL,'FR',NULL,'158@test.de',NULL,'Joseph','A1240434554','Thompson_test','04.67.47.13.71','13140','Sehr geehrter Herr','37 rue Bonneterie','Dr. hc mult'),(758,873,0,'B-1014812580',NULL,'Gersthofen',NULL,'DE',NULL,'429@test.de',NULL,'Marta','A-1058204399','Škapová_test','08230 66 36 66','86368','Sehr geehrte Frau','Paderborner Strasse 41','Dr. hc mult'),(759,874,0,'B334716089',NULL,'Benningen',NULL,'DE',NULL,'142@test.de',NULL,'Lowell','A554174214','Bordeaux_test','08331 36 02 58','71726','Sehr geehrter Herr','Ufnau Strasse 15','Dr. hc mult'),(760,875,0,'B-1342901043',NULL,'Les Sagnettes',NULL,'CH',NULL,'144@test.de',NULL,'Carole','A2144477159','Massé_test','032 273 93 86','2124','Sehr geehrte Frau','Studhaldenstrasse 10','Dr. hc mult'),(761,876,0,'B1641982049',NULL,'Zabrze',NULL,'PL',NULL,'155@test.de',NULL,'Paweł','A-21711266','Kwiatkowski_test','60 197 84 49','41-800','Sehr geehrter Herr','ul. Biniasa Pawła 21','Dr. hc mult'),(762,877,0,'B29633538',NULL,'Landshut',NULL,'DE',NULL,'166@test.de',NULL,'Wisława','A-1501603459','Ostrowska_test','08707 99 26 24','84007','Sehr geehrte Frau','Neuer Jungfernstieg 43','Dr. hc mult'),(763,878,0,'B-1787878098',NULL,'DIJON',NULL,'FR',NULL,'150@test.de',NULL,'Klaus','A175138429','Krueger_test','03.83.59.82.82','21000','Sehr geehrter Herr','4 rue des lieutemants Thomazo','Dr. hc mult'),(764,879,0,'B-914478641',NULL,'NANCY',NULL,'FR',NULL,'153@test.de',NULL,'Beverly','A-619725689','Williams_test','03.43.52.88.83','54100','Sehr geehrte Frau','42 place Stanislas','Dr. hc mult'),(765,880,0,'B-1832778319',NULL,'ÉTAMPES',NULL,'FR',NULL,'160@test.de',NULL,'Milan','A1170501497','Slivka_test','01.13.44.31.78','91150','Sehr geehrter Herr','65 Rue du Palais','Dr. hc mult'),(766,881,0,'B-2050889212',NULL,'Oeschenbach',NULL,'CH',NULL,'151@test.de',NULL,'Johanna','A1282590925','Mehler_test','062 525 88 52','4943','Sehr geehrte Frau','Jakobstrasse 52','Dr. hc mult'),(767,882,0,'B1379540537',NULL,'Pregny',NULL,'CH',NULL,'148@test.de',NULL,'Doreen','A-1410359800','Peters_test','022 333 93 28','1292','Sehr geehrte Frau','Herrenberg 71','Dr. hc mult'),(768,883,0,'B222760634',NULL,'SEVRAN',NULL,'FR',NULL,'176@test.de',NULL,'Vlasta','A346756693','Závodná_test','01.81.27.30.46','93270','Sehr geehrte Frau','24 avenue de Bouvines','Dr. hc mult'),(769,884,0,'B-1832026812',NULL,'Sosnowiec',NULL,'PL',NULL,'148@test.de',NULL,'Lubabah','A1825568068','Halabi_test','88 805 14 26','41-219','Sehr geehrte Frau','ul. Cienista 27','Dr. hc mult'),(770,885,0,'B1948643311',NULL,'Schnaitsee',NULL,'DE',NULL,'154@test.de',NULL,'Nicolas','A-37718336','Leclair_test','08074 52 73 71','83528','Sehr geehrter Herr','Jahnstrasse 47','Dr. hc mult'),(771,886,0,'B-1666214095',NULL,'Jaworzno',NULL,'PL',NULL,'153@test.de',NULL,'Lindsay','A-16758606','McDonald_test','72 287 86 73','43-603','Sehr geehrte Frau','ul. Kolonia Artur 66','Dr. hc mult'),(772,887,0,'B2094567509',NULL,'LYON',NULL,'FR',NULL,'150@test.de',NULL,'Phillipp','A-1452783372','Farber_test','04.16.91.60.54','69005','Sehr geehrter Herr','11 rue Banaudon','Dr. hc mult'),(773,888,0,'B-2084177606',NULL,'Lublin',NULL,'PL',NULL,'145@test.de',NULL,'Marion','A-1532562816','Dominguez_test','53 134 74 73','20-211','Sehr geehrter Herr','ul. Gospodarcza 48','Dr. hc mult'),(774,889,0,'B345344870',NULL,'Zgierz',NULL,'PL',NULL,'149@test.de',NULL,'Mariette','A1181541115','Hervé_test','53 490 91 51','95-101','Sehr geehrte Frau','ul. Piłsudskiego 148','Dr. hc mult'),(775,890,0,'B230733730',NULL,'Neunkirchen',NULL,'DE',NULL,'142@test.de',NULL,'Mundhir','A-494720499','Abboud_test','06821 75 95 38','66522','Sehr geehrter Herr','Meininger Strasse 70','Dr. hc mult'),(776,891,0,'B-1960619845',NULL,'Elzach',NULL,'DE',NULL,'148@test.de',NULL,'Jadwiga','A738670122','Jabłońska_test','07682 01 24 57','79215','Sehr geehrte Frau','Schönhauser Allee 46','Dr. hc mult'),(777,892,0,'B663685930',NULL,'Tiefenbach',NULL,'DE',NULL,'144@test.de',NULL,'Carine','A-1785020753','Mercure_test','034322 82 37','55471','Sehr geehrte Frau','Hoheluftchaussee 6','Dr. hc mult'),(778,893,0,'B-380419938',NULL,'Gross',NULL,'CH',NULL,'143@test.de',NULL,'Barbora','A1626083717','Malá_test','055 328 23 97','8841','Sehr geehrte Frau','Sondanella 134','Dr. hc mult'),(779,894,0,'B-193211959',NULL,'Brügg',NULL,'CH',NULL,'153@test.de',NULL,'Maria','A297941679','Leblanc_test','032 633 25 94','2555','Sehr geehrte Frau','Üerklisweg 68','Dr. hc mult'),(780,895,0,'B339312093',NULL,'Poznań',NULL,'PL',NULL,'146@test.de',NULL,'Kunegunda','A1677764194','Gorska_test','79 270 84 66','61-038','Sehr geehrte Frau','ul. Gąsawska 116','Dr. hc mult'),(781,896,0,'B767878811',NULL,'Auenstein',NULL,'CH',NULL,'149@test.de',NULL,'Bernd','A-1906986344','Seiler_test','062 946 99 69','5105','Sehr geehrter Herr','Zürichstrasse 6','Dr. hc mult'),(782,897,0,'B1999603937',NULL,'Wrocław',NULL,'PL',NULL,'159@test.de',NULL,'Mieczysława','A-2051001525','Rutkowska_test','88 921 00 61','50-383','Sehr geehrte Frau','ul. Joliot Curie Fryderyka 62','Dr. hc mult'),(783,898,0,'B792429848',NULL,'Kappel am Albis',NULL,'CH',NULL,'151@test.de',NULL,'Uwe','A790152369','Bachmeier_test','044 323 21 92','8926','Sehr geehrter Herr','Forrenböhlstrasse 142','Dr. hc mult'),(784,899,0,'B956102654',NULL,'Wrocław',NULL,'PL',NULL,'171@test.de',NULL,'Walter','A-308872920','Terrill_test','67 601 67 86','53-133','Sehr geehrter Herr','ul. Kampinoska 129','Dr. hc mult'),(785,900,0,'B-1951716471',NULL,'Denens',NULL,'CH',NULL,'149@test.de',NULL,'Jana','A26774727','Kubínová_test','021 569 58 29','1135','Sehr geehrte Frau','Via Camischolas sura 116','Dr. hc mult'),(786,901,0,'B-1704795893',NULL,'Mazembroz',NULL,'CH',NULL,'153@test.de',NULL,'René','A-1810571619','Gregor_test','027 975 37 21','1926','Sehr geehrter Herr','Schuetzenweg 100','Dr. hc mult'),(787,902,0,'B-307777352',NULL,'TOURS',NULL,'FR',NULL,'143@test.de',NULL,'Corette','A735219759','Lachance_test','02.95.59.82.82','37100','Sehr geehrte Frau','87 quai Saint-Nicolas','Dr. hc mult'),(788,903,0,'B-352597963',NULL,'Eutin',NULL,'DE',NULL,'142@test.de',NULL,'Josef','A1008494001','Dirda_test','04521 99 94 72','23692','Sehr geehrter Herr','Nuernbergerstrasse 64','Dr. hc mult'),(789,904,0,'B-432373529',NULL,'Częstochowa',NULL,'PL',NULL,'143@test.de',NULL,'Langley','A1670374922','Clavet_test','60 427 17 49','42-202','Sehr geehrter Herr','Al. Najświętszej Maryi Panny 122','Dr. hc mult'),(790,905,0,'B2116757520',NULL,'LILLE',NULL,'FR',NULL,'149@test.de',NULL,'Scott','A-531048529','Buchanan_test','03.17.21.58.07','59000','Sehr geehrter Herr','47 Chemin Challet','Dr. hc mult'),(791,906,0,'B-705546750',NULL,'Kielce',NULL,'PL',NULL,'154@test.de',NULL,'Heike','A924065738','Reiniger_test','66 631 24 65','25-621','Sehr geehrte Frau','ul. Piekoszowska 45','Dr. hc mult'),(792,907,0,'B-2114656530',NULL,'Friggahüs',NULL,'CH',NULL,'166@test.de',NULL,'Věra','A1502661456','Procházková_test','081 336 66 62','7136','Sehr geehrte Frau','Im Sandbüel 105','Dr. hc mult'),(793,908,0,'B-2057896169',NULL,'Barcin',NULL,'PL',NULL,'142@test.de',NULL,'Afrodille','A464762357','Mercure_test','66 981 97 61','88-190','Sehr geehrte Frau','ul. Artylerzystów 51','Dr. hc mult'),(794,909,0,'B1850101108',NULL,'Wrocław',NULL,'PL',NULL,'154@test.de',NULL,'Czcibor','A-736597735','Woźniak_test','72 169 06 86','54-060','Sehr geehrter Herr','ul. Świeża 90','Dr. hc mult'),(795,910,0,'B720997125',NULL,'Katowice',NULL,'PL',NULL,'163@test.de',NULL,'Pascal','A98434345','St-Jacques_test','60 152 90 97','40-171','Sehr geehrter Herr','ul. Modrzewiowa 128','Dr. hc mult'),(796,911,0,'B-1447079319',NULL,'Hamburg Bergstedt',NULL,'DE',NULL,'132@test.de',NULL,'Cecelia','A1090064898','Amador_test','040 61 87 24','22395','Sehr geehrte Frau','Waßmannsdorfer Chaussee 51','Dr. hc mult'),(797,912,0,'B1585015411',NULL,'ÉCHIROLLES',NULL,'FR',NULL,'172@test.de',NULL,'Uta','A744679263','Winkel_test','04.33.59.98.28','38130','Sehr geehrte Frau','59 Avenue Millies Lacroix','Dr. hc mult'),(798,913,0,'B-1029419055',NULL,'Lausanne',NULL,'CH',NULL,'156@test.de',NULL,'Lisa','A1889160280','Perry_test','021 656 42 85','1006','Sehr geehrte Frau','Kopfhölzistrasse 134','Dr. hc mult'),(799,914,0,'B-600105724',NULL,'Wrocław',NULL,'PL',NULL,'147@test.de',NULL,'Kateřina','A-1233316493','Hanzelková_test','60 916 28 89','50-123','Sehr geehrte Frau','ul. Przejście Oławskie 86','Dr. hc mult'),(800,915,0,'B1418556730',NULL,'Rostock',NULL,'DE',NULL,'147@test.de',NULL,'Leal','A991042275','Grignon_test','0381 32 71 53','18001','Sehr geehrter Herr','Kurfürstendamm 54','Dr. hc mult'),(801,916,0,'B-2074788408',NULL,'Stuttgart Süd',NULL,'DE',NULL,'155@test.de',NULL,'Nadhir','A1705835747','Masih_test','0711 97 90 51','70184','Sehr geehrter Herr','Ollenhauer Str. 49','Dr. hc mult'),(802,917,0,'B384469845',NULL,'LE MANS',NULL,'FR',NULL,'163@test.de',NULL,'Michael','A-1274994101','Ventimiglia_test','02.95.93.09.65','72000','Sehr geehrter Herr','4 rue Goya','Dr. hc mult'),(803,918,0,'B-608206091',NULL,'SAINT-LEU',NULL,'FR',NULL,'144@test.de',NULL,'Crescent','A-906353194','Mouet_test','02.36.22.58.64','97436','Sehr geehrte Frau','30 avenue du Marechal Juin','Dr. hc mult'),(804,919,0,'B583457991',NULL,'Lourtier',NULL,'CH',NULL,'171@test.de',NULL,'Věra','A927023287','Urbancová_test','027 530 41 84','1948','Sehr geehrte Frau','Betburweg 74','Dr. hc mult'),(805,920,0,'B-1337621290',NULL,'Szczecin',NULL,'PL',NULL,'156@test.de',NULL,'Lora','A1962657120','Perry_test','88 888 07 80','71-838','Sehr geehrte Frau','ul. Bajeczna 110','Dr. hc mult'),(806,921,0,'B-660449215',NULL,'Hamburg Francop',NULL,'DE',NULL,'139@test.de',NULL,'Demi','A1458797494','Goddu_test','040 09 70 55','21129','Sehr geehrte Frau','Boxhagener Str. 61','Dr. hc mult'),(807,922,0,'B-1318420478',NULL,'Ciona',NULL,'CH',NULL,'151@test.de',NULL,'Théodore','A-1369819132','Chevrette_test','091 438 34 53','6914','Sehr geehrter Herr','Loorenstrasse 144','Dr. hc mult'),(808,923,0,'B-554549299',NULL,'PAU',NULL,'FR',NULL,'154@test.de',NULL,'Josef','A-1260099486','Paclt_test','05.84.24.34.59','64000','Sehr geehrter Herr','74 Faubourg Saint Honoré','Dr. hc mult'),(809,924,0,'B-1450539311',NULL,'Warszawa',NULL,'PL',NULL,'153@test.de',NULL,'Merci','A-410050439','Langelier_test','53 680 32 76','02-676','Sehr geehrte Frau','ul. Postępu 79','Dr. hc mult'),(810,925,0,'B-131270293',NULL,'Courchapoix',NULL,'CH',NULL,'166@test.de',NULL,'Ubaab','A1460433346','Qureshi_test','032 617 96 22','2825','Sehr geehrte Frau','Bösch 4','Dr. hc mult'),(811,926,0,'B106485260',NULL,'Dangio',NULL,'CH',NULL,'155@test.de',NULL,'Shumayl','A482487985','Hakimi_test','091 762 76 41','6717','Sehr geehrter Herr','Dreibündenstrasse 24','Dr. hc mult'),(812,927,0,'B1097454812',NULL,'Wilsum',NULL,'DE',NULL,'157@test.de',NULL,'Zahrah','A1935909232','Cham_test','05942 24 67 01','49849','Sehr geehrte Frau','Lietzenburger Straße 90','Dr. hc mult'),(813,928,0,'B94519523',NULL,'Bydgoszcz',NULL,'PL',NULL,'171@test.de',NULL,'Zakariyya','A1107088150','Qureshi_test','79 670 10 62','85-374','Sehr geehrter Herr','ul. Prądy 16','Dr. hc mult'),(814,929,0,'B836164285',NULL,'GOUSSAINVILLE',NULL,'FR',NULL,'164@test.de',NULL,'William','A1217842811','Mitchell_test','01.22.59.12.50','95190','Sehr geehrter Herr','84 rue Jean-Monnet','Dr. hc mult'),(815,930,0,'B-835327965',NULL,'Weingarten',NULL,'CH',NULL,'137@test.de',NULL,'Elita','A516907542','Ducharme_test','071 893 35 92','9508','Sehr geehrte Frau','Langwiesstrasse 142','Dr. hc mult'),(816,931,0,'B752089302',NULL,'Radelfingen',NULL,'CH',NULL,'150@test.de',NULL,'Katarzyna','A-911845746','Kamińska_test','031 460 69 95','3068','Sehr geehrte Frau','Herrenberg 148','Dr. hc mult'),(817,932,0,'B474329256',NULL,'VERDUN',NULL,'FR',NULL,'154@test.de',NULL,'Ray','A-1557763103','Huppé_test','03.27.67.64.54','55100','Sehr geehrter Herr','96 boulevard d\'Alsace','Dr. hc mult'),(818,933,0,'B-173793357',NULL,'Weinböhla',NULL,'DE',NULL,'152@test.de',NULL,'Mario','A2018821457','Kastner_test','035243 30 42','1686','Sehr geehrter Herr','Amsinckstrasse 95','Dr. hc mult'),(819,934,0,'B-944558833',NULL,'Kellenhusen',NULL,'DE',NULL,'148@test.de',NULL,'Georgette','A-424194959','Mireault_test','04364 69 42 68','23746','Sehr geehrte Frau','Schönwalder Allee 52','Dr. hc mult'),(820,935,0,'B-107338380',NULL,'Seglingen',NULL,'CH',NULL,'151@test.de',NULL,'Tymoteusz','A936250895','Czarnecki_test','044 777 13 56','8193','Sehr geehrter Herr','Allmenrüti 147','Dr. hc mult'),(821,936,0,'B282390192',NULL,'Bytom',NULL,'PL',NULL,'158@test.de',NULL,'Ralph','A89601994','Lowe_test','88 250 82 12','41-907','Sehr geehrter Herr','ul. Generała Roweckiego Strefana Grota 27','Dr. hc mult'),(822,937,0,'B1840284129',NULL,'Esslingen Wäldenbronn',NULL,'DE',NULL,'137@test.de',NULL,'David','A2086026136','Ebersbacher_test','0711 45 90 51','73732','Sehr geehrter Herr','Neue Roßstr. 52','Dr. hc mult'),(823,938,0,'B1217098187',NULL,'Flurlingen',NULL,'CH',NULL,'162@test.de',NULL,'Karol','A-973060477','Wieczorek_test','044 951 76 58','8247','Sehr geehrter Herr','Kammelenbergstrasse 76','Dr. hc mult'),(824,939,0,'B869808065',NULL,'Radom',NULL,'PL',NULL,'149@test.de',NULL,'Bara\'ah','A-2141668760','Shalhoub_test','72 843 83 93','26-610','Sehr geehrte Frau','ul. Ciasna 108','Dr. hc mult'),(825,940,0,'B-2109990656',NULL,'Schönebeck',NULL,'DE',NULL,'429@test.de',NULL,'Miroslava','A343688836','Šmídová_test','03928 05 00 70','39218','Sehr geehrte Frau','Ruschestrasse 57','Dr. hc mult'),(826,941,0,'B-2076410005',NULL,'Lommiswil',NULL,'CH',NULL,'142@test.de',NULL,'Krystiana','A-249585400','Chmielewska_test','032 920 41 40','4514','Sehr geehrte Frau','Betburweg 20','Dr. hc mult'),(827,942,0,'B-1396970492',NULL,'Białystok',NULL,'PL',NULL,'154@test.de',NULL,'Michelle','A1994740752','Marbury_test','66 864 89 44','15-546','Sehr geehrte Frau','ul. Zaułek Łęczycki 111','Dr. hc mult'),(828,943,0,'B1685980829',NULL,'Gdańsk',NULL,'PL',NULL,'458@test.de',NULL,'Marie','A1477221043','Žižlavská_test','67 822 20 71','80-203','Sehr geehrte Frau','ul. Giełguda Antoniego 133','Dr. hc mult'),(829,944,0,'B-912585327',NULL,'St-Imier',NULL,'CH',NULL,'147@test.de',NULL,'Fathi','A-1129808123','Maalouf_test','032 638 22 30','2610','Sehr geehrter Herr','Via Albarelle 14','Dr. hc mult'),(830,945,0,'B331471244',NULL,'PARIS',NULL,'FR',NULL,'143@test.de',NULL,'Ammar','A-962373571','Naser_test','01.77.94.28.30','75002','Sehr geehrter Herr','41 Square de la Couronne','Dr. hc mult'),(831,946,0,'B1272781982',NULL,'CARPENTRAS',NULL,'FR',NULL,'144@test.de',NULL,'Edyta','A-1665728414','Kowalska_test','04.90.67.89.91','84200','Sehr geehrte Frau','44 rue Porte d\'Orange','Dr. hc mult'),(832,947,0,'B463292731',NULL,'BONDY',NULL,'FR',NULL,'134@test.de',NULL,'Cécile','A-2041599184','Collin_test','01.20.45.80.65','93140','Sehr geehrte Frau','45 avenue de l\'Amandier','Dr. hc mult'),(833,948,0,'B-1355156272',NULL,'Bydgoszcz',NULL,'PL',NULL,'131@test.de',NULL,'Aurore','A139904010','Bordeleau_test','67 152 28 00','85-001','Sehr geehrte Frau','ul. Jagiellońska 147','Dr. hc mult'),(834,949,0,'B-1666620657',NULL,'Stäfa',NULL,'CH',NULL,'147@test.de',NULL,'Maik','A-1362120904','Frey_test','044 591 17 55','8712','Sehr geehrter Herr','Via Stazione 74','Dr. hc mult'),(835,950,0,'B-1966767569',NULL,'CARPENTRAS',NULL,'FR',NULL,'154@test.de',NULL,'Jiřina','A-674542905','Princová_test','04.33.92.16.44','84200','Sehr geehrte Frau','80 rue Porte d\'Orange','Dr. hc mult'),(836,951,0,'B1998441891',NULL,'CARCASSONNE',NULL,'FR',NULL,'158@test.de',NULL,'Talon','A567059904','Jobin_test','04.15.29.92.67','11000','Sehr geehrter Herr','21 Rue Marie De Médicis','Dr. hc mult'),(837,952,0,'B613719068',NULL,'Emmerich',NULL,'DE',NULL,'132@test.de',NULL,'Aleksy','A-1575212911','Czarnecki_test','02822 81 40 95','46446','Sehr geehrter Herr','Gotzkowskystraße 43','Dr. hc mult'),(838,953,0,'B-176415015',NULL,'Boizenburg',NULL,'DE',NULL,'146@test.de',NULL,'Eleanor','A-172791844','Meidinger_test','038842 57 51','19251','Sehr geehrte Frau','An der Alster 12','Dr. hc mult'),(839,954,0,'B2061507458',NULL,'Kaufbeuren',NULL,'DE',NULL,'165@test.de',NULL,'Stefanie','A164537103','Richter_test','08341 36 16 48','87585','Sehr geehrte Frau','Ufnau Strasse 74','Dr. hc mult'),(840,955,0,'B-833487055',NULL,'Chorzów',NULL,'PL',NULL,'155@test.de',NULL,'Dobrosław','A1871155817','Woźniak_test','53 198 30 37','41-500','Sehr geehrter Herr','ul. Chopina Fryderyka 122','Dr. hc mult'),(841,956,0,'B-511270836',NULL,'Alten',NULL,'CH',NULL,'141@test.de',NULL,'Joseph','A1371288669','Charlie_test','052 977 24 57','8453','Sehr geehrter Herr','Bahnhofplatz 85','Dr. hc mult'),(842,957,0,'B1806282333',NULL,'Mont-Tramelan',NULL,'CH',NULL,'161@test.de',NULL,'Gabrysia','A1232785522','Zając_test','032 260 82 30','2723','Sehr geehrte Frau','Spinatsch 76','Dr. hc mult'),(843,958,0,'B2078325270',NULL,'PARIS',NULL,'FR',NULL,'156@test.de',NULL,'Cherryl','A1871181327','Young_test','01.65.75.15.39','75018','Sehr geehrte Frau','18 Faubourg Saint Honoré','Dr. hc mult'),(844,959,0,'B2473236',NULL,'FONTAINE',NULL,'FR',NULL,'137@test.de',NULL,'Amaury','A-859576363','Huard_test','04.14.41.79.01','38600','Sehr geehrter Herr','27 Boulevard de Normandie','Dr. hc mult'),(845,960,0,'B-1176344538',NULL,'Oberdürnten',NULL,'CH',NULL,'431@test.de',NULL,'Štefan','A416364661','Ondráček_test','052 325 62 38','8635','Sehr geehrter Herr','Clius 90','Dr. hc mult'),(846,961,0,'B-1271001050',NULL,'Berlin Wedding',NULL,'DE',NULL,'153@test.de',NULL,'Luca','A-1094226907','Maur_test','030 89 05 81','13351','Sehr geehrter Herr','Genslerstraße 85','Dr. hc mult'),(847,962,0,'B2143298717',NULL,'Aclens',NULL,'CH',NULL,'165@test.de',NULL,'Simone','A90294816','Rothschild_test','021 350 90 20','1123','Sehr geehrte Frau','Kappelergasse 93','Dr. hc mult'),(848,963,0,'B518095056',NULL,'Bettens',NULL,'CH',NULL,'165@test.de',NULL,'Sophie','A-161596462','Rothschild_test','021 305 47 15','1042','Sehr geehrte Frau','Grossmatt 33','Dr. hc mult'),(849,964,0,'B536669929',NULL,'Biebelnheim',NULL,'DE',NULL,'158@test.de',NULL,'Nadzieja','A662352805','Pawlak_test','06733 31 03 96','55234','Sehr geehrte Frau','Motzstr. 76','Dr. hc mult'),(850,965,0,'B-585060783',NULL,'Kirchleerau',NULL,'CH',NULL,'145@test.de',NULL,'Amitee','A-1406915705','Plante_test','062 662 84 97','5054','Sehr geehrte Frau','Seefeldstrasse 52','Dr. hc mult'),(851,966,0,'B-467007107',NULL,'LUNEL',NULL,'FR',NULL,'152@test.de',NULL,'Wiktor','A1145727904','Adamczyk_test','04.58.20.28.31','34400','Sehr geehrter Herr','10 Rue Hubert de Lisle','Dr. hc mult'),(852,967,0,'B-642001732',NULL,'Kraków',NULL,'PL',NULL,'148@test.de',NULL,'Sakhr','A-226786349','Almasi_test','66 472 45 54','31-998','Sehr geehrter Herr','ul. Przylasek 73','Dr. hc mult'),(853,968,0,'B-1879548220',NULL,'Radom',NULL,'PL',NULL,'158@test.de',NULL,'Karolina','A-1111243013','Sobczak_test','72 704 56 30','26-615','Sehr geehrte Frau','ul. Daleka 109','Dr. hc mult'),(854,969,0,'B683064592',NULL,'Halle',NULL,'DE',NULL,'137@test.de',NULL,'František','A-845662966','Chyba_test','0345 08 41 10','6006','Sehr geehrter Herr','Prenzlauer Allee 32','Dr. hc mult'),(855,970,0,'B1338425682',NULL,'Schernfeld',NULL,'DE',NULL,'163@test.de',NULL,'Marie','A-1531106961','Vaňková_test','08421 50 45 73','85132','Sehr geehrte Frau','Potsdamer Platz 85','Dr. hc mult'),(856,971,0,'B296950405',NULL,'Barsinghausen',NULL,'DE',NULL,'152@test.de',NULL,'Wisia','A-609229459','Adamska_test','05035 40 65 76','30890','Sehr geehrte Frau','Luckenwalder Strasse 60','Dr. hc mult'),(857,972,0,'B-1898480804',NULL,'Arzberg',NULL,'DE',NULL,'146@test.de',NULL,'John','A850639435','Holden_test','09233 08 44 96','95654','Sehr geehrter Herr','Fontenay 78','Dr. hc mult'),(858,973,0,'B1594026280',NULL,'Spremberg',NULL,'DE',NULL,'140@test.de',NULL,'Abdul-Wahhab','A2140814728','Kattan_test','03563 70 51 62','3124','Sehr geehrter Herr','Lietzensee-Ufer 7','Dr. hc mult'),(859,974,0,'B-1526013590',NULL,'Sevgein',NULL,'CH',NULL,'426@test.de',NULL,'Jiří','A2114363764','Šesták_test','081 613 23 10','7127','Sehr geehrter Herr','Mattenstrasse 97','Dr. hc mult'),(860,975,0,'B2087297449',NULL,'Bern',NULL,'CH',NULL,'142@test.de',NULL,'Grażyna','A-822143269','Gorska_test','031 516 25 66','3041','Sehr geehrte Frau','Erlenweg 136','Dr. hc mult'),(861,976,0,'B2141445194',NULL,'BLAGNAC',NULL,'FR',NULL,'161@test.de',NULL,'Othman','A-969240404','Rahal_test','05.52.86.84.82','31700','Sehr geehrter Herr','28 rue Marie de Médicis','Dr. hc mult'),(862,977,0,'B-1466149261',NULL,'Gdańsk',NULL,'PL',NULL,'141@test.de',NULL,'Alain','A-957976388','Leclair_test','78 456 28 04','80-180','Sehr geehrter Herr','ul. Koszalińska 134','Dr. hc mult'),(863,978,0,'B-411656633',NULL,'Brülisau',NULL,'CH',NULL,'156@test.de',NULL,'Emma','A-938074858','Winters_test','071 778 79 31','9058','Sehr geehrte Frau','Üerklisweg 25','Dr. hc mult'),(864,979,0,'B352194045',NULL,'CAVAILLON',NULL,'FR',NULL,'140@test.de',NULL,'Albina','A1213747067','Kalinowska_test','04.63.81.03.68','84300','Sehr geehrte Frau','15 rue Porte d\'Orange','Dr. hc mult'),(865,980,0,'B-802097253',NULL,'Berlin Reinickendorf',NULL,'DE',NULL,'134@test.de',NULL,'Dagmar','A-1754551047','Bartůňková_test','030 28 44 01','13407','Sehr geehrte Frau','Genslerstraße 84','Dr. hc mult'),(866,981,0,'B2031545951',NULL,'Gdańsk',NULL,'PL',NULL,'130@test.de',NULL,'Abdul-Alim','A1224272327','Abadi_test','72 576 65 06','80-041','Sehr geehrter Herr','ul. Hoene Emilii 64','Dr. hc mult'),(867,982,0,'B-479265247',NULL,'ANNEMASSE',NULL,'FR',NULL,'154@test.de',NULL,'Yazid','A-26346044','Atiyeh_test','04.08.35.93.47','74100','Sehr geehrter Herr','92 Avenue De Marlioz','Dr. hc mult'),(868,983,0,'B1612320296',NULL,'Tschappina',NULL,'CH',NULL,'137@test.de',NULL,'Guillaume','A1265616975','Bisaillon_test','081 789 75 41','7428','Sehr geehrter Herr','Via Franscini 146','Dr. hc mult'),(869,984,0,'B-431621042',NULL,'Łódź',NULL,'PL',NULL,'164@test.de',NULL,'Max','A347637329','Waechter_test','67 330 89 17','90-243','Sehr geehrter Herr','ul. Uniwersytecka 141','Dr. hc mult'),(870,985,0,'B1740045934',NULL,'Szczecin',NULL,'PL',NULL,'146@test.de',NULL,'Jan','A1328462764','Halaška_test','51 758 81 01','71-256','Sehr geehrter Herr','Al. Wojska Polskiego 42','Dr. hc mult'),(871,986,0,'B-2078614686',NULL,'Waldthurn',NULL,'DE',NULL,'143@test.de',NULL,'Ines','A-486196883','Fuhrmann_test','09657 59 31 83','92727','Sehr geehrte Frau','Flughafenstrasse 64','Dr. hc mult'),(872,987,0,'B900817445',NULL,'VESOUL',NULL,'FR',NULL,'155@test.de',NULL,'Amadeusz','A-786969475','Zielinski_test','03.09.59.81.12','70000','Sehr geehrter Herr','51 Rue Frédéric Chopin','Dr. hc mult'),(873,988,0,'B-986153766',NULL,'Holziken',NULL,'CH',NULL,'166@test.de',NULL,'Shukri','A-2145555304','Shammas_test','062 376 73 65','5043','Sehr geehrter Herr','Rägetenstrasse 14','Dr. hc mult'),(874,989,0,'B378152628',NULL,'MARSEILLE',NULL,'FR',NULL,'150@test.de',NULL,'Konstantyn','A1825540563','Król_test','04.65.50.50.37','13011','Sehr geehrter Herr','68 boulevard de la Liberation','Dr. hc mult'),(875,990,0,'B99465000',NULL,'DIGNE-LES-BAINS',NULL,'FR',NULL,'163@test.de',NULL,'Lea','A673965832','Weiss_test','04.50.49.81.84','4000','Sehr geehrte Frau','26 rue des lieutemants Thomazo','Dr. hc mult'),(876,991,0,'B-668257851',NULL,'Blonay',NULL,'CH',NULL,'151@test.de',NULL,'Ivo','A326851023','Navrátil_test','024 797 51 42','1807','Sehr geehrter Herr','Hasenbühlstrasse 14','Dr. hc mult'),(877,992,0,'B-1690179163',NULL,'Lessoc',NULL,'CH',NULL,'152@test.de',NULL,'Sabine','A-1385014028','Eisenhower_test','026 355 75 82','1669','Sehr geehrte Frau','Casut 62','Dr. hc mult'),(878,993,0,'B1899993180',NULL,'Warszawa',NULL,'PL',NULL,'131@test.de',NULL,'Beaufort','A1719775370','Austin_test','78 115 53 45','02-160','Sehr geehrter Herr','ul. Odrzańska 65','Dr. hc mult'),(879,994,0,'B-1614128186',NULL,'MEAUX',NULL,'FR',NULL,'155@test.de',NULL,'Hilal','A415554318','Sarraf_test','01.50.52.51.32','77100','Sehr geehrter Herr','61 Quai des Belges','Dr. hc mult'),(880,995,0,'B-1645235413',NULL,'Wrocław',NULL,'PL',NULL,'160@test.de',NULL,'Izolda','A2111590708','Wysocka_test','67 951 82 83','50-415','Sehr geehrte Frau','ul. Krasińskiego 13','Dr. hc mult'),(881,996,0,'B1159322510',NULL,'DUNKERQUE',NULL,'FR',NULL,'157@test.de',NULL,'Melisande','A-179182000','Pariseau_test','03.25.59.36.66','59140','Sehr geehrte Frau','92 rue Cazade','Dr. hc mult'),(882,997,0,'B-1638292445',NULL,'LE MÉE-SUR-SEINE',NULL,'FR',NULL,'147@test.de',NULL,'Gérard','A-2014642817','Laboissonnière_test','01.24.72.78.95','77350','Sehr geehrter Herr','51 rue Goya','Dr. hc mult'),(883,998,0,'B-806924477',NULL,'Łódź',NULL,'PL',NULL,'154@test.de',NULL,'Wacław','A778458107','Czerwinski_test','72 159 20 02','90-525','Sehr geehrter Herr','ul. Wólczańska 94','Dr. hc mult'),(884,999,0,'B1469325646',NULL,'Rzeszów',NULL,'PL',NULL,'164@test.de',NULL,'Phillip','A917976893','Turner_test','67 402 86 66','35-206','Sehr geehrter Herr','Al. Okulickiego Leopolda 97','Dr. hc mult'),(885,1000,0,'B1570713188',NULL,'Lublin',NULL,'PL',NULL,'143@test.de',NULL,'La Roux','A1934106076','Chaussée_test','67 130 66 60','20-353','Sehr geehrte Frau','ul. Smolna 124','Dr. hc mult'),(886,1001,0,'B-158164773',NULL,'MARSEILLE',NULL,'FR',NULL,'144@test.de',NULL,'Lydia','A-1434453945','Davidson_test','04.82.90.05.66','13004','Sehr geehrte Frau','19 rue Beauvau','Dr. hc mult'),(887,1002,0,'B887035353',NULL,'Berlin Lichtenrade',NULL,'DE',NULL,'155@test.de',NULL,'Leon','A624146129','Osterhagen_test','030 53 20 47','12305','Sehr geehrter Herr','Brandenburgische Straße 18','Dr. hc mult'),(888,1003,0,'B-367066502',NULL,'Wislikofen',NULL,'CH',NULL,'151@test.de',NULL,'Travers','A1970177185','CinqMars_test','056 703 57 87','5463','Sehr geehrter Herr','Schulstrasse 71','Dr. hc mult'),(889,1004,0,'B-1634079892',NULL,'Heide',NULL,'DE',NULL,'144@test.de',NULL,'Natasza','A171680651','Borkowska_test','0481 43 05 31','25738','Sehr geehrte Frau','Spresstrasse 18','Dr. hc mult'),(890,1005,0,'B932114922',NULL,'Kaufdorf',NULL,'CH',NULL,'136@test.de',NULL,'Florence','A-826033445','Barrière_test','031 703 38 19','3126','Sehr geehrte Frau','Forrenböhlstrasse 17','Dr. hc mult'),(891,1006,0,'B-1097448329',NULL,'Wynau',NULL,'CH',NULL,'151@test.de',NULL,'Eisa','A-2055054444','Rahal_test','062 284 81 11','4923','Sehr geehrter Herr','Püntstrasse 137','Dr. hc mult'),(892,1007,0,'B1243528911',NULL,'Versoix le Bourg',NULL,'CH',NULL,'166@test.de',NULL,'Pavel','A383747769','Večerek_test','022 538 48 81','1290','Sehr geehrter Herr','Via Stauffacher 2','Dr. hc mult'),(893,1008,0,'B786432991',NULL,'Łódź',NULL,'PL',NULL,'167@test.de',NULL,'Miroslav','A1447212691','Zeman_test','79 553 82 40','93-464','Sehr geehrter Herr','ul. Podmokła 53','Dr. hc mult'),(894,1009,0,'B-264841784',NULL,'Augsburg',NULL,'DE',NULL,'137@test.de',NULL,'Eliot','A1333418518','Dennis_test','0821 55 38 17','86026','Sehr geehrter Herr','Sonnenallee 31','Dr. hc mult'),(895,1010,0,'B232874816',NULL,'Łódź',NULL,'PL',NULL,'281@test.de',NULL,'Pinabel','A-879007282','Étoile_test','66 565 58 12','93-014','Sehr geehrter Herr','ul. Miła 10','Dr. hc mult'),(896,1011,0,'B562857665',NULL,'BRUNOY',NULL,'FR',NULL,'141@test.de',NULL,'Kasia','A780324868','Borkowska_test','01.32.02.44.99','91800','Sehr geehrte Frau','57 rue Grande Fusterie','Dr. hc mult'),(897,1012,0,'B-110699671',NULL,'LA COURNEUVE',NULL,'FR',NULL,'133@test.de',NULL,'Carole','A-1487513103','Berthiaume_test','01.77.72.53.84','93120','Sehr geehrte Frau','65 rue des Soeurs','Dr. hc mult'),(898,1013,0,'B-699341691',NULL,'Warszawa',NULL,'PL',NULL,'154@test.de',NULL,'Eliška','A1687150136','Urbanová_test','60 951 94 96','03-982','Sehr geehrte Frau','ul. Generała Komorowskiego Tadeusza Bora 12','Dr. hc mult'),(899,1014,0,'B219455498',NULL,'Szczecin',NULL,'PL',NULL,'146@test.de',NULL,'Phillipp','A1311556877','Baumgaertner_test','78 705 34 14','71-037','Sehr geehrter Herr','ul. Ogrodowa 57','Dr. hc mult'),(900,1015,0,'B-273315434',NULL,'Rossa',NULL,'CH',NULL,'145@test.de',NULL,'Dieter','A-1543882587','Mayer_test','091 538 26 33','6548','Sehr geehrter Herr','Neubertbogen 41','Dr. hc mult'),(901,1016,0,'B1342939820',NULL,'PARIS',NULL,'FR',NULL,'162@test.de',NULL,'Richard','A1553303778','Pelletier_test','01.67.12.60.32','75003','Sehr geehrter Herr','65 rue Nationale','Dr. hc mult'),(902,1017,0,'B1312314944',NULL,'TOULOUSE',NULL,'FR',NULL,'148@test.de',NULL,'Simone','A-508179610','Achen_test','05.46.32.47.27','31500','Sehr geehrte Frau','71 quai Saint-Nicolas','Dr. hc mult'),(903,1018,0,'B652693728',NULL,'Szczecin',NULL,'PL',NULL,'169@test.de',NULL,'Vlastimil','A-1002763935','Smola_test','69 595 85 76','70-725','Sehr geehrter Herr','ul. Aluminiowa 88','Dr. hc mult'),(904,1019,0,'B1604615147',NULL,'Warszawa',NULL,'PL',NULL,'167@test.de',NULL,'Teodozja','A1194225376','Szczepańska_test','53 156 72 59','02-615','Sehr geehrte Frau','ul. Tyniecka 16','Dr. hc mult'),(905,1020,0,'B-333676101',NULL,'VIGNEUX-SUR-SEINE',NULL,'FR',NULL,'132@test.de',NULL,'Brie','A2081061739','Bazinet_test','01.38.67.74.80','91270','Sehr geehrte Frau','63 Place du Jeu de Paume','Dr. hc mult'),(906,1021,0,'B-288855631',NULL,'PARIS',NULL,'FR',NULL,'150@test.de',NULL,'Felicien','A-621200857','Paquette_test','01.21.82.39.30','75009','Sehr geehrter Herr','7 Place de la Madeleine','Dr. hc mult'),(907,1022,0,'B72697473',NULL,'Innerthal',NULL,'CH',NULL,'160@test.de',NULL,'Jitka','A-744056865','Vašková_test','055 994 49 85','8858','Sehr geehrte Frau','Möhe 15','Dr. hc mult'),(908,1023,0,'B-423268816',NULL,'Kupferzell',NULL,'DE',NULL,'148@test.de',NULL,'David','A660477857','Phan_test','07940 13 82 70','74635','Sehr geehrter Herr','Waldowstr. 8','Dr. hc mult'),(909,1024,0,'B-705916257',NULL,'SAINT-SÉBASTIEN-SUR-LOIRE',NULL,'FR',NULL,'143@test.de',NULL,'Karel','A790887123','de Brisay_test','02.18.18.78.24','44230','Sehr geehrter Herr','49 rue des six frères Ruellan','Dr. hc mult'),(910,1025,0,'B886514336',NULL,'MARSEILLE',NULL,'FR',NULL,'133@test.de',NULL,'Du\'a\'','A533954536','Amari_test','04.74.21.87.87','13010','Sehr geehrte Frau','87 cours Franklin Roosevelt','Dr. hc mult'),(911,1026,0,'B1701310174',NULL,'Signóra',NULL,'CH',NULL,'144@test.de',NULL,'Natalie','A1637200672','Barteaux_test','091 773 80 47','6951','Sehr geehrte Frau','Mattenstrasse 72','Dr. hc mult'),(912,1027,0,'B2059268903',NULL,'Warszawa',NULL,'PL',NULL,'157@test.de',NULL,'Maksym','A1673559796','Pawłowski_test','66 131 33 79','02-288','Sehr geehrter Herr','ul. Kolumba Krzysztofa 76','Dr. hc mult'),(913,1028,0,'B-604197931',NULL,'VIERZON',NULL,'FR',NULL,'152@test.de',NULL,'Shawn','A-531315164','Errico_test','02.67.79.23.99','18100','Sehr geehrter Herr','75 Place du Jeu de Paume','Dr. hc mult'),(914,1029,0,'B-354854805',NULL,'LA ROCHELLE',NULL,'FR',NULL,'151@test.de',NULL,'Jowita','A1266116473','Maciejewska_test','05.07.44.95.03','17000','Sehr geehrte Frau','8 rue de l\'Aigle','Dr. hc mult'),(915,1030,0,'B2081507231',NULL,'Brunsbüttel',NULL,'DE',NULL,'153@test.de',NULL,'Lenka','A1985326018','Matějíčková_test','04852 33 94 54','25536','Sehr geehrte Frau','An Der Urania 98','Dr. hc mult'),(916,1031,0,'B1387501161',NULL,'Gartegg',NULL,'CH',NULL,'148@test.de',NULL,'Angelika','A513661070','Schwarz_test','035 976 13 85','3550','Sehr geehrte Frau','Via Schliffras 104','Dr. hc mult'),(917,1032,0,'B159578830',NULL,'Poznań',NULL,'PL',NULL,'139@test.de',NULL,'Allyriane','A311101101','Jodoin_test','79 889 08 34','60-175','Sehr geehrte Frau','ul. Chryzantemowa 70','Dr. hc mult'),(918,1033,0,'B42603653',NULL,'MENTON',NULL,'FR',NULL,'147@test.de',NULL,'Melanie','A2136799631','Fuhrmann_test','04.98.61.15.83','6500','Sehr geehrte Frau','20 rue Reine Elisabeth','Dr. hc mult'),(919,1034,0,'B729981087',NULL,'Katowice',NULL,'PL',NULL,'156@test.de',NULL,'Timothy','A1719999718','Helfer_test','79 292 35 46','40-732','Sehr geehrter Herr','ul. Pomorska 5','Dr. hc mult'),(920,1035,0,'B897229537',NULL,'Leutenbach',NULL,'DE',NULL,'156@test.de',NULL,'Tomáš','A-1241575357','Holeček_test','07195 98 97 93','71397','Sehr geehrter Herr','Pasewalker Straße 55','Dr. hc mult'),(921,1036,0,'B-77894034',NULL,'Zumikon',NULL,'CH',NULL,'150@test.de',NULL,'Solange','A-1351494526','Chen_test','044 698 45 45','8130','Sehr geehrte Frau','Strickstrasse 67','Dr. hc mult'),(922,1037,0,'B-1079033615',NULL,'Wittinsburg',NULL,'CH',NULL,'165@test.de',NULL,'Raaida','A-1152527040','Salib_test','061 761 11 73','4443','Sehr geehrte Frau','Schulstrasse 129','Dr. hc mult'),(923,1038,0,'B-1314312596',NULL,'Kielce',NULL,'PL',NULL,'155@test.de',NULL,'Ludmiła','A-1684457296','Olszewska_test','51 368 01 47','25-125','Sehr geehrte Frau','ul. Petyhorska 33','Dr. hc mult'),(924,1039,0,'B-882427570',NULL,'MONTIGNY-LÈS-METZ',NULL,'FR',NULL,'164@test.de',NULL,'Roger','A-413717875','Ricketson_test','03.27.67.25.17','57158','Sehr geehrter Herr','65 Avenue des Pr\'es','Dr. hc mult'),(925,1040,0,'B162197902',NULL,'ROUBAIX',NULL,'FR',NULL,'161@test.de',NULL,'Terry','A1974389498','McKinney_test','03.24.34.52.98','59100','Sehr geehrter Herr','54 rue de l\'Epeule','Dr. hc mult'),(926,1041,0,'B475375307',NULL,'NANTERRE',NULL,'FR',NULL,'169@test.de',NULL,'Rosemary','A745805961','West_test','01.31.89.67.33','92000','Sehr geehrte Frau','62 place Stanislas','Dr. hc mult'),(927,1042,0,'B-1950716728',NULL,'Zürich',NULL,'CH',NULL,'170@test.de',NULL,'Szczepan','A-972020533','Wieczorek_test','043 574 93 61','8000','Sehr geehrter Herr','Strickstrasse 56','Dr. hc mult'),(928,1043,0,'B-944064826',NULL,'BORDEAUX',NULL,'FR',NULL,'165@test.de',NULL,'Riyadh','A231224588','Seif_test','05.95.34.39.76','33200','Sehr geehrter Herr','22 cours Jean Jaures','Dr. hc mult'),(929,1044,0,'B-71338629',NULL,'Reussbühl',NULL,'CH',NULL,'133@test.de',NULL,'Alaine','A1687006512','Duhamel_test','041 670 25 41','6015','Sehr geehrte Frau','Kornquaderweg 2','Dr. hc mult'),(930,1045,0,'B1075723455',NULL,'Warszawa',NULL,'PL',NULL,'154@test.de',NULL,'Johanna','A-1154623285','Pabst_test','67 190 78 68','02-980','Sehr geehrte Frau','ul. Jarmużowa 14','Dr. hc mult'),(931,1046,0,'B-637906645',NULL,'St. Gallen',NULL,'CH',NULL,'132@test.de',NULL,'Anthony','A2078435042','Compton_test','071 513 74 84','9015','Sehr geehrter Herr','Via Pestariso 71','Dr. hc mult'),(932,1047,0,'B-2098762962',NULL,'Halle',NULL,'DE',NULL,'149@test.de',NULL,'Brygida','A1021691648','Szczepańska_test','0345 34 85 53','6128','Sehr geehrte Frau','Messedamm 47','Dr. hc mult'),(933,1048,0,'B1660341364',NULL,'München',NULL,'DE',NULL,'156@test.de',NULL,'Paul','A2127305348','Lehrer_test','089 68 84 04','81829','Sehr geehrter Herr','Lange Strasse 21','Dr. hc mult'),(934,1049,0,'B-1116289648',NULL,'GRANDE-SYNTHE',NULL,'FR',NULL,'149@test.de',NULL,'Eliot','A-1784206518','Perillard_test','02.17.61.75.48','59760','Sehr geehrter Herr','84 avenue Ferdinand de Lesseps','Dr. hc mult'),(935,1050,0,'B572869950',NULL,'Koppigen',NULL,'CH',NULL,'144@test.de',NULL,'Claudia','A1174757672','Moeller_test','034 624 83 19','3425','Sehr geehrte Frau','Kronwiesenweg 48','Dr. hc mult'),(936,1051,0,'B-870015038',NULL,'Châtel-sur-Montsalvens',NULL,'CH',NULL,'148@test.de',NULL,'Renata','A-1810427439','Benešová_test','026 345 44 51','1653','Sehr geehrte Frau','Bergrain 84','Dr. hc mult'),(937,1052,0,'B-927574993',NULL,'Glashütten',NULL,'CH',NULL,'163@test.de',NULL,'Veronika','A41374487','Mrázková_test','062 997 40 29','4856','Sehr geehrte Frau','Bahnhofstrasse 29','Dr. hc mult'),(938,1053,0,'B148356755',NULL,'Aquila',NULL,'CH',NULL,'143@test.de',NULL,'Calandre','A1937554861','Laframboise_test','091 307 78 50','6719','Sehr geehrte Frau','Gartenhof 29','Dr. hc mult'),(939,1054,0,'B321397089',NULL,'Łódź',NULL,'PL',NULL,'143@test.de',NULL,'Berta','A-401547567','Majewska_test','79 128 05 32','90-046','Sehr geehrte Frau','ul. Nawrot 68','Dr. hc mult'),(940,1055,0,'B1309470100',NULL,'Räuchlisberg',NULL,'CH',NULL,'139@test.de',NULL,'Andrea','A-923106936','Jeřábková_test','052 730 43 24','8580','Sehr geehrte Frau','Plattenstrasse 38','Dr. hc mult'),(941,1056,0,'B-1833078700',NULL,'Irchenrieth',NULL,'DE',NULL,'164@test.de',NULL,'Radek','A1074662482','Rambousek_test','0961 80 20 06','92699','Sehr geehrter Herr','Rudower Chaussee 82','Dr. hc mult'),(942,1057,0,'B1197579825',NULL,'Warszawa',NULL,'PL',NULL,'160@test.de',NULL,'Russell','A-722927999','Narcisse_test','79 574 63 98','03-237','Sehr geehrter Herr','ul. Inowłodzka 134','Dr. hc mult'),(943,1058,0,'B-670073050',NULL,'Soyhières',NULL,'CH',NULL,'154@test.de',NULL,'Maysoon','A1029288087','Moghadam_test','032 666 53 38','2805','Sehr geehrte Frau','Via Altisio 2','Dr. hc mult'),(944,1059,0,'B-549395452',NULL,'LEVALLOIS-PERRET',NULL,'FR',NULL,'152@test.de',NULL,'Linette','A-1855132333','Lagrange_test','01.40.32.03.73','92300','Sehr geehrte Frau','25 rue du Paillle en queue','Dr. hc mult'),(945,1060,0,'B-530787071',NULL,'Hof',NULL,'DE',NULL,'154@test.de',NULL,'Marmion','A-1890036385','Margand_test','09281 24 64 20','95006','Sehr geehrter Herr','Billwerder Neuer Deich 63','Dr. hc mult'),(946,1061,0,'B594764392',NULL,'SUCY-EN-BRIE',NULL,'FR',NULL,'159@test.de',NULL,'Medoro','A-1908550218','Ratté_test','01.01.94.98.30','94370','Sehr geehrter Herr','19 rue Descartes','Dr. hc mult'),(947,1062,0,'B-1688634413',NULL,'Berlin Mitte',NULL,'DE',NULL,'158@test.de',NULL,'Suhaylah','A1595103542','Kattan_test','030 45 22 62','10179','Sehr geehrte Frau','Brandenburgische Straße 19','Dr. hc mult'),(948,1063,0,'B2101870413',NULL,'Lugano',NULL,'CH',NULL,'150@test.de',NULL,'Juana','A1209423877','Lewandowski_test','091 307 19 33','6907','Sehr geehrte Frau','Obere Haltenstrasse 150','Dr. hc mult'),(949,1064,0,'B-1436769980',NULL,'SAINT-QUENTIN',NULL,'FR',NULL,'140@test.de',NULL,'Klaus','A2091355054','Ackermann_test','03.24.81.48.57','2100','Sehr geehrter Herr','1 rue de la Hulotais','Dr. hc mult'),(950,1065,0,'B-820744373',NULL,'Roggenburg',NULL,'CH',NULL,'142@test.de',NULL,'Alain','A-2035487456','Metivier_test','032 673 83 19','2814','Sehr geehrter Herr','Neubertbogen 133','Dr. hc mult'),(951,1066,0,'B387109605',NULL,'Im Fang',NULL,'CH',NULL,'148@test.de',NULL,'Frank','A-414529041','Neely_test','026 487 98 38','1656','Sehr geehrter Herr','Möhe 64','Dr. hc mult'),(952,1067,0,'B2099900152',NULL,'OYONNAX',NULL,'FR',NULL,'152@test.de',NULL,'Krystian','A-526499693','Maciejewski_test','04.65.60.73.65','1100','Sehr geehrter Herr','56 boulevard Amiral Courbet','Dr. hc mult'),(953,1068,0,'B513493412',NULL,'AUCH',NULL,'FR',NULL,'149@test.de',NULL,'Atif','A762339186','Toma_test','05.51.30.71.73','32000','Sehr geehrter Herr','65 rue Sadi Carnot','Dr. hc mult'),(954,1069,0,'B-1119109762',NULL,'Niederönz',NULL,'CH',NULL,'133@test.de',NULL,'Daniyah','A-1348433673','Aswad_test','032 671 53 76','3362','Sehr geehrte Frau','Boldistrasse 35','Dr. hc mult'),(955,1070,0,'B1902770312',NULL,'Poznań',NULL,'PL',NULL,'170@test.de',NULL,'Swen','A214707977','Weber_test','78 144 57 68','60-461','Sehr geehrter Herr','ul. Literacka 92','Dr. hc mult'),(956,1071,0,'B-1300616089',NULL,'MARSEILLE',NULL,'FR',NULL,'152@test.de',NULL,'Jörg','A48857752','Neumann_test','04.34.24.59.24','13010','Sehr geehrter Herr','18 cours Franklin Roosevelt','Dr. hc mult'),(957,1072,0,'B-2018553191',NULL,'Erdesson',NULL,'CH',NULL,'146@test.de',NULL,'Bryanna','A661710882','Peterson_test','027 586 77 99','3979','Sehr geehrte Frau','Fortunastrasse 67','Dr. hc mult'),(958,1073,0,'B-457287494',NULL,'GAP',NULL,'FR',NULL,'153@test.de',NULL,'Lenka','A-534319017','Mouchová_test','04.87.86.17.77','5000','Sehr geehrte Frau','57 rue Saint Germain','Dr. hc mult'),(959,1074,0,'B815922207',NULL,'Dettighofen',NULL,'CH',NULL,'131@test.de',NULL,'Armina','A71683147','Barteaux_test','052 873 47 40','8505','Sehr geehrte Frau','Via Camischolas sura 59','Dr. hc mult'),(960,1075,0,'B-355475124',NULL,'LA GARDE',NULL,'FR',NULL,'143@test.de',NULL,'Margaret','A-284965166','Brown_test','04.88.48.34.29','83130','Sehr geehrte Frau','97 rue des Soeurs','Dr. hc mult'),(961,1076,0,'B269867791',NULL,'Łódź',NULL,'PL',NULL,'156@test.de',NULL,'Tom','A433375480','Herrmann_test','66 280 68 64','91-521','Sehr geehrter Herr','ul. Secesyjna 61','Dr. hc mult'),(962,1077,0,'B-1892733361',NULL,'Truttikon',NULL,'CH',NULL,'149@test.de',NULL,'Jolanta','A1848796609','Król_test','052 628 72 16','8467','Sehr geehrte Frau','Via Franscini 120','Dr. hc mult'),(963,1078,0,'B-997246270',NULL,'Łódź',NULL,'PL',NULL,'140@test.de',NULL,'Anja','A-1959138940','Kruger_test','88 627 25 07','91-520','Sehr geehrte Frau','ul. Gotycka 27','Dr. hc mult'),(964,1079,0,'B551820846',NULL,'Grimma',NULL,'DE',NULL,'148@test.de',NULL,'Ahmad','A-1651080285','Said_test','03437 82 42 91','4662','Sehr geehrter Herr','Alt-Moabit 9','Dr. hc mult'),(965,1080,0,'B1471674088',NULL,'Trebel',NULL,'DE',NULL,'152@test.de',NULL,'Karin','A67724661','Meyer_test','05848 16 22 55','29494','Sehr geehrte Frau','Lietzenburger Straße 72','Dr. hc mult'),(966,1081,0,'B-759551075',NULL,'Racibórz',NULL,'PL',NULL,'147@test.de',NULL,'Fouad','A363835289','Maroun_test','51 844 70 13','47-400','Sehr geehrter Herr','ul. Parkowa 55','Dr. hc mult'),(967,1082,0,'B-16260677',NULL,'BEAUNE',NULL,'FR',NULL,'165@test.de',NULL,'Renata','A-1047408892','Sojková_test','03.84.82.61.45','21200','Sehr geehrte Frau','49 Rue du Limas','Dr. hc mult'),(968,1083,0,'B936403179',NULL,'Unter Schlatt',NULL,'CH',NULL,'160@test.de',NULL,'Jonas','A1796181392','Vogt_test','052 549 90 86','8418','Sehr geehrter Herr','Via Vigizzi 71','Dr. hc mult'),(969,1084,0,'B567335287',NULL,'Schlüchtern',NULL,'DE',NULL,'143@test.de',NULL,'Dariusz','A439625179','Kozłowski_test','06661 06 35 66','36381','Sehr geehrter Herr','Guentzelstrasse 67','Dr. hc mult'),(970,1085,0,'B-756765542',NULL,'CHAMBÉRY',NULL,'FR',NULL,'135@test.de',NULL,'Chappell','A-72011610','Dubois_test','04.58.66.39.96','73000','Sehr geehrter Herr','15 boulevard Albin Durand','Dr. hc mult'),(971,1086,0,'B-671989496',NULL,'Tholey',NULL,'DE',NULL,'140@test.de',NULL,'Alenka','A2128859680','Koubová_test','06853 91 98 96','66631','Sehr geehrte Frau','Stresemannstr. 76','Dr. hc mult'),(972,1087,0,'B-467178703',NULL,'BOIS-COLOMBES',NULL,'FR',NULL,'143@test.de',NULL,'Kazimiera','A2111387590','Dąbrowski _test','01.30.11.22.37','92270','Sehr geehrte Frau','48 avenue de l\'Amandier','Dr. hc mult'),(973,1088,0,'B1484705797',NULL,'Schindlet',NULL,'CH',NULL,'161@test.de',NULL,'Todd','A326945714','McDowell_test','052 432 62 25','8494','Sehr geehrter Herr','Pfaffacherweg 83','Dr. hc mult'),(974,1089,0,'B-790807985',NULL,'NANTERRE',NULL,'FR',NULL,'151@test.de',NULL,'Michal','A1649184916','Jahoda_test','01.04.89.45.92','92000','Sehr geehrter Herr','23 place Stanislas','Dr. hc mult'),(975,1090,0,'B81456605',NULL,'Kerns',NULL,'CH',NULL,'154@test.de',NULL,'Jiří','A549351857','Pokorný_test','041 816 55 44','6064','Sehr geehrter Herr','Seefeldstrasse 13','Dr. hc mult'),(976,1091,0,'B-1511888637',NULL,'FORT-DE-FRANCE',NULL,'FR',NULL,'167@test.de',NULL,'Waleria','A38143120','Piotrowska_test','05.72.95.66.55','97200','Sehr geehrte Frau','61 Boulevard de Normandie','Dr. hc mult'),(977,1092,0,'B1116277839',NULL,'Bissingen',NULL,'DE',NULL,'158@test.de',NULL,'Krystyna','A580769348','Symanska_test','09089 51 38 91','73266','Sehr geehrte Frau','Alsterkrugchaussee 9','Dr. hc mult'),(978,1093,0,'B-477849253',NULL,'Auerbach',NULL,'DE',NULL,'132@test.de',NULL,'Claudia','A-275188619','Armstrong_test','03721 69 14 78','8209','Sehr geehrte Frau','Kantstraße 60','Dr. hc mult'),(979,1094,0,'B1060943135',NULL,'Rzeszów',NULL,'PL',NULL,'176@test.de',NULL,'Zuzana','A1737130645','Vejvodová_test','53 214 61 51','35-077','Sehr geehrte Frau','ul. Bolesława Krzywoustego 35','Dr. hc mult'),(980,1095,0,'B1532782394',NULL,'Damp',NULL,'DE',NULL,'140@test.de',NULL,'Daniela','A1225909730','Herz_test','04352 40 85 90','24351','Sehr geehrte Frau','Schönwalder Allee 42','Dr. hc mult'),(981,1096,0,'B254033670',NULL,'Mönchengladbach Westend',NULL,'DE',NULL,'156@test.de',NULL,'Tereza','A-1251150048','Hrubá_test','02161 85 26 99','41061','Sehr geehrte Frau','Fischerinsel 40','Dr. hc mult'),(982,1097,0,'B-384161682',NULL,'Tschierv',NULL,'CH',NULL,'155@test.de',NULL,'Silke','A1096533820','Hueber_test','081 794 14 62','7532','Sehr geehrte Frau','Via Franscini 7','Dr. hc mult'),(983,1098,0,'B-1880859159',NULL,'Etzbach',NULL,'DE',NULL,'157@test.de',NULL,'Fred','A1473670189','Walker_test','02682 01 51 55','57539','Sehr geehrter Herr','Knesebeckstrasse 40','Dr. hc mult'),(984,1099,0,'B47585793',NULL,'Warszawa',NULL,'PL',NULL,'149@test.de',NULL,'Brie','A-811921967','Salois_test','60 693 80 74','03-610','Sehr geehrte Frau','ul. Sowizdrzała 70','Dr. hc mult'),(985,1100,0,'B-893386162',NULL,'Vucherens',NULL,'CH',NULL,'278@test.de',NULL,'Élisabeth','A1011717786','Marcil_test','021 454 26 48','1509','Sehr geehrte Frau','Via delle Vigne 75','Dr. hc mult'),(986,1101,0,'B-442134833',NULL,'LA GARDE',NULL,'FR',NULL,'168@test.de',NULL,'Torsten','A-468053439','Theiss_test','04.91.82.63.92','83130','Sehr geehrter Herr','20 rue des Soeurs','Dr. hc mult'),(987,1102,0,'B-1726333941',NULL,'Kraków',NULL,'PL',NULL,'140@test.de',NULL,'Jacquenett','A1042052318','Belisle_test','53 436 92 18','30-004','Sehr geehrte Frau','Al. Słowackiego Juliusza 123','Dr. hc mult'),(988,1103,0,'B-1254362279',NULL,'Rorschacherberg',NULL,'CH',NULL,'156@test.de',NULL,'Pascal','A993283865','Lazure_test','071 889 34 57','9404','Sehr geehrter Herr','Neubertbogen 12','Dr. hc mult'),(989,1104,0,'B1730614335',NULL,'ÉVREUX',NULL,'FR',NULL,'148@test.de',NULL,'Mark','A-1497405366','Gallegos_test','02.93.15.18.36','27000','Sehr geehrter Herr','64 rue Charles Corbeau','Dr. hc mult'),(990,1105,0,'B-1971864873',NULL,'Thun',NULL,'CH',NULL,'153@test.de',NULL,'Laetitia','A-1419483712','Majory_test','033 553 16 65','3601','Sehr geehrte Frau','Piazza Indipendenza 122','Dr. hc mult'),(991,1106,0,'B-1535405434',NULL,'Warszawa/Wesoła',NULL,'PL',NULL,'154@test.de',NULL,'Varden','A-480895344','David_test','78 770 46 68','05-075','Sehr geehrter Herr','ul. Plac Wojska Polskiego 8','Dr. hc mult'),(992,1107,0,'B-1037530733',NULL,'Hattert',NULL,'DE',NULL,'153@test.de',NULL,'Utbah','A1530072470','Daher_test','02662 14 02 66','57644','Sehr geehrter Herr','Buelowstrasse 11','Dr. hc mult'),(993,1108,0,'B-1065590425',NULL,'Sulz',NULL,'CH',NULL,'162@test.de',NULL,'Szczęsny','A-159707255','Ostrowski_test','056 395 76 13','5444','Sehr geehrter Herr','Via Muraccio 18','Dr. hc mult'),(994,1109,0,'B341651572',NULL,'Bleiken',NULL,'CH',NULL,'149@test.de',NULL,'Radka','A-687648423','Chromá_test','052 904 42 92','8583','Sehr geehrte Frau','Semperweg 16','Dr. hc mult'),(995,1110,0,'B749585937',NULL,'VALLAURIS',NULL,'FR',NULL,'345@test.de',NULL,'Marie','A-1192324302','Čadová_test','04.94.76.87.11','6220','Sehr geehrte Frau','31 avenue de Provence','Dr. hc mult'),(996,1111,0,'B442322392',NULL,'Leubsdorf',NULL,'DE',NULL,'161@test.de',NULL,'Thomas','A1469759179','Masson_test','037291 28 01','53547','Sehr geehrter Herr','Pappelallee 52','Dr. hc mult'),(997,1112,0,'B1876877127',NULL,'Łódź',NULL,'PL',NULL,'157@test.de',NULL,'Milena','A1187959799','Procházková_test','60 249 11 55','93-160','Sehr geehrte Frau','ul. Kilińskiego Jana 29','Dr. hc mult'),(998,1113,0,'B123447207',NULL,'Scheuren',NULL,'CH',NULL,'167@test.de',NULL,'Sally','A1728736401','Todd_test','032 262 60 70','2556','Sehr geehrte Frau','Pfaffacherweg 78','Dr. hc mult'),(999,1114,0,'B-1235918953',NULL,'Łódź',NULL,'PL',NULL,'144@test.de',NULL,'Judith','A1122378036','Funches_test','51 445 19 65','91-321','Sehr geehrte Frau','ul. Jasna 36','Dr. hc mult'),(1000,1115,0,'B-483683676',NULL,'Olsztyn',NULL,'PL',NULL,'146@test.de',NULL,'Barbara','A1283979870','Papst_test','78 415 39 02','10-541','Sehr geehrte Frau','ul. Dąbrowszczaków 39','Dr. hc mult');
/*!40000 ALTER TABLE `a_app_contact` ENABLE KEYS */;
UNLOCK TABLES;

--
-- Table structure for table `a_app_document`
--

DROP TABLE IF EXISTS `a_app_document`;
/*!40101 SET @saved_cs_client     = @@character_set_client */;
/*!50503 SET character_set_client = utf8mb4 */;
CREATE TABLE `a_app_document` (
  `id` int(11) unsigned NOT NULL,
  `REV` int(11) NOT NULL,
  `REVTYPE` tinyint(4) DEFAULT NULL,
  `pseudonym` varchar(255) COLLATE utf8mb4_unicode_ci DEFAULT NULL,
  `fatherId` varchar(255) COLLATE utf8mb4_unicode_ci DEFAULT NULL,
  `name` varchar(255) COLLATE utf8mb4_unicode_ci DEFAULT NULL,
  `position` varchar(255) COLLATE utf8mb4_unicode_ci DEFAULT NULL,
  `state` int(11) DEFAULT NULL,
  `a_g_id` int(11) unsigned DEFAULT NULL,
  `patient_entry_id` int(11) unsigned DEFAULT NULL,
  `type_id` int(11) unsigned DEFAULT NULL,
  PRIMARY KEY (`id`,`REV`),
  KEY `FK1xh94nvdnef9k4o9oi27d6x1b` (`REV`),
  CONSTRAINT `FK1xh94nvdnef9k4o9oi27d6x1b` FOREIGN KEY (`REV`) REFERENCES `a_xx` (`id`)
) ENGINE=InnoDB DEFAULT CHARSET=utf8mb4 COLLATE=utf8mb4_unicode_ci;
/*!40101 SET character_set_client = @saved_cs_client */;

--
-- Dumping data for table `a_app_document`
--

LOCK TABLES `a_app_document` WRITE;
/*!40000 ALTER TABLE `a_app_document` DISABLE KEYS */;
/*!40000 ALTER TABLE `a_app_document` ENABLE KEYS */;
UNLOCK TABLES;

--
-- Table structure for table `a_app_document_attribute`
--

DROP TABLE IF EXISTS `a_app_document_attribute`;
/*!40101 SET @saved_cs_client     = @@character_set_client */;
/*!50503 SET character_set_client = utf8mb4 */;
CREATE TABLE `a_app_document_attribute` (
  `id` int(11) unsigned NOT NULL,
  `REV` int(11) NOT NULL,
  `REVTYPE` tinyint(4) DEFAULT NULL,
  `documentAttributeTyp` int(11) DEFAULT NULL,
  `value` varchar(255) COLLATE utf8mb4_unicode_ci DEFAULT NULL,
  `document` int(11) unsigned DEFAULT NULL,
  PRIMARY KEY (`id`,`REV`),
  KEY `FK13og15kuhd6bjbkge7k52svoj` (`REV`),
  CONSTRAINT `FK13og15kuhd6bjbkge7k52svoj` FOREIGN KEY (`REV`) REFERENCES `a_xx` (`id`)
) ENGINE=InnoDB DEFAULT CHARSET=utf8mb4 COLLATE=utf8mb4_unicode_ci;
/*!40101 SET character_set_client = @saved_cs_client */;

--
-- Dumping data for table `a_app_document_attribute`
--

LOCK TABLES `a_app_document_attribute` WRITE;
/*!40000 ALTER TABLE `a_app_document_attribute` DISABLE KEYS */;
/*!40000 ALTER TABLE `a_app_document_attribute` ENABLE KEYS */;
UNLOCK TABLES;

--
-- Table structure for table `a_app_form`
--

DROP TABLE IF EXISTS `a_app_form`;
/*!40101 SET @saved_cs_client     = @@character_set_client */;
/*!50503 SET character_set_client = utf8mb4 */;
CREATE TABLE `a_app_form` (
  `id` int(11) unsigned NOT NULL,
  `REV` int(11) NOT NULL,
  `REVTYPE` tinyint(4) DEFAULT NULL,
  `description` varchar(255) COLLATE utf8mb4_unicode_ci DEFAULT NULL,
  `formCat` tinyint(2) DEFAULT NULL,
  `label` varchar(255) COLLATE utf8mb4_unicode_ci DEFAULT NULL,
  `name` varchar(255) COLLATE utf8mb4_unicode_ci DEFAULT NULL,
  `source` int(11) DEFAULT NULL,
  `typePSN` int(11) unsigned DEFAULT NULL,
  PRIMARY KEY (`id`,`REV`),
  KEY `FKacihv9vwvksynfteijjuw45an` (`REV`),
  CONSTRAINT `FKacihv9vwvksynfteijjuw45an` FOREIGN KEY (`REV`) REFERENCES `a_xx` (`id`)
) ENGINE=InnoDB DEFAULT CHARSET=utf8mb4 COLLATE=utf8mb4_unicode_ci;
/*!40101 SET character_set_client = @saved_cs_client */;

--
-- Dumping data for table `a_app_form`
--

LOCK TABLES `a_app_form` WRITE;
/*!40000 ALTER TABLE `a_app_form` DISABLE KEYS */;
INSERT INTO `a_app_form` VALUES (1,1116,0,'Lx7U8ewY2M8btCPHT+EyT+6HQt1GwekEgHxQmc0rgFY=',1,'45xIat5orDT4UivpuSALUCakFxNI/8PSoLy4XmzI/Do=','ft+WiNhQ5sydQfDVjLhMJtVamz9qAqalPq13armokbI=',0,NULL),(2,1117,0,'V6Bf94FvkOvdDE7WhLVVrAPlhlRvu0kPPaC2vEiqIS8=',0,'wWD4WFwSSbRNBxS1XmtaBeERfuwuMD2ii3mcTy41jcw=','GS7vgnV9Lf7+dYqOLoMoHTq7I13iUC7tKxbGM77qjJI=',0,1),(3,1118,0,'/lYDo+/Wy89gS6bAM0mAnoP7vkp8EzCBdo48Wu28D4E=',1,'ezT6ADeN+lyWUGTD/nuEsOfvkrnOOcl6LcJclxbOQLizAt1GT9XxYaQ/XQwpWMe+','oL247PYSA9/8PgioiHqzGkErt1vy0pWwUPvXiTYtLFJHYFruVjX+xNR34llOzbsW',1,3),(4,1119,0,'s5Nj0t1nJC/19Ks8awWvaW+/ZQTvKOe1ODLUeUPiyRw=',1,'R7K/PNNGCmV+WUlBWYvnh60AbLakXmfL9Pqg9AAeTJE=','zFR5KM790p8qT8YfDriJ8IpxEIKZRongwhkLKmij8Rs=',1,4),(5,1120,0,'o2v2cdMTOkiZlWJW0mkaK+xkP3hXRY+iW7GAxgYQ6ww=',1,'rFnxT1b64jh0oG6RDtOGf5ySA0WS4rd1RyJRr96zaFw=','vSnTiLvZgVyxClot5Gdww6TL/bv2/NuYwVNFRQWRtMQ=',1,5),(6,1121,0,'4FELFoD2nf6YASNHR6Vt98bWqKl7NqlHK6QzXTyvnSk=',1,'8XIjQubFZl48yTgcBzoYdwHIQKONIXVLS1cT5O3hWhOKDu6TQUXrtnrA94kh4UOr','/AeYyoK4RjPtj6y3FJExOxfKQg4wM7ZWX5DMZLswTlFVRdblhx+s9lGA7G00ZIdf',1,6),(7,1122,0,'5DwbSZXiq6CZywhh+b6EqC1Chtxq3NCTdgHcY4e+lN4=',1,'ZHwKL3NhkqLVlAYjGHCD9nkOWGYbO1xNJh/x8KyKVPVxj9BaXJwGtHBPCdLwEgOV','bXULwrohJzm4GxhXKM668sN51hd505V04evJM144Ecw=',1,2),(8,1123,0,'ak2NcOniygRjI/+enhkGOpG6S9bvvkNAoiS8C748DTY=',1,'4Kk0Mh+R65CLOsCjnUWQZFCrvUOZVjGZpNtCYN5cX6E=','jEZDWzWzQwWQV5RlOTC71Mg88cb3vHBpfO91xfVSYlk=',1,7),(9,1124,0,'GqDbfhfxsWUhJvGjhws/MINqULpDRv61+24cn+Ooq8E=',1,'eZaRlCw+eMHSg2yE8dkvUi7Ix9UD9+bgIlj94oS6Xn1+mgct+h5TxXljC4tgr6sI','lukLq6EcSPRIGt3l4I/eRvQUXsbYOiVq/QOPEAjDwUpvp2f+sm94a3IfWOTNx7OW',1,8),(10,1125,0,'93cX8TFLUwh7vNDShLA+DIZ79pfdeWLlPLi/SnSRUck=',1,'5Zshy6htEOh6l0Z71HgOBwe0LYdT5FxkZaMDCuGlfyo=','+kHm4mIJFjQnCssSZtT6PQmkfukfm2cqWIk+mgXPVIM=',1,9),(11,1126,0,'KbTgexRQIq1H1FV8V0/Ik5Qt4SV+yOmjIyKsQAz5/cA=',1,'hyOwEBgRBBE3/Q9mIQsYv/iryzFulbF30dK08Dn31Ec=','z3KxEpts/dM4LCrJ/2+CQbXbZBc6cXjAw+Du++pRAW8=',1,10),(12,1127,0,'FuQAGbvKenei1Px4dequUcXBxn5xcryiXVr7aJAxnZM=',1,'UqN4HRM2jRIvGzVbu7UwRv39PGfaYduCACf9nUdv3Jan0qJwjFOBQbMQliNEBJZV','S+RF6qtMDFRljAlmEXc/iGUFor/NfKWYvBwZMU+JNK5665Xm8JJlHe1AewmfrECs',1,11),(13,1128,0,'s+NC+fVAGeITIt07agCN2OPA5qRA4nJAHwtbhDR14Wk=',1,'/UeJUPGj7GGPs9Z2Fyjw8Aj8TuklVfGTazpM7eGnp6PySrGiaAZm/1PWWJQAG/IkrrY0gxIk3HcrkpajL70+wQ==','/TbFmiQo0I6kMdN2RgQuJ7X0JIfuRoAQp4cUN/5vs8lXEWTEKO2Yi2aEEGO8NcIDlyESmvmM880oqa4jlIFUog==',1,12),(14,1129,0,'Az9Lwdin/njrVqAl88JIDBPO+l2v7duyGMkFa3ChkWo=',1,'Cp1rMLxieyIZVwyyWlbGa9nKjAn2wYUjlrecRGOg55g=','y2hgt/8381yDxr5WSrZd07YsZJDb2jLpQiN7UrCEXxo=',1,13),(15,1130,0,'4cvfKGMVa2bn+ZulRNJF5m2tdDzWGX9h+IRf5Ct2YcU=',1,'5QbTl7z8gG3tJlXRtWKD9JCQOV+eYbGItUU0ktalH1Y=','0UiMmpZH+KRIMYXHHJcBYMCMN2tQ/EDO6VjwjNhpkvM=',1,14),(16,1131,0,'rkqzhXx1nh4/VRrZDiF+1JUsphl76pf8C7X0TF5dnXQ=',1,'yzqifQKaa3PtAvTG9xwUbk4+bWmoAOHBziJn83LuCsk=','S2WCjgpfbWv9xSozFIt224SWSb61mPVlWWtgu7JIHMg=',1,15),(17,1132,0,'pZz7ENkAWJ2UrZOpcdTSdYsN60H1FF4VZleltQtv36U=',1,'aB3mxvZJNjSBWp/9wqVefKf7Uf3Y5xj+9wuy0IlL0y7NLtLdBTV3ylCAfoSd7oT4','5o0koN9W01E9pA1guTBQco68yDAZm1tvrYfz1f94Y1gSwHnLOFXcSqWRUtBxAYr3',2,2);
/*!40000 ALTER TABLE `a_app_form` ENABLE KEYS */;
UNLOCK TABLES;

--
-- Table structure for table `a_app_form_entry`
--

DROP TABLE IF EXISTS `a_app_form_entry`;
/*!40101 SET @saved_cs_client     = @@character_set_client */;
/*!50503 SET character_set_client = utf8mb4 */;
CREATE TABLE `a_app_form_entry` (
  `id` int(11) unsigned NOT NULL,
  `REV` int(11) NOT NULL,
  `REVTYPE` tinyint(4) DEFAULT NULL,
  `attributeItem` int(11) DEFAULT NULL,
  `destFormId` int(11) unsigned DEFAULT NULL,
  `value` varchar(255) COLLATE utf8mb4_unicode_ci DEFAULT NULL,
  `form_id` int(11) unsigned DEFAULT NULL,
  `a_e_id` int(11) unsigned DEFAULT NULL,
  `a_f_id` int(11) unsigned DEFAULT NULL,
  PRIMARY KEY (`id`,`REV`),
  KEY `FKchyon2vue0yrp2cwnp7ewlniy` (`REV`),
  CONSTRAINT `FKchyon2vue0yrp2cwnp7ewlniy` FOREIGN KEY (`REV`) REFERENCES `a_xx` (`id`)
) ENGINE=InnoDB DEFAULT CHARSET=utf8mb4 COLLATE=utf8mb4_unicode_ci;
/*!40101 SET character_set_client = @saved_cs_client */;

--
-- Dumping data for table `a_app_form_entry`
--

LOCK TABLES `a_app_form_entry` WRITE;
/*!40000 ALTER TABLE `a_app_form_entry` DISABLE KEYS */;
INSERT INTO `a_app_form_entry` VALUES (1,1117,0,3,NULL,'10',2,2,1),(2,1117,0,3,NULL,'10',2,1,1),(3,1118,0,2,2,'1',3,1,1),(4,1118,0,2,2,'1',3,2,1),(5,1119,0,2,2,'2',4,2,1),(6,1119,0,2,2,'2',4,1,1),(7,1120,0,2,2,'3',5,2,1),(8,1120,0,2,2,'3',5,1,1),(9,1121,0,2,2,'4',6,1,1),(10,1121,0,2,2,'4',6,2,1),(11,1122,0,2,NULL,'3',7,2,1),(12,1122,0,2,NULL,'3',7,1,1),(13,1123,0,2,2,'5',8,2,1),(14,1123,0,2,2,'5',8,1,1),(15,1124,0,2,2,'6',9,2,1),(16,1124,0,2,2,'6',9,1,1),(17,1125,0,2,2,'7',10,2,1),(18,1125,0,2,2,'7',10,1,1),(19,1126,0,2,2,'8',11,2,1),(20,1126,0,2,2,'8',11,1,1),(21,1127,0,2,2,'9',12,2,1),(22,1127,0,2,2,'9',12,1,1),(23,1128,0,2,2,'10',13,2,1),(24,1128,0,2,2,'10',13,1,1),(25,1129,0,2,2,'11',14,2,1),(26,1129,0,2,2,'11',14,1,1),(27,1130,0,2,2,'12',15,2,1),(28,1130,0,2,2,'12',15,1,1),(29,1131,0,2,2,'13',16,2,1),(30,1131,0,2,2,'13',16,1,1),(31,1132,0,3,2,'500',17,2,1),(32,1132,0,3,2,'500',17,1,1);
/*!40000 ALTER TABLE `a_app_form_entry` ENABLE KEYS */;
UNLOCK TABLES;

--
-- Table structure for table `a_app_ic_attribute_entry`
--

DROP TABLE IF EXISTS `a_app_ic_attribute_entry`;
/*!40101 SET @saved_cs_client     = @@character_set_client */;
/*!50503 SET character_set_client = utf8mb4 */;
CREATE TABLE `a_app_ic_attribute_entry` (
  `id` int(11) unsigned NOT NULL,
  `REV` int(11) NOT NULL,
  `REVTYPE` tinyint(4) DEFAULT NULL,
  `ic_Attribute_id` int(11) unsigned DEFAULT NULL,
  `value` varchar(255) COLLATE utf8mb4_unicode_ci DEFAULT NULL,
  `a_g_id` int(11) unsigned DEFAULT NULL,
  `patient_entry_id` int(11) unsigned DEFAULT NULL,
  PRIMARY KEY (`id`,`REV`),
  KEY `FKab11avcq65h3kqbukk4i5x6l3` (`REV`),
  CONSTRAINT `FKab11avcq65h3kqbukk4i5x6l3` FOREIGN KEY (`REV`) REFERENCES `a_xx` (`id`)
) ENGINE=InnoDB DEFAULT CHARSET=utf8mb4 COLLATE=utf8mb4_unicode_ci;
/*!40101 SET character_set_client = @saved_cs_client */;

--
-- Dumping data for table `a_app_ic_attribute_entry`
--

LOCK TABLES `a_app_ic_attribute_entry` WRITE;
/*!40000 ALTER TABLE `a_app_ic_attribute_entry` DISABLE KEYS */;
/*!40000 ALTER TABLE `a_app_ic_attribute_entry` ENABLE KEYS */;
UNLOCK TABLES;

--
-- Table structure for table `a_app_informed_consent`
--

DROP TABLE IF EXISTS `a_app_informed_consent`;
/*!40101 SET @saved_cs_client     = @@character_set_client */;
/*!50503 SET character_set_client = utf8mb4 */;
CREATE TABLE `a_app_informed_consent` (
  `id` int(11) unsigned NOT NULL,
  `REV` int(11) NOT NULL,
  `REVTYPE` tinyint(4) DEFAULT NULL,
  `name` varchar(255) COLLATE utf8mb4_unicode_ci DEFAULT NULL,
  `a_f_id` int(11) unsigned DEFAULT NULL,
  PRIMARY KEY (`id`,`REV`),
  KEY `FKhacw8mpjtbu3dhjk6sh3bgdia` (`REV`),
  CONSTRAINT `FKhacw8mpjtbu3dhjk6sh3bgdia` FOREIGN KEY (`REV`) REFERENCES `a_xx` (`id`)
) ENGINE=InnoDB DEFAULT CHARSET=utf8mb4 COLLATE=utf8mb4_unicode_ci;
/*!40101 SET character_set_client = @saved_cs_client */;

--
-- Dumping data for table `a_app_informed_consent`
--

LOCK TABLES `a_app_informed_consent` WRITE;
/*!40000 ALTER TABLE `a_app_informed_consent` DISABLE KEYS */;
INSERT INTO `a_app_informed_consent` VALUES (1,115,0,'ic_COVID_GECCO',1);
/*!40000 ALTER TABLE `a_app_informed_consent` ENABLE KEYS */;
UNLOCK TABLES;

--
-- Table structure for table `a_app_informed_consent_attribute`
--

DROP TABLE IF EXISTS `a_app_informed_consent_attribute`;
/*!40101 SET @saved_cs_client     = @@character_set_client */;
/*!50503 SET character_set_client = utf8mb4 */;
CREATE TABLE `a_app_informed_consent_attribute` (
  `id` int(11) unsigned NOT NULL,
  `REV` int(11) NOT NULL,
  `REVTYPE` tinyint(4) DEFAULT NULL,
  `icAttributeTyp` int(11) DEFAULT NULL,
  `label` varchar(255) COLLATE utf8mb4_unicode_ci DEFAULT NULL,
  `name` varchar(255) COLLATE utf8mb4_unicode_ci DEFAULT NULL,
  `position` int(11) DEFAULT NULL,
  `required` bit(1) DEFAULT NULL,
  `ic_id` int(11) unsigned DEFAULT NULL,
  PRIMARY KEY (`id`,`REV`),
  KEY `FKnccccdyjy99gpjbl352dx2x4y` (`REV`),
  CONSTRAINT `FKnccccdyjy99gpjbl352dx2x4y` FOREIGN KEY (`REV`) REFERENCES `a_xx` (`id`)
) ENGINE=InnoDB DEFAULT CHARSET=utf8mb4 COLLATE=utf8mb4_unicode_ci;
/*!40101 SET character_set_client = @saved_cs_client */;

--
-- Dumping data for table `a_app_informed_consent_attribute`
--

LOCK TABLES `a_app_informed_consent_attribute` WRITE;
/*!40000 ALTER TABLE `a_app_informed_consent_attribute` DISABLE KEYS */;
INSERT INTO `a_app_informed_consent_attribute` VALUES (1,115,0,0,'[place holder]','icDate_COVID_GECCO',0,NULL,1);
/*!40000 ALTER TABLE `a_app_informed_consent_attribute` ENABLE KEYS */;
UNLOCK TABLES;

--
-- Table structure for table `a_app_patient`
--

DROP TABLE IF EXISTS `a_app_patient`;
/*!40101 SET @saved_cs_client     = @@character_set_client */;
/*!50503 SET character_set_client = utf8mb4 */;
CREATE TABLE `a_app_patient` (
  `id` int(11) unsigned NOT NULL,
  `REV` int(11) NOT NULL,
  `REVTYPE` tinyint(4) DEFAULT NULL,
  `pseudonym` varchar(255) COLLATE utf8mb4_unicode_ci DEFAULT NULL,
  `masterDoc_id` int(11) unsigned DEFAULT NULL,
  PRIMARY KEY (`id`,`REV`),
  KEY `FKlwfhvdcdxd0vdwrrvq5w4vm9d` (`REV`),
  CONSTRAINT `FKlwfhvdcdxd0vdwrrvq5w4vm9d` FOREIGN KEY (`REV`) REFERENCES `a_xx` (`id`)
) ENGINE=InnoDB DEFAULT CHARSET=utf8mb4 COLLATE=utf8mb4_unicode_ci;
/*!40101 SET character_set_client = @saved_cs_client */;

--
-- Dumping data for table `a_app_patient`
--

LOCK TABLES `a_app_patient` WRITE;
/*!40000 ALTER TABLE `a_app_patient` DISABLE KEYS */;
/*!40000 ALTER TABLE `a_app_patient` ENABLE KEYS */;
UNLOCK TABLES;

--
-- Table structure for table `a_app_patient_entry`
--

DROP TABLE IF EXISTS `a_app_patient_entry`;
/*!40101 SET @saved_cs_client     = @@character_set_client */;
/*!50503 SET character_set_client = utf8mb4 */;
CREATE TABLE `a_app_patient_entry` (
  `id` int(11) unsigned NOT NULL,
  `REV` int(11) NOT NULL,
  `REVTYPE` tinyint(4) DEFAULT NULL,
  `app_ic_id` int(11) unsigned DEFAULT NULL,
  `patient_id` int(11) unsigned DEFAULT NULL,
  `a_e_id` int(11) unsigned DEFAULT NULL,
  `a_f_id` int(11) unsigned DEFAULT NULL,
  `a_g_id` int(11) unsigned DEFAULT NULL,
  PRIMARY KEY (`id`,`REV`),
  KEY `FKoyr1eh7tm1olwr75jk56qwnwf` (`REV`),
  CONSTRAINT `FKoyr1eh7tm1olwr75jk56qwnwf` FOREIGN KEY (`REV`) REFERENCES `a_xx` (`id`)
) ENGINE=InnoDB DEFAULT CHARSET=utf8mb4 COLLATE=utf8mb4_unicode_ci;
/*!40101 SET character_set_client = @saved_cs_client */;

--
-- Dumping data for table `a_app_patient_entry`
--

LOCK TABLES `a_app_patient_entry` WRITE;
/*!40000 ALTER TABLE `a_app_patient_entry` DISABLE KEYS */;
/*!40000 ALTER TABLE `a_app_patient_entry` ENABLE KEYS */;
UNLOCK TABLES;

--
-- Table structure for table `a_b`
--

DROP TABLE IF EXISTS `a_b`;
/*!40101 SET @saved_cs_client     = @@character_set_client */;
/*!50503 SET character_set_client = utf8mb4 */;
CREATE TABLE `a_b` (
  `id` int(11) unsigned NOT NULL AUTO_INCREMENT,
  `xa` char(44) COLLATE utf8mb4_unicode_ci NOT NULL,
  `xb` char(44) COLLATE utf8mb4_unicode_ci DEFAULT NULL,
  `h` bit(1) DEFAULT NULL,
  `g` bit(1) DEFAULT NULL,
  `a` bit(1) DEFAULT NULL,
  `b` varchar(255) COLLATE utf8mb4_unicode_ci DEFAULT NULL,
  `c` varchar(255) COLLATE utf8mb4_unicode_ci DEFAULT NULL,
  `d` bit(1) DEFAULT NULL,
  `f` bit(1) DEFAULT NULL,
  PRIMARY KEY (`id`),
  UNIQUE KEY `UK_b` (`b`)
) ENGINE=InnoDB AUTO_INCREMENT=77 DEFAULT CHARSET=utf8mb4 COLLATE=utf8mb4_unicode_ci;
/*!40101 SET character_set_client = @saved_cs_client */;

--
-- Dumping data for table `a_b`
--

LOCK TABLES `a_b` WRITE;
/*!40000 ALTER TABLE `a_b` DISABLE KEYS */;
INSERT INTO `a_b` VALUES (1,'QvXynt6Jame7q725bk6WcyY80/esm1p/IM/dBKXXYrI=','CqGyTXG7QS6A6SPVKyyqMe4g+yDnjZjGiOpzml2hMXA=',_binary '\0',_binary '\0',_binary '\0','READUSER-Roleadministration','components.core.auth.Role',_binary '',_binary '\0'),(2,'Sh6N349kTBNs2SbzCSdRR1JsWIgOiv6kGAMFRVP80ro=','EB2PsIePsgRuZtYONMmwOqV7qSkp4Ejtn/OgpYe8e3A=',_binary '\0',_binary '\0',_binary '\0','READUSER-Patienten-Dokumente','components.app.Document',_binary '',_binary '\0'),(3,'LXCoZUvATFnSdzNziEaXHAq1y5xWcu5net6Ymy2kt0g=','W2M6atooV84dlMsWWPZOO96n80r8+nhzDsOt3Wiisaw=',_binary '\0',_binary '\0',_binary '\0','READUSER-Formular-Einträge','components.app.FormEntry',_binary '',_binary '\0'),(4,'k0b5rAa5nyxlVzfVbDUuOQwGzYkCsfKbJn7+fB3SBss=','zKXfELWE4AvYHcuN6FB3Trf2W4d82wvJfzjw6Ed9dj0=',_binary '\0',_binary '\0',_binary '\0','READUSER-Login-Protokoll','components.core.loginlog.LoginlogEntry',_binary '',_binary '\0'),(5,'wfRWcNJEy8czdr3jF4mROxyJBsu48lYUU90YeqY0Xts=','5/u7MbACbvpSIFoK7Fd4h9hnlJmzp+dU74imX0F7qfc=',_binary '\0',_binary '\0',_binary '\0','READUSER-ParameterStorage','components.core.auth.Parameter',_binary '',_binary '\0'),(6,'SWFc+1rbgWmliJ0Jkyq+ZITMmGzN6DRAfxhPqX/nebE=','mQ93X9HZ5COfIqvK1UWvEY7W+XqkoLYKG7wptzn79gs=',_binary '\0',_binary '\0',_binary '\0','READUSER-Studienadmininistration','components.core.auth.Study',_binary '',_binary '\0'),(7,'a7+E2XY7Hus/L1I+A20ZZTH3CL417eF4eBOQ2UyCvOo=','MQzGrzdkBR6yAAr3kUla/7HYeskc6KM0EhpiNjUk+f0=',_binary '\0',_binary '\0',_binary '\0','READUSER-Patienten-Einträge','components.app.PatientEntry',_binary '',_binary '\0'),(8,'GRfYjQdP0g2z2v/xlkoCYY48WGn6V1rRY78ADdnsfMs=','GR690OnQuNahczguUsTW2tjHNOpiAannPgo9HaJuZz0=',_binary '\0',_binary '\0',_binary '\0','READUSER-Contact','components.app.Contact',_binary '',_binary '\0'),(9,'cbXsCS7KDFt2fM3jolPuar6vdXK0eCiMo2wa0lWQmxE=','5xZ5aW4CHzn40+tAAMGIYKPHU/6CE8ezRiCKApPsl9E=',_binary '\0',_binary '\0',_binary '\0','READUSER-Useradministration','components.core.auth.User',_binary '',_binary ''),(10,'zYyd42lCFRPii5SPneBMjk4fYm21FaixHNrPoKhS1IQ=','Ucx+8ylRgakbCn629ZvVH8IaKVlUdgp9u41gxJzL99E=',_binary '\0',_binary '\0',_binary '\0','READUSER-Informedconsent','components.app.InformedConsent',_binary '',_binary '\0'),(11,'JOYxzJ9xPIT4v+mzMH2avKwiXhu4/FBZPX+H4k/7NcE=','aCeKTUzMk4OjaPhvt3G5977d/nX/kVfENLr4HSQPifU=',_binary '',_binary '',_binary '\0','READUSER-UserPreferenceadministration','components.core.auth.UserPreference',_binary '',_binary ''),(12,'f/XQPPr8HdgM34hX4Cp/uplxvm5i9yyeIWhKiFafD6Q=','6jCTjLHh/AIoJQyOEBIywBNQJUseaHshVtf3bFQu/Fk=',_binary '',_binary '',_binary '\0','READUSER-UserCredentialadministration','components.core.auth.UserCredential',_binary '',_binary ''),(13,'EShxq3di3KexlSJTuZ06k8oepdIJLpuaum2NhMB0Go0=','1PvDvHXnUDYwoWBKFxjw3sayQLe8D47PzUwKERL8bSA=',_binary '\0',_binary '\0',_binary '\0','READUSER-Permissionadministration','components.core.auth.Permission',_binary '',_binary '\0'),(14,'92iB7wrH2DSrDb9ofF24bYiR4SsxoiLtTeUdprAsFYQ=','emcjOgAvdzdCdVc8TOORND6PenBvhlXdvTobG5eFGtQ=',_binary '\0',_binary '\0',_binary '\0','READUSER-Institutionsadministration','components.core.auth.Site',_binary '',_binary '\0'),(15,'Y4JBap4ejx93VkTJPjyqFLpko1V+ZKXDRC2HpSwc/+Y=','x4A5IxwYDH0GrQryVCF7F0UxLAn15QLIznglN3J/uOo=',_binary '\0',_binary '\0',_binary '\0','READUSER-Patienten','components.app.AppPatient',_binary '',_binary '\0'),(16,'MEZSW58aRHDobXzhOVJEJG7yNesjtjbmOJAxEwFkkM8=','M3UJvaa3+2upjLl9TO15iBGbOk5Eo+brXEkjNRA60dQ=',_binary '\0',_binary '\0',_binary '\0','READUSER-Usermanual','components.app.UserManual',_binary '',_binary '\0'),(17,'bgVw5voWg6eMexyHloUmP+kaVFOE6zWIrFpvB7Pizdg=','qWjhsuzfccFyILOJ5iQOmqngtpeVcxDw3aoD1szaVWo=',_binary '\0',_binary '\0',_binary '\0','READUSER-UserApprovaladministration','components.core.auth.UserApproval',_binary '',_binary '\0'),(18,'9b83i8X7P8BDkhRcWl+JHdb8oYksLaDD1zsl4AN8alM=','U3BI097ktKdXFlfeAzKUKAKagMZORUc/EJAraGxW1Us=',_binary '\0',_binary '\0',_binary '\0','READUSER-Formulare','components.app.Form',_binary '',_binary '\0'),(19,'fv/4elykjjKST9JG4K4lrQ9xcsPUBRRe5sV4gSVshbY=','ANFq9VITNhMgjuVZ5kqllMyYdXC9LpR5hz2dte3n+Yg=',_binary '\0',_binary '\0',_binary '\0','READUSER-Patienten-Dokumenteigenschaften','components.app.DocumentAttribute',_binary '',_binary '\0'),(20,'3GyncBRSZHVVelghapdM0ru1mCriLUY+fGPbjIGoFO4=','kS7H0DFBJMWb4M2TQffYg8s2Hu5gOqzWdjSMQkhayM0=',_binary '',_binary '',_binary '\0','WRITEUSER-Roleadministration','components.core.auth.Role',_binary '',_binary ''),(21,'zqRI4ppvUEOxMEn5WMaNrgElQBBm4fvp53jHQQ9DCEk=','JYZBFp96JkbK9ogzH7krEZjLaEz+A++IFP4oU73sFFY=',_binary '',_binary '',_binary '\0','WRITEUSER-Patienten-Dokumente','components.app.Document',_binary '',_binary ''),(22,'QZqqDvO+R9xQqwjsLVa1nCDzOp6jkjQiztqkuCEtEJA=','pOIfd4boCz5qKCgDN6HdpcAxI9b5nbIbt1jR/HQ7LqU=',_binary '',_binary '',_binary '\0','WRITEUSER-Formular-Einträge','components.app.FormEntry',_binary '',_binary ''),(23,'UgECptG7agzvJEbKGhZGUB19bnQYF40I94fKnmRG8/w=','sEGHClD54NjPgEpNp6lf8vaUoMPAr3rL+Oo8TX2GmSQ=',_binary '',_binary '',_binary '\0','WRITEUSER-Login-Protokoll','components.core.loginlog.LoginlogEntry',_binary '',_binary ''),(24,'OwZZVC8wg7DjCQmwo9PociyREpitZ9lOmN2IhNcOYHE=','7ein+AyKta+0wPXTSREFQ+jmVRf2c7ebffUAhwcRxpg=',_binary '',_binary '',_binary '\0','WRITEUSER-ParameterStorage','components.core.auth.Parameter',_binary '',_binary ''),(25,'D+KTQHfzs/NB2by8SQKONdonYB1y9KFXF67CUZjmxEs=','Cgv8+85n2YXBo7FOvAlSbcaLphfpVspC4t1Qkng557s=',_binary '',_binary '',_binary '\0','WRITEUSER-Studienadmininistration','components.core.auth.Study',_binary '',_binary ''),(26,'xE8S80EUchtNBV+C/nxkaHDTZveT4XGmgjvxzfH9Ymc=','bV6DEHPUNioWGGdw9wN16v77kmoJOg6eiOF+bdQlQkk=',_binary '',_binary '',_binary '\0','WRITEUSER-Patienten-Einträge','components.app.PatientEntry',_binary '',_binary ''),(27,'7SuQVkCmELP5VKb3RgHAN6w+fM45xF4SHfAZAg9h9lE=','XAwUdiAgs5zUE5UnK1PkebASMYb+4cQgcDHKEZxl9Lk=',_binary '',_binary '',_binary '\0','WRITEUSER-Contact','components.app.Contact',_binary '',_binary ''),(28,'dfFGeA89Kq26FQE2ifQQ/f5N+UmVa8tTTcf0t8SHW+o=','thuNSRVvDA1+lEnF7A6/zyqxKVaufdo+kN7XQPPkPHk=',_binary '',_binary '',_binary '\0','WRITEUSER-Useradministration','components.core.auth.User',_binary '',_binary ''),(29,'CHzMNqDaG44lg+83QdLWRtVxqOni+Mxo3XE+kcvrXtw=','zQBxpAhq+w8yFaG2E/OjawJD/AGNWZ6Ko/u13Mz5e3o=',_binary '',_binary '',_binary '\0','WRITEUSER-Informedconsent','components.app.InformedConsent',_binary '',_binary ''),(30,'g+KAqAIutM4IVekx0hUW2L30ij4T+JalbtSDwSTfZgE=','dIMhdNWlMDw0kXyOqp6craAHWQ7BFoR7e8GRMTR8kE4=',_binary '',_binary '',_binary '\0','WRITEUSER-UserPreferenceadministration','components.core.auth.UserPreference',_binary '',_binary ''),(31,'fPL3yAd5uWD5YY9UL/WAuTZZ3yXT+GzwOc+kRhWZ2bA=','lNM+pSQCP6UBbfWlSOb71QeqvGY1Dc2oWhbGm6zonfY=',_binary '',_binary '',_binary '\0','WRITEUSER-UserCredentialadministration','components.core.auth.UserCredential',_binary '',_binary ''),(32,'0gnCIkSDngDuYcU2NUi5bG49ehDx5LhFCZ5eWhvuRaM=','GN0alQ51BXEreCysCIwb9O93vJ0cgUgit+fvlzDiQQw=',_binary '',_binary '',_binary '\0','WRITEUSER-Permissionadministration','components.core.auth.Permission',_binary '',_binary ''),(33,'5odWqds2j5Ye4oXm4Q+5z0v4TYD1nFIucnqrrKKC0BE=','uf///oXshuIXqA2O8QPM/AEo1dNLLCzxhAMVlEMS5Vs=',_binary '',_binary '',_binary '\0','WRITEUSER-Institutionsadministration','components.core.auth.Site',_binary '',_binary ''),(34,'h3Ir6DAPRCVznRgOoYmQ/ZdUSyVtq/Lsx1NoIj97RcI=','21YibEIKanHCDiTq7Td3qCqYSJM1lRwMzmrO2Mmu4YI=',_binary '',_binary '',_binary '\0','WRITEUSER-Patienten','components.app.AppPatient',_binary '',_binary ''),(35,'J8NzqBkOhLmXuejOSqJUbO1M74dOv65635tpseeO0AE=','66MvcTrNfIBkFHYRTJTtuxRYCtUPKYzpknRtLtUT2x0=',_binary '\0',_binary '\0',_binary '\0','WRITEUSER-Usermanual','components.app.UserManual',_binary '',_binary '\0'),(36,'OX9JydQ4L/ko3CqaEfGZdiK02131rFMPbY0oDcHLVpw=','el0XukbCZIt5QWbumeQMoOcR13tSGja39djbwlhH85U=',_binary '',_binary '',_binary '\0','WRITEUSER-UserApprovaladministration','components.core.auth.UserApproval',_binary '',_binary ''),(37,'evH5ZOV0i6w/UUfOFDVdyvncmwC/egSuJiMqcIobJXI=','2po+zU/GO+ttWr3JOzzV+TyQfPghTrnzCnoTtQO6TOk=',_binary '',_binary '',_binary '\0','WRITEUSER-Formulare','components.app.Form',_binary '',_binary ''),(38,'wo2a1arGMEH+IQu9bAtwUD/nVyQpdQgrjA6vvP4lJlc=','9i3NlZYYSQ/TuHXZCGTkONbBf4vhx8/+n0EFMD96Atk=',_binary '',_binary '',_binary '\0','WRITEUSER-Patienten-Dokumenteigenschaften','components.app.DocumentAttribute',_binary '',_binary ''),(39,'aUZIjg8XGf3lOaqSJ+xaiDlC165n6HwrwIoETb8LCnI=','rduTqd83H9f7AdSPPinA2A1vQwAWONBE/gijKFzU1/s=',_binary '',_binary '',_binary '','ADMINISTRATOR-Roleadministration','components.core.auth.Role',_binary '',_binary ''),(40,'1Hk51mLwlR2zlmwQsTChbV8Ppe9iA3eqosCfeIVxeO4=','TM+ze/PpaFuGkOhyJ6AmrHBqLFH4WYbyc4b+Pd7o1Bk=',_binary '',_binary '',_binary '','ADMINISTRATOR-Patienten-Dokumente','components.app.Document',_binary '',_binary ''),(41,'hPQxHvHs9BFMfKCypUHn1g39RMXm1fbZ3zJLaev8BXw=','RVlAJfVHexbJ7CMrsMjBrixk4FN77LYHPTla2qzGi1s=',_binary '',_binary '',_binary '','ADMINISTRATOR-Formular-Einträge','components.app.FormEntry',_binary '',_binary ''),(42,'nxccKlurucr0dFNELcmuB6nW2o2Kvht7yt0y7glBmV0=','+qKWHLvKC0eV0MUJ2lS8MOu40cm1eVdK7VYrGl/xkVw=',_binary '',_binary '',_binary '','ADMINISTRATOR-Login-Protokoll','components.core.loginlog.LoginlogEntry',_binary '',_binary ''),(43,'FyWGH5bdnqrCM+rVwb4Qen0PwBltzeze/n5MjluO35g=','Ie4olwdbEEihW2QnucUtlCN2n12lyRikmOxmQsMa1IM=',_binary '',_binary '',_binary '','ADMINISTRATOR-ParameterStorage','components.core.auth.Parameter',_binary '',_binary ''),(44,'7jqH9nvqr9Y9IABfxazzmrMieQGc4bMkzna93KstH7w=','9svHXMhcMio4iBIm2PN2dpszgxQ0weEGLxROla9nJ50=',_binary '',_binary '',_binary '','ADMINISTRATOR-Studienadmininistration','components.core.auth.Study',_binary '',_binary ''),(45,'sqppLtehAx0FvkCH373PfVAuMx4AoC0GkKzRuK2cw9c=','H44i7KoZkFucEzvOhJnU0nUEGVZ9PHscbLY2k6CXIk0=',_binary '',_binary '',_binary '','ADMINISTRATOR-Patienten-Einträge','components.app.PatientEntry',_binary '',_binary ''),(46,'IWzK1GNgZfbWIBehl4wjyC13/5x4l/OzJeQzkx90hpA=','icLG/ksBIKqjuAcwIunLNNJCz1yjGGgwCSNacyzRlys=',_binary '',_binary '',_binary '','ADMINISTRATOR-Contact','components.app.Contact',_binary '',_binary ''),(47,'LdSvDVVrwkaKA8vuWb3+7pX7oCwEda5LQAEA/iLTdco=','9FjclHCBv4haM3pYFFqbeYpW5I9BqZsotdFV71DcGuY=',_binary '',_binary '',_binary '','ADMINISTRATOR-Useradministration','components.core.auth.User',_binary '',_binary ''),(48,'SK8043R2jhD3cVrvu2Xb956qIGopLqua2RcjamNezcY=','3Ro1SiTK71A8h0v1wrNHxWOvZhOY06Yf9+BOdEG6SnQ=',_binary '',_binary '',_binary '','ADMINISTRATOR-Informedconsent','components.app.InformedConsent',_binary '',_binary ''),(49,'f9muRADZQRLK0dq/HkIVTfaS178kfnR44MJvwqCu4Rg=','xUmYxTdXqDiHRDiBWntDzXd52fZhAcctLTpD2t/ud5E=',_binary '',_binary '',_binary '','ADMINISTRATOR-UserPreferenceadministration','components.core.auth.UserPreference',_binary '',_binary ''),(50,'C9UHHdyKqZxTtWaloiLRyKTALYVsdxZRMNErpdjGNcs=','bjPDP/NANzcFmDOw1sQG/MtUtSp0E3DBHbOnM1roNuU=',_binary '',_binary '',_binary '','ADMINISTRATOR-UserCredentialadministration','components.core.auth.UserCredential',_binary '',_binary ''),(51,'TsYMgjqjRF8G1hDzETZZJ3g8p4NEPQtiY8BezOYdL7U=','xFuXC7h0maYBfowus5vER+EPZ9+liat0UmdpQ5hstrw=',_binary '',_binary '',_binary '','ADMINISTRATOR-Permissionadministration','components.core.auth.Permission',_binary '',_binary ''),(52,'sMvM8fHChv1X3zu0rtHDiT2LOSIuiazc9rQDepZuSg8=','yP1fcCHWNPYB/I+uro65ynVwvtsqGJiz3rBklcn1CTs=',_binary '',_binary '',_binary '','ADMINISTRATOR-Institutionsadministration','components.core.auth.Site',_binary '',_binary ''),(53,'rLxvDEiGC77bJzIo5rSjLG2GA3Bf0PKEM6ZBxwIL3uE=','Qo/XQSfJ8YTs9n4ZgVngvSBFIyRw2jliWnGOmQArFnI=',_binary '',_binary '',_binary '','ADMINISTRATOR-Patienten','components.app.AppPatient',_binary '',_binary ''),(54,'TKl3DSl/hPBgoTFHYFba1U0Z8vFkUQim+wAMnGnVxyA=','ZTV1UniDIBCcqJkv/epeKTmdRyHZtw36oF+oTLcy5Bs=',_binary '',_binary '',_binary '','ADMINISTRATOR-Usermanual','components.app.UserManual',_binary '',_binary ''),(55,'bYuEGGxfiWGgQQe/3CNqJ6EW/I7oxz7Vhc6YYu4lG0U=','wU9NuWT8Dqwosv/LW62SjZOA41Y8J+knhiVAEGys0zA=',_binary '',_binary '',_binary '','ADMINISTRATOR-UserApprovaladministration','components.core.auth.UserApproval',_binary '',_binary ''),(56,'FUtURRtJ8SQRj7y7Er7L3oeRhKVf0bN0O0vydNl+YXY=','S/zJvVQYS+5S5pLExfm+UmJRgTSXJGnfFbEc+jkfmB4=',_binary '',_binary '',_binary '','ADMINISTRATOR-Formulare','components.app.Form',_binary '',_binary ''),(57,'qmbhTyxrdSXZPtEW8g6V0uoaoyCQIhLo5bzfNDoNFRI=','qbfd6QvoQQ/l+zHYcDvPCTICr9Vzx7NhN7m2iJCm9KA=',_binary '',_binary '',_binary '','ADMINISTRATOR-Patienten-Dokumenteigenschaften','components.app.DocumentAttribute',_binary '',_binary ''),(58,'VHp6ruh/pdZvT/i6NFTm1F7TZc3XRmdegIMjPD31HIQ=','3P/y9FXQsuYfCjE8MejuhdUWlsi5SXPHWRms4Xb6QM0=',_binary '',_binary '',_binary '','SUPERADMIN-Roleadministration','components.core.auth.Role',_binary '',_binary ''),(59,'CmdC1/bnzR4AL3cAjxlIN/tSPegrwLxpEuzqm/vwyA4=','ELmDKnyvJePJTREWR+unKpjnGvKakZAKAn5YbJm8uCk=',_binary '',_binary '',_binary '','SUPERADMIN-Patienten-Dokumente','components.app.Document',_binary '',_binary ''),(60,'wvYiZLjbJYxaVszLA3IaisxGhu9oauW64hw12HuOaWk=','RKw/tDMn5iENlr9ArfqrljhKIg4yLqtyKlzS0pXhJWE=',_binary '',_binary '',_binary '','SUPERADMIN-Formular-Einträge','components.app.FormEntry',_binary '',_binary ''),(61,'oA2rBVoW+Lq07/I5u8Mslv+wUQxes1qJSW/Pk05ANFs=','pTU1rNaBoDcnCYMQ60s6SdgMWMDCFgGwttZYMRnYuDM=',_binary '',_binary '',_binary '','SUPERADMIN-Login-Protokoll','components.core.loginlog.LoginlogEntry',_binary '',_binary ''),(62,'N3nRruk5MzsWKBIA+kMHl2purvN73TxWduHzI2iTbMw=','4JPm7vuB7P8k0VFmR1J8OLtkE0J7rn76UL5jDYABqTI=',_binary '',_binary '',_binary '','SUPERADMIN-ParameterStorage','components.core.auth.Parameter',_binary '',_binary ''),(63,'1TjvPIa0agnMMSTMfqNa3MUqakkUUXDV2PG34l7nKQ8=','UsU9oJbRjh10p7FHpLbN9ve11FhlLRhDQ5aF+gPOhM0=',_binary '',_binary '',_binary '','SUPERADMIN-Studienadmininistration','components.core.auth.Study',_binary '',_binary ''),(64,'XcX+UrP70RaclayT6b8EmY2MFhbwmeirfyn1CT8b784=','MW4rUmvWtng4YWnCtlBRWFcXs3UxU+Y2AhMFmUaLBvc=',_binary '',_binary '',_binary '','SUPERADMIN-Patienten-Einträge','components.app.PatientEntry',_binary '',_binary ''),(65,'ED5K19imgNH1sbGwAz6jKuVui/BNf4mbJW8rcTRr70Y=','TYfT7eNOkeRuitCCgZqIOUDUmtUhe/aQGsEn6+D6g4Y=',_binary '',_binary '',_binary '','SUPERADMIN-Contact','components.app.Contact',_binary '',_binary ''),(66,'HEcd2Cu/q48+fnsOCM8tHIBEC8c7EIYCQ5rcmDZbXdE=','ilDByliEGnRxwjbpGskPcS69qkIzi54lBIhIRzT40fA=',_binary '',_binary '',_binary '','SUPERADMIN-Useradministration','components.core.auth.User',_binary '',_binary ''),(67,'VoktzMnSLQfmzy4y0J5hP0p7mRApIzGbmqNGqHzKhaE=','StEynfaXL6xi4pmzsbK2k/be3m879k2S8k3AV0Be0Fs=',_binary '',_binary '',_binary '','SUPERADMIN-Informedconsent','components.app.InformedConsent',_binary '',_binary ''),(68,'w4s4xv6cQ74vt+qZRfqKWlBaLTvFf6jlP7noT9L708c=','oFFAFwvhhc4v3jV6qRvR0KMjQh/hVfB3kCdmrUfoLzQ=',_binary '',_binary '',_binary '','SUPERADMIN-UserPreferenceadministration','components.core.auth.UserPreference',_binary '',_binary ''),(69,'CM8B3WlBBVpkiVg3NJ1v5jVCTiusjpagP+XsS6QEfWI=','VbdcuEm0zdaUjIeMTB5hJhjbXhCilsFUz0aOsp8f+Uk=',_binary '',_binary '',_binary '','SUPERADMIN-UserCredentialadministration','components.core.auth.UserCredential',_binary '',_binary ''),(70,'S6DYzHPZLxmt2j6b+PxrlmjYz8WQDxXdknZxNU29rkc=','NTl7kRELhSgi2NfX98C7utO6qAczgQcOIHJ/7fuhBco=',_binary '',_binary '',_binary '','SUPERADMIN-Permissionadministration','components.core.auth.Permission',_binary '',_binary ''),(71,'yapScxCTL0R5m9Irt7PvWrNepE/ZbjLgpSXYJYR+XF4=','MMbNCDIJXcA90nU+r9QpjUYgS4AgzyLzBRwNsICFOn4=',_binary '',_binary '',_binary '','SUPERADMIN-Institutionsadministration','components.core.auth.Site',_binary '',_binary ''),(72,'Tv0LbiR6REG8FjICQUZI6NDD82x59FB9AADxcTq/UsM=','OLe5u32ayvFaF6r9cOkxjszB1romIbUyTDCD8s493T0=',_binary '',_binary '',_binary '','SUPERADMIN-Patienten','components.app.AppPatient',_binary '',_binary ''),(73,'F7qmZKQKLPWGRzyxFXfsVyyau1sBa8NPxZ/KDxTj6rE=','ALpjoWdnD6yrJeffhBgOOwoomUMXv3NKud3zfRHS1a0=',_binary '',_binary '',_binary '','SUPERADMIN-Usermanual','components.app.UserManual',_binary '',_binary ''),(74,'y2d8QKl89vidFxMPKbu73/DvD/FYQrqGOPQVyDvegaQ=','IDwVhCzeM4ejB2h2BYwPQ09nIkQUvrQrsVOGP1Vzip8=',_binary '',_binary '',_binary '','SUPERADMIN-UserApprovaladministration','components.core.auth.UserApproval',_binary '',_binary ''),(75,'bU4cXlxf05t7QAbbmvITCaZw1111QTa4T2UXy7sbJkw=','dUZxANrlPX1IQXpJCnffMgz3htBLKtsBN0f79tD4wqc=',_binary '',_binary '',_binary '','SUPERADMIN-Formulare','components.app.Form',_binary '',_binary ''),(76,'JorHQYgFN2h44QcuS0tNWhxn4gqrZfYMb/U91EBRsnw=','P0fXauW2L5KWV1/Sd2jJmTwr8v24B+nEywCBXiiNnUs=',_binary '',_binary '',_binary '','SUPERADMIN-Patienten-Dokumenteigenschaften','components.app.DocumentAttribute',_binary '',_binary '');
/*!40000 ALTER TABLE `a_b` ENABLE KEYS */;
UNLOCK TABLES;

--
-- Table structure for table `a_d`
--

DROP TABLE IF EXISTS `a_d`;
/*!40101 SET @saved_cs_client     = @@character_set_client */;
/*!50503 SET character_set_client = utf8mb4 */;
CREATE TABLE `a_d` (
  `id` int(11) unsigned NOT NULL AUTO_INCREMENT,
  `xa` char(44) COLLATE utf8mb4_unicode_ci NOT NULL,
  `xb` char(44) COLLATE utf8mb4_unicode_ci DEFAULT NULL,
  `b` varchar(255) COLLATE utf8mb4_unicode_ci DEFAULT NULL,
  `a` varchar(255) COLLATE utf8mb4_unicode_ci DEFAULT NULL,
  PRIMARY KEY (`id`),
  UNIQUE KEY `UK_a` (`a`)
) ENGINE=InnoDB AUTO_INCREMENT=5 DEFAULT CHARSET=utf8mb4 COLLATE=utf8mb4_unicode_ci;
/*!40101 SET character_set_client = @saved_cs_client */;

--
-- Dumping data for table `a_d`
--

LOCK TABLES `a_d` WRITE;
/*!40000 ALTER TABLE `a_d` DISABLE KEYS */;
INSERT INTO `a_d` VALUES (1,'4bpgVbq1nkOD2m/vHdL0CTKTul9HJoUTDRTptbMweaU=','YEtfYt6mAK9qFMTKTjV4ifLgfxu0jvUUPc0QaBeTAK0=','hat nur Leserechte','READUSER'),(2,'aT/xW0gsiWuSOg/fJaBYdjoojs/i9KYa+sZ/6dW+xs8=','9e282Yz16efb188y9NoiovlltvSrC8LNeyyas64Mug0=','hat volle Benutzerrechte','WRITEUSER'),(3,'2/O1tgxG5EdBdPktcwtdbsxbisXCe1rAD28ddJ4fSEk=','UFRPIELvu3kRCqjg5xYvGRSwNtQrPXWIp4+Q+8WVwiw=','hat alle Rechte','ADMINISTRATOR'),(4,'7kT3yMRhnJoRyGJ1P3K1XOzO/uc0oD71yifNRjLgK70=','Xxan79UssRZToFR67uiBdYjrg/oyysdjKz8Ou3fDoZs=','hat alle Rechte','SUPERADMIN');
/*!40000 ALTER TABLE `a_d` ENABLE KEYS */;
UNLOCK TABLES;

--
-- Table structure for table `a_d_b`
--

DROP TABLE IF EXISTS `a_d_b`;
/*!40101 SET @saved_cs_client     = @@character_set_client */;
/*!50503 SET character_set_client = utf8mb4 */;
CREATE TABLE `a_d_b` (
  `b_id` int(11) unsigned NOT NULL,
  `d_id` int(11) unsigned NOT NULL,
  PRIMARY KEY (`b_id`,`d_id`),
  KEY `FK41nys6brdy8k5i4vyf97lcubs` (`d_id`),
  CONSTRAINT `FK41nys6brdy8k5i4vyf97lcubs` FOREIGN KEY (`d_id`) REFERENCES `a_d` (`id`),
  CONSTRAINT `FKhxbg2rtry0caowsct7e3id0pd` FOREIGN KEY (`b_id`) REFERENCES `a_b` (`id`)
) ENGINE=InnoDB DEFAULT CHARSET=utf8mb4 COLLATE=utf8mb4_unicode_ci;
/*!40101 SET character_set_client = @saved_cs_client */;

--
-- Dumping data for table `a_d_b`
--

LOCK TABLES `a_d_b` WRITE;
/*!40000 ALTER TABLE `a_d_b` DISABLE KEYS */;
INSERT INTO `a_d_b` VALUES (1,1),(2,1),(3,1),(4,1),(5,1),(6,1),(7,1),(8,1),(9,1),(10,1),(11,1),(12,1),(13,1),(14,1),(15,1),(16,1),(17,1),(18,1),(19,1),(20,2),(21,2),(22,2),(23,2),(24,2),(25,2),(26,2),(27,2),(28,2),(29,2),(30,2),(31,2),(32,2),(33,2),(34,2),(35,2),(36,2),(37,2),(38,2),(39,3),(40,3),(41,3),(42,3),(43,3),(44,3),(45,3),(46,3),(47,3),(48,3),(49,3),(50,3),(51,3),(52,3),(53,3),(54,3),(55,3),(56,3),(57,3),(58,4),(59,4),(60,4),(61,4),(62,4),(63,4),(64,4),(65,4),(66,4),(67,4),(68,4),(69,4),(70,4),(71,4),(72,4),(73,4),(74,4),(75,4),(76,4);
/*!40000 ALTER TABLE `a_d_b` ENABLE KEYS */;
UNLOCK TABLES;

--
-- Table structure for table `a_e`
--

DROP TABLE IF EXISTS `a_e`;
/*!40101 SET @saved_cs_client     = @@character_set_client */;
/*!50503 SET character_set_client = utf8mb4 */;
CREATE TABLE `a_e` (
  `id` int(11) unsigned NOT NULL AUTO_INCREMENT,
  `xa` char(44) COLLATE utf8mb4_unicode_ci NOT NULL,
  `xb` char(44) COLLATE utf8mb4_unicode_ci DEFAULT NULL,
  `a` varchar(255) COLLATE utf8mb4_unicode_ci NOT NULL,
  `c` varchar(255) COLLATE utf8mb4_unicode_ci NOT NULL,
  `b` varchar(255) COLLATE utf8mb4_unicode_ci NOT NULL,
  PRIMARY KEY (`id`),
  UNIQUE KEY `UK_c` (`c`)
) ENGINE=InnoDB AUTO_INCREMENT=3 DEFAULT CHARSET=utf8mb4 COLLATE=utf8mb4_unicode_ci;
/*!40101 SET character_set_client = @saved_cs_client */;

--
-- Dumping data for table `a_e`
--

LOCK TABLES `a_e` WRITE;
/*!40000 ALTER TABLE `a_e` DISABLE KEYS */;
INSERT INTO `a_e` VALUES (1,'td2t2Ug51f2QG3h5MhPBz03HBqCHujknwjv/RiVWpUc=','2LzT2av6JmCclL9fwTBQjvQVfzj+o4PPQ2AeEWiFojA=','vrOA8aSVcxOtj/xFkHZ7q7Gc95HdR39+DfkMoIHTU4w=','iv6a3ZpEk2JvlHlIhg270gRMJ1zS9hL0sUInJqARC78=','v7pWnUKJmzxzG6EBXSEBlOQOA10nSXtf6myrFYYXl9k='),(2,'N+tD2pHWNzSx/yRzbUfNc6ebZkmR0a6vdDgfYf/FmIc=','DCuHW4cwvFVnu+KKo0hboNp4kblfUiX7hH8pV8tRRvA=','eI6cjWGyrm+ym2Ggg6dkTdO+kX3AA9+pyDHcjD88APQ=','hES3CNjmbdoihDv0SXbq6ssjYAE9wgYuq7zB9PQRO5M=','l0al/snGirHNgVWVtnRd6JGiMldL7Eg4rWU883XbhWM=');
/*!40000 ALTER TABLE `a_e` ENABLE KEYS */;
UNLOCK TABLES;

--
-- Table structure for table `a_f`
--

DROP TABLE IF EXISTS `a_f`;
/*!40101 SET @saved_cs_client     = @@character_set_client */;
/*!50503 SET character_set_client = utf8mb4 */;
CREATE TABLE `a_f` (
  `id` int(11) unsigned NOT NULL AUTO_INCREMENT,
  `xa` char(44) COLLATE utf8mb4_unicode_ci NOT NULL,
  `xb` char(44) COLLATE utf8mb4_unicode_ci DEFAULT NULL,
  `c` bit(1) DEFAULT NULL,
  `b` varchar(255) COLLATE utf8mb4_unicode_ci DEFAULT NULL,
  `a` varchar(255) COLLATE utf8mb4_unicode_ci NOT NULL,
  `showPatientNames` bit(1) DEFAULT NULL,
  `usesKISIDs` bit(1) DEFAULT NULL,
  PRIMARY KEY (`id`),
  UNIQUE KEY `UK_a` (`a`)
) ENGINE=InnoDB AUTO_INCREMENT=2 DEFAULT CHARSET=utf8mb4 COLLATE=utf8mb4_unicode_ci;
/*!40101 SET character_set_client = @saved_cs_client */;

--
-- Dumping data for table `a_f`
--

LOCK TABLES `a_f` WRITE;
/*!40000 ALTER TABLE `a_f` DISABLE KEYS */;
INSERT INTO `a_f` VALUES (1,'O6lb37Z+A7PaKyEE4k+KOl/QCs1kqcnp44GPsKM9bSw=','ipYcIMkpNeffkC+FABw5oKIvDr9VdSLeabgljq+Ox5U=',_binary '','aLRHr99mHL1hNU23htdcXOmFmS6g9mdzUBeTqtxOS5I=','kv4txmOcc+RfauG1Hthxpu4+A7LtdAq0dgMmlOZ6R4E=',_binary '',_binary '');
/*!40000 ALTER TABLE `a_f` ENABLE KEYS */;
UNLOCK TABLES;

--
-- Table structure for table `a_f_e`
--

DROP TABLE IF EXISTS `a_f_e`;
/*!40101 SET @saved_cs_client     = @@character_set_client */;
/*!50503 SET character_set_client = utf8mb4 */;
CREATE TABLE `a_f_e` (
  `f_id` int(11) unsigned NOT NULL,
  `e_id` int(11) unsigned NOT NULL,
  PRIMARY KEY (`f_id`,`e_id`),
  KEY `f_id_index` (`f_id`),
  KEY `FKcnqmsnwxcun1cfilfuo8by78k` (`e_id`),
  CONSTRAINT `FKcnqmsnwxcun1cfilfuo8by78k` FOREIGN KEY (`e_id`) REFERENCES `a_e` (`id`),
  CONSTRAINT `FKnuxt8nw4u41aqhkc3a904rlap` FOREIGN KEY (`f_id`) REFERENCES `a_f` (`id`)
) ENGINE=InnoDB DEFAULT CHARSET=utf8mb4 COLLATE=utf8mb4_unicode_ci;
/*!40101 SET character_set_client = @saved_cs_client */;

--
-- Dumping data for table `a_f_e`
--

LOCK TABLES `a_f_e` WRITE;
/*!40000 ALTER TABLE `a_f_e` DISABLE KEYS */;
INSERT INTO `a_f_e` VALUES (1,1),(1,2);
/*!40000 ALTER TABLE `a_f_e` ENABLE KEYS */;
UNLOCK TABLES;

--
-- Table structure for table `a_g`
--

DROP TABLE IF EXISTS `a_g`;
/*!40101 SET @saved_cs_client     = @@character_set_client */;
/*!50503 SET character_set_client = utf8mb4 */;
CREATE TABLE `a_g` (
  `id` int(11) unsigned NOT NULL AUTO_INCREMENT,
  `xa` char(44) COLLATE utf8mb4_unicode_ci NOT NULL,
  `xb` char(44) COLLATE utf8mb4_unicode_ci DEFAULT NULL,
  `allowedFormnames` varchar(255) COLLATE utf8mb4_unicode_ci DEFAULT NULL,
  `g` longtext COLLATE utf8mb4_unicode_ci,
  `e` varchar(255) COLLATE utf8mb4_unicode_ci DEFAULT NULL,
  `m` varchar(255) COLLATE utf8mb4_unicode_ci DEFAULT NULL,
  `f` varchar(255) COLLATE utf8mb4_unicode_ci DEFAULT NULL,
  `external` bit(1) DEFAULT NULL,
  `b` datetime DEFAULT NULL,
  `c` datetime DEFAULT NULL,
  `otpKey` varchar(255) COLLATE utf8mb4_unicode_ci DEFAULT NULL,
  `p` varchar(255) COLLATE utf8mb4_unicode_ci DEFAULT NULL,
  `h` varchar(255) COLLATE utf8mb4_unicode_ci DEFAULT NULL,
  `d` bigint(20) DEFAULT NULL,
  `useOTP` bit(1) DEFAULT NULL,
  `a` varchar(255) COLLATE utf8mb4_unicode_ci DEFAULT NULL,
  `a_e_id` int(11) unsigned DEFAULT NULL,
  PRIMARY KEY (`id`),
  UNIQUE KEY `UK_a` (`a`),
  KEY `FK8d0fx562osmotk8igxhr0lmwt` (`a_e_id`),
  CONSTRAINT `FK8d0fx562osmotk8igxhr0lmwt` FOREIGN KEY (`a_e_id`) REFERENCES `a_e` (`id`)
) ENGINE=InnoDB AUTO_INCREMENT=7 DEFAULT CHARSET=utf8mb4 COLLATE=utf8mb4_unicode_ci;
/*!40101 SET character_set_client = @saved_cs_client */;

--
-- Dumping data for table `a_g`
--

LOCK TABLES `a_g` WRITE;
/*!40000 ALTER TABLE `a_g` DISABLE KEYS */;
INSERT INTO `a_g` VALUES (1,'VKp7PIxonbISEAXzleNCWi33bY4ipp3qBhYQQoq6oVc=','F2NocyUHhIHmjhQ2e0hvQD4MQqPTjHfSnA6e4JWSaHQ=',NULL,'pYJ//wcLILrxmi9NDcQQLNaLL22m8ZG3vMjfJhJrQ1JX/oN1wcJGADjfUJQEj1JBBV4bac2OPnNQdJjYKIYfYJnga91pL7z9m8bttmPZ5MGWdEH7rHO7qmqZ1GWUxf1aQYW9puhFqGrpzGPBnCkmYB75qxWMat08uv1zTMj8Sakre4o4+eI/u2a/Pcj0AB7FmaxVo1P7pu2tirbT4SFCL/lcJACQcZqDQLxgmxr7bCRX6QOl9JFnaPLHz3LP10LtAZeD0PQ4ddgqvFGY+9eFJg==','Benutzer','kohlmayer@bitcare.de','Uhoywek8/F+xFaUfuRDCVRTHndphKL9GBZAmMZ0GBNWuNdP2XETSDvbq5MKOLG9a',_binary '\0','2020-10-19 11:20:40','2020-10-19 11:20:41','','0171-4659089','SUPERADMIN',1,_binary '\0','admin',1),(2,'FIwo++IJADaJ5yazEtzEhikPqimZ/yUTQWMaaCJ1bL8=','Glz7ycxXLI9Qxk8peCxzrFLQ6pjQxkXoFQYoUW32ReU=',NULL,'edAsU5A9HoGJ4qBRfUvwgtmg6TbBhtCKfpF63yH7upD5ZmZFjdyY/RzWHP14E+eC6PAKjlxorAaihBiUFhQU57Ew35yXRZsmCHInXqK7cERjt8LgyT8P6pFVC0CRCq/XAO4XZ19Cd0MyoKVV1qyzPvC7G5z/2KYQwjRS0V2JataFw9r2ln9tHZlx1ySr1Cr4hKytCisDoK410w7eHW2MuKQZApIhgkr8ZkodicMeoAnGIumZxt3MF2ObBmJKtu9nNigjy7V2ZLvxw0zkVpL5UA==','service_User SITE','info@bitcare.de','g5Q6vqcRPmw71oBhvjqNqOn/GUmQWPu3yTH9pFniLpgvlZZ5HLcVg189seCaP8rr',_binary '\0','2020-10-19 11:20:40','2020-10-19 11:20:40','','+49 89 9430 1309','ADMINISTRATOR',2,_binary '\0','service_SITE',2),(3,'dQbEx4rzb8CkGUSWCCuK+QEzddWhsT56RVXv9pWtP0A=','dmcFUh0DIFIxnVFha/9hu0F6U5/EbMa/9ZWitmEDJ38=',NULL,'+6QTN77/ArWEMXsswWess579LPb9ER6i4Yj541ImDRv1HKB8I/UkTLL/wBtRaYr0Xy+IZwp2l+0v1f9/DXh2YdehvymOu8RmNVzMVEXHw9j3Ln8Gcuzm9RrlkDjmlFHDxG82TM6Gb4euJVlLY5Mc3lbfq27quVnOd5PxbP7UyCZYOG9ptpEaKNxrltbdoNzPu5cHYhuESJ++naMgDWW/8m78wkeoce3A5/W9KNWQDXCOsnjRC9LbxQAS4muzfdQkzW6sifV8imUdneTLawVqQg==','service_User Test','info@bitcare.de','0se0x3Yr5sqZyFio/2k9io9onegsiYeIUvuWZ/j+8FAl+3oHW9rLHPjZwjwCiqOv',_binary '\0','2020-10-19 11:20:40','2020-10-19 11:20:40','','+49 89 9430 1309','ADMINISTRATOR',2,_binary '\0','service_Test',1),(4,'FMd1Sx6R5NWPDK0NVJB2rrRnNbTq+NS+YCmivL3Zfi4=','3w3FCAPwHxVkQCWrMtGn+h602DwnMhKV7RDlfcU4BZE=',NULL,'JY1o5WEp9z2Ts4TowD1qLN995gWZR3Vs0YbQ3fl5AKLtYL5T08WAX9LjefbE43Z2oq3snUM5VjzIdMa2VZ9W8bVA7Q4azSs3Rj+jSUT25axG582MOPd451skCoG9RQH7/e2wWkSFxeJk3B0vXdrZUjfr5hDh+VaGKfHTCWy6cuMMEHDqBxjpZGYE9DUMQyvJJcyuA3Uf/IdOCbDqDqh7vnc+KFTfai/goVK/B7pe30+CzK5og+/kjGtZssjI5lC6D12JyLsKb9HIe/OyAmMIIw==','Benutzer',NULL,'jC5tJ2SHlILdNm5/V3HB0NaYzn9MgXdCdS4JEclrTSiq5m2KPgaSWA5BOAvhSyos',_binary '\0','2020-10-19 11:20:40','2020-10-19 11:20:40','',NULL,'ADMINISTRATOR',1,_binary '\0','admin_SITE',2),(5,'7wt0hGjp3NRE06VxdOXKR8x01YzE+FICssDRuD6A6mA=','aJenb6gHHRfDfEwUOaT5P9OK7dc9YWA39Njw9gXqdnA=',NULL,'YUGXe1zZXm5kcBqE26STm7B0EwZTCSJTUkNibc4re/0gqtlGFLUn6WvxLM6AsLjKo7iZS/SPp168oTIfHHNJhJ6opzEL0DjS24p0WjbNW61duYDafODd39sK4aI+FxaUqvqDJpTsUsEReYf7tJ55UzjHa6Jkai/fDPXFhWilulr2f7WzR4n6iWVPhtp3xYXCdH9dIyRR2swEHwyBZyiOpqMmxRHNmTVVjfWM6fZOPY/l9cfJOi23lf2jBxJlD6AqqSzCfnaR9sBmfxEEUF/wyg==','Benutzer',NULL,'GlSHzT2wsJDV5XHtsSOHU7Xw1uPijN9z2xmZi3EBQapdYQ5bEqoFQ33nsns32bCc',_binary '\0','2020-10-19 11:20:40','2020-10-19 11:20:40','',NULL,'ADMINISTRATOR',1,_binary '\0','admin_Test',1),(6,'ohspqkvQI99TGAzh2fBgYfgy0WVXu0yxv9iRrIvOj6s=','OrwW2n1Wo8pUVzGwYsk4lOGpw8BZ2bndUZ4zOtJJ/yQ=',NULL,'pDXAET8ivPQ8SV7HmR5ujZQfC+uWK4po5kKU21DAGN+QS3IRUzQS71M0Swiyvo8rS9yPEAAqhyf6mp5zyzprMbXo7NQSMwqtOEzPux4mhUAuO6hChhNEpMk8iXVYZqAyjOGnTlSy2Td+uxT1xU1mMxH+qBeYJlDHmFVY14PSTgNyHr0n4i8BXxETMcnU588IMTIGaE8H9OIiyb3M9mx6KEl60/gWzi8b+R5QVkOTs2nQwauaU0ccmr7YdVlQ9niCT3YlkgGd9rCaN+TNB0qjeg==','Benutzer',NULL,'YCkvzoHXmsKue8vCfXHUUHxfiKwOvMhB1zKuc3ki5EsHBiZ34KKMvGKDllMky7xx',_binary '\0','2020-10-19 11:20:40','2020-10-19 11:20:40','',NULL,'ADMINISTRATOR',1,_binary '\0','gecco',1);
/*!40000 ALTER TABLE `a_g` ENABLE KEYS */;
UNLOCK TABLES;

--
-- Table structure for table `a_g_f`
--

DROP TABLE IF EXISTS `a_g_f`;
/*!40101 SET @saved_cs_client     = @@character_set_client */;
/*!50503 SET character_set_client = utf8mb4 */;
CREATE TABLE `a_g_f` (
  `g_id` int(11) unsigned NOT NULL,
  `f_id` int(11) unsigned NOT NULL,
  PRIMARY KEY (`g_id`,`f_id`),
  KEY `g_id_index` (`g_id`),
  KEY `FKf7v2iwn9iynqr3ch8pe83k4sa` (`f_id`),
  CONSTRAINT `FKf7v2iwn9iynqr3ch8pe83k4sa` FOREIGN KEY (`f_id`) REFERENCES `a_f` (`id`),
  CONSTRAINT `FKmp2y09vbtta4bu8cwp39y275x` FOREIGN KEY (`g_id`) REFERENCES `a_g` (`id`)
) ENGINE=InnoDB DEFAULT CHARSET=utf8mb4 COLLATE=utf8mb4_unicode_ci;
/*!40101 SET character_set_client = @saved_cs_client */;

--
-- Dumping data for table `a_g_f`
--

LOCK TABLES `a_g_f` WRITE;
/*!40000 ALTER TABLE `a_g_f` DISABLE KEYS */;
INSERT INTO `a_g_f` VALUES (1,1),(2,1),(3,1),(4,1),(5,1),(6,1);
/*!40000 ALTER TABLE `a_g_f` ENABLE KEYS */;
UNLOCK TABLES;

--
-- Table structure for table `a_g_k`
--

DROP TABLE IF EXISTS `a_g_k`;
/*!40101 SET @saved_cs_client     = @@character_set_client */;
/*!50503 SET character_set_client = utf8mb4 */;
CREATE TABLE `a_g_k` (
  `g_id` int(11) unsigned NOT NULL,
  `k_id` int(11) unsigned NOT NULL,
  PRIMARY KEY (`g_id`,`k_id`),
  KEY `g_id_index` (`g_id`),
  KEY `FKkf7ek6w04cb4dkngc4k5xols6` (`k_id`),
  CONSTRAINT `FKkf7ek6w04cb4dkngc4k5xols6` FOREIGN KEY (`k_id`) REFERENCES `a_k` (`id`),
  CONSTRAINT `FKkuqjd3x8ghdrcjc65dsqfoahx` FOREIGN KEY (`g_id`) REFERENCES `a_g` (`id`)
) ENGINE=InnoDB DEFAULT CHARSET=utf8mb4 COLLATE=utf8mb4_unicode_ci;
/*!40101 SET character_set_client = @saved_cs_client */;

--
-- Dumping data for table `a_g_k`
--

LOCK TABLES `a_g_k` WRITE;
/*!40000 ALTER TABLE `a_g_k` DISABLE KEYS */;
INSERT INTO `a_g_k` VALUES (1,1),(1,2),(1,3),(1,4),(1,5),(1,6),(1,7),(1,8),(1,9),(1,10),(1,11),(1,12),(1,13),(1,14),(1,15),(1,16),(1,17),(1,18),(1,19),(1,20),(1,21),(1,22),(1,23),(4,1),(4,2),(4,5),(4,6),(4,7),(4,8),(4,10),(4,15),(4,16),(4,19),(5,1),(5,2),(5,5),(5,6),(5,7),(5,8),(5,10),(5,15),(5,16),(5,19),(6,1),(6,2),(6,3),(6,5),(6,6),(6,7),(6,8),(6,10),(6,16),(6,19);
/*!40000 ALTER TABLE `a_g_k` ENABLE KEYS */;
UNLOCK TABLES;

--
-- Table structure for table `a_g_k2`
--

DROP TABLE IF EXISTS `a_g_k2`;
/*!40101 SET @saved_cs_client     = @@character_set_client */;
/*!50503 SET character_set_client = utf8mb4 */;
CREATE TABLE `a_g_k2` (
  `g_id` int(11) unsigned NOT NULL,
  `k_id` int(11) unsigned NOT NULL,
  PRIMARY KEY (`g_id`,`k_id`),
  KEY `g_id_index` (`g_id`),
  KEY `FK5xjflkrppygwu636cdxmcj07u` (`k_id`),
  CONSTRAINT `FK5xjflkrppygwu636cdxmcj07u` FOREIGN KEY (`k_id`) REFERENCES `a_k` (`id`),
  CONSTRAINT `FK9pi6loqgmj3tmy5qb5f5d1jsy` FOREIGN KEY (`g_id`) REFERENCES `a_g` (`id`)
) ENGINE=InnoDB DEFAULT CHARSET=utf8mb4 COLLATE=utf8mb4_unicode_ci;
/*!40101 SET character_set_client = @saved_cs_client */;

--
-- Dumping data for table `a_g_k2`
--

LOCK TABLES `a_g_k2` WRITE;
/*!40000 ALTER TABLE `a_g_k2` DISABLE KEYS */;
INSERT INTO `a_g_k2` VALUES (1,1),(1,2),(1,3),(1,4),(1,5),(1,6),(1,7),(1,8),(1,9),(1,10),(1,11),(1,12),(1,13),(1,14),(1,15),(1,16),(1,17),(1,18),(1,19),(1,20),(1,21),(1,22),(1,23),(4,1),(4,2),(4,3),(4,5),(4,6),(4,7),(4,8),(4,10),(4,15),(4,16),(4,19),(5,1),(5,2),(5,3),(5,5),(5,6),(5,7),(5,8),(5,10),(5,15),(5,16),(5,19),(6,1),(6,2),(6,3),(6,5),(6,6),(6,7),(6,8),(6,10),(6,16),(6,19);
/*!40000 ALTER TABLE `a_g_k2` ENABLE KEYS */;
UNLOCK TABLES;

--
-- Table structure for table `a_h`
--

DROP TABLE IF EXISTS `a_h`;
/*!40101 SET @saved_cs_client     = @@character_set_client */;
/*!50503 SET character_set_client = utf8mb4 */;
CREATE TABLE `a_h` (
  `id` int(11) unsigned NOT NULL AUTO_INCREMENT,
  `xa` char(44) COLLATE utf8mb4_unicode_ci NOT NULL,
  `xb` char(44) COLLATE utf8mb4_unicode_ci DEFAULT NULL,
  `c` varchar(255) COLLATE utf8mb4_unicode_ci DEFAULT NULL,
  `b` int(11) DEFAULT NULL,
  `a` varchar(255) COLLATE utf8mb4_unicode_ci DEFAULT NULL,
  `a_g_id` int(11) unsigned DEFAULT NULL,
  PRIMARY KEY (`id`),
  KEY `FKqxfkgj10b7yjw4hoyoxrpy4e6` (`a_g_id`),
  CONSTRAINT `FKqxfkgj10b7yjw4hoyoxrpy4e6` FOREIGN KEY (`a_g_id`) REFERENCES `a_g` (`id`)
) ENGINE=InnoDB DEFAULT CHARSET=utf8mb4 COLLATE=utf8mb4_unicode_ci;
/*!40101 SET character_set_client = @saved_cs_client */;

--
-- Dumping data for table `a_h`
--

LOCK TABLES `a_h` WRITE;
/*!40000 ALTER TABLE `a_h` DISABLE KEYS */;
/*!40000 ALTER TABLE `a_h` ENABLE KEYS */;
UNLOCK TABLES;

--
-- Table structure for table `a_i`
--

DROP TABLE IF EXISTS `a_i`;
/*!40101 SET @saved_cs_client     = @@character_set_client */;
/*!50503 SET character_set_client = utf8mb4 */;
CREATE TABLE `a_i` (
  `id` int(11) unsigned NOT NULL AUTO_INCREMENT,
  `xa` char(44) COLLATE utf8mb4_unicode_ci NOT NULL,
  `xb` char(44) COLLATE utf8mb4_unicode_ci DEFAULT NULL,
  `a` int(11) DEFAULT NULL,
  `b` varchar(255) COLLATE utf8mb4_unicode_ci DEFAULT NULL,
  `a_g_id` int(11) unsigned DEFAULT NULL,
  PRIMARY KEY (`id`),
  KEY `FKn370i5lft12iv8uf15r35d4yq` (`a_g_id`),
  CONSTRAINT `FKn370i5lft12iv8uf15r35d4yq` FOREIGN KEY (`a_g_id`) REFERENCES `a_g` (`id`)
) ENGINE=InnoDB DEFAULT CHARSET=utf8mb4 COLLATE=utf8mb4_unicode_ci;
/*!40101 SET character_set_client = @saved_cs_client */;

--
-- Dumping data for table `a_i`
--

LOCK TABLES `a_i` WRITE;
/*!40000 ALTER TABLE `a_i` DISABLE KEYS */;
/*!40000 ALTER TABLE `a_i` ENABLE KEYS */;
UNLOCK TABLES;

--
-- Table structure for table `a_j`
--

DROP TABLE IF EXISTS `a_j`;
/*!40101 SET @saved_cs_client     = @@character_set_client */;
/*!50503 SET character_set_client = utf8mb4 */;
CREATE TABLE `a_j` (
  `id` int(11) unsigned NOT NULL AUTO_INCREMENT,
  `xa` char(44) COLLATE utf8mb4_unicode_ci NOT NULL,
  `xb` char(44) COLLATE utf8mb4_unicode_ci DEFAULT NULL,
  `b` varchar(255) COLLATE utf8mb4_unicode_ci DEFAULT NULL,
  `a` varchar(255) COLLATE utf8mb4_unicode_ci DEFAULT NULL,
  `a_e_id` int(11) unsigned DEFAULT NULL,
  PRIMARY KEY (`id`),
  UNIQUE KEY `UK_b_a_e_id` (`b`,`a_e_id`),
  KEY `FK8ymbwwfwkrvox2rl9gg6yvf9x` (`a_e_id`),
  CONSTRAINT `FK8ymbwwfwkrvox2rl9gg6yvf9x` FOREIGN KEY (`a_e_id`) REFERENCES `a_e` (`id`)
) ENGINE=InnoDB DEFAULT CHARSET=utf8mb4 COLLATE=utf8mb4_unicode_ci;
/*!40101 SET character_set_client = @saved_cs_client */;

--
-- Dumping data for table `a_j`
--

LOCK TABLES `a_j` WRITE;
/*!40000 ALTER TABLE `a_j` DISABLE KEYS */;
/*!40000 ALTER TABLE `a_j` ENABLE KEYS */;
UNLOCK TABLES;

--
-- Table structure for table `a_k`
--

DROP TABLE IF EXISTS `a_k`;
/*!40101 SET @saved_cs_client     = @@character_set_client */;
/*!50503 SET character_set_client = utf8mb4 */;
CREATE TABLE `a_k` (
  `id` int(11) unsigned NOT NULL AUTO_INCREMENT,
  `xa` char(44) COLLATE utf8mb4_unicode_ci NOT NULL,
  `xb` char(44) COLLATE utf8mb4_unicode_ci DEFAULT NULL,
  `a` varchar(255) COLLATE utf8mb4_unicode_ci DEFAULT NULL,
  PRIMARY KEY (`id`),
  UNIQUE KEY `UK_a` (`a`)
) ENGINE=InnoDB AUTO_INCREMENT=24 DEFAULT CHARSET=utf8mb4 COLLATE=utf8mb4_unicode_ci;
/*!40101 SET character_set_client = @saved_cs_client */;

--
-- Dumping data for table `a_k`
--

LOCK TABLES `a_k` WRITE;
/*!40000 ALTER TABLE `a_k` DISABLE KEYS */;
INSERT INTO `a_k` VALUES (1,'xZNuH/O8hm+c37l7Dw5KJ1IY6a9fzXJveQsiwEcufdY=','JoltIgfnlf3klUhdyDWeaLqZ03JKQUa1lZl45b5cgmY=','PATIENTLIST'),(2,'UnwTRuVKNpI6sIBi+GnhbyGfJfZP5abyFR1Hmn77ct8=','tPrKct42rsxFirQycENySrtMrCzuxy87KulqKbWgfGU=','NEWPATIENT'),(3,'xslo97OvwNLsjmMfpg4tNCUXKcGeiygrzlU5rFIG4bc=','JxVivv/u6Mdczo1nK7H0Z69zkS6eYIygloBftreN0y4=','SCAN'),(4,'IsaxcsAVgVbHBmAFLgVs/OV3iX+Bsl/gWkrmbh1dG7Y=','0Ic391du1gOHAiUbDp4cgkU9JOwSfWhSeyseHhWTmQk=','STORAGEMNGT'),(5,'nqQCc5nxFMBH6b7daxVLX0JrW7SMMizE5Vq118lsaH8=','oMyZ2XHfrSI8h6tTZTy9ok/ElYuUzgqcMNVhASw3GNs=','BARCODES'),(6,'B3mNhfGxSjrX8ZMVMMeLwyYB3GSF0+vsC3m8FlLzQiI=','glkBHXmcD+i60eZUQ3Ciqaxa6zWpTf4Tqvbm/W0RXoY=','SAMPLELIST'),(7,'1MYVEL+zHLBYJgT+xRRMmZZ56RxQac1AA7It/y3Eb+c=','xDlkb2QNclnesFR2/6xBZfEROfZewvK43q0rrU3Cvjo=','SEARCH'),(8,'8KV8zz/3ULr4rqezi6HysmhbA/GHMwetgUWRn49ZiK8=','m94MeiJU2PILGEoDs7yD06N4LNugDpkRohXtEDFfpVw=','EXPORT'),(9,'VoQRjQIFG8E8Q1xq//E0NVUuc+V1mV1JBr3fPnakDRo=','kIEJYsNNKVZTi1b/OPx4sB8htnYLENEmCqZLCqc+/+A=','RESTRICTEDFORMS'),(10,'ddAbv1XCmNfydwB5F3qw2y5DN9r9t2PxdRUNZwVJtTs=','Q87cv8SCZxtwOF0VX+NSf3nDe+DPDa1eAtSfncPYlAw=','TIMERESTRICTEDFORMS'),(11,'qjEluOR+OkWNTu0VkoSoENoL3jcd3oIb4cm1V87OP8M=','jroBmU+7EGSL1w07+CToWx9KXcUg890M912U0tEPA/s=','FORMEDIT'),(12,'L5MMhBNzf8vJ/ww7CKoJcbEhYHzneTFEWI6OQLT+Tmw=','ZLLBWE3wakuebETTmJsbL4KVH+mNtOsrujwNezJlbQk=','VISITEDIT'),(13,'g8xhT7x6lAZLvAhqo+TFR4IJcPuvinUbABTniFCjE3s=','h0c8RH+WqMAyduPaOKsV0t4fPAydqENPm5CWQ2SO3tY=','TABLEVIEWMDAT'),(14,'aYPgivP0TxpgDk3iCZxidaWo4g86Fd+aw6nzSXFXkMw=','kjm5nqbyLUn5B0sor5PM81BvklRSzeWe3lq2+lzSeDs=','EXPORTPATIENTNAMES'),(15,'iUyYWlHQ3yN1kAMbB2ga004oKu6nzDIOqhAGZ2wpSfk=','IkjTNz0BSGqDF7hRyi/nRflst58jMWG/lz9KwcWVFqg=','PSEUDONYMOUSINPUT'),(16,'X4oDISHZ9Jgdr/6ACEWvwuwSiUXLNy+TGFJJZFA0dTk=','o23KySEaQ0Fd5c7LuDMitMBt+Q4ih1bCeD8kqsevfZ4=','DELETEPATIENT'),(17,'70v6SF01sQqt48NxtLqZGRto/wBgoFDF59oe8JPaBf4=','I43lwxaIuMUhrX/vlJWdZXvqqp+KJZCXbQdClsLlduM=','STATISTICS'),(18,'q3JTm9c/9WVQnaN3Ac6SmlP2pGb7Cz7vhSALOt15lps=','UlxVJufvE/NVvcAav1V/fHa5f59JItIHpBa+smuW6E8=','CONTACTS'),(19,'n67CBmqihZrMxPuxoN03KX8Hmwc7XkMyiHH0A1wvinA=','Iae2SEEntuHaOmWnRgITU10/YYchdg1gFpl55ZTu/uc=','SHOWPATIENTNAMES'),(20,'mgIti/+o73DMrhDyEsmBrevGy0E10Dc3noXEAcbklp4=','rDk2ASpH6fDDr1u/P2hbwCtrZCqNLOhYtvPHf8gweFI=','SINGLESHOTFORM'),(21,'e7LyfLBtc/t/JN997rAR+ujbtWXwCresrLieWGm7F9Y=','o72UonaDeHHI2n1+8bV4WthfCj/vw0eH5iEl67wKnHA=','TIMERESTRICTEDFORMSOVERRIDE'),(22,'8Zze0MVINmnCG8jaYY2hZ6gLm9xe9paef2wMaOETnuM=','XxLxhgXOXA5k1jRd+jc72LZHOarK6qJ0fcrZlCpEWUE=','SIGNFORMS'),(23,'1/IuPUDDyCIrWPSzVf8xf2YFHku1h3DZMvGW4acq43g=','Xl6IJEsc3Opeiuzc6ZM0PQxXbkatU6/ICXSJ+Xc1744=','LOCKFORMS');
/*!40000 ALTER TABLE `a_k` ENABLE KEYS */;
UNLOCK TABLES;

--
-- Table structure for table `a_l`
--

DROP TABLE IF EXISTS `a_l`;
/*!40101 SET @saved_cs_client     = @@character_set_client */;
/*!50503 SET character_set_client = utf8mb4 */;
CREATE TABLE `a_l` (
  `id` int(11) unsigned NOT NULL AUTO_INCREMENT,
  `xa` char(44) COLLATE utf8mb4_unicode_ci NOT NULL,
  `xb` char(44) COLLATE utf8mb4_unicode_ci DEFAULT NULL,
  `b` int(11) unsigned DEFAULT NULL,
  `c` varchar(255) COLLATE utf8mb4_unicode_ci DEFAULT NULL,
  `a` int(11) unsigned DEFAULT NULL,
  PRIMARY KEY (`id`)
) ENGINE=InnoDB DEFAULT CHARSET=utf8mb4 COLLATE=utf8mb4_unicode_ci;
/*!40101 SET character_set_client = @saved_cs_client */;

--
-- Dumping data for table `a_l`
--

LOCK TABLES `a_l` WRITE;
/*!40000 ALTER TABLE `a_l` DISABLE KEYS */;
/*!40000 ALTER TABLE `a_l` ENABLE KEYS */;
UNLOCK TABLES;

--
-- Table structure for table `a_m`
--

DROP TABLE IF EXISTS `a_m`;
/*!40101 SET @saved_cs_client     = @@character_set_client */;
/*!50503 SET character_set_client = utf8mb4 */;
CREATE TABLE `a_m` (
  `id` int(11) unsigned NOT NULL AUTO_INCREMENT,
  `xa` char(44) COLLATE utf8mb4_unicode_ci NOT NULL,
  `xb` char(44) COLLATE utf8mb4_unicode_ci DEFAULT NULL,
  `doExport` bit(1) DEFAULT NULL,
  `doSearch` bit(1) DEFAULT NULL,
  `a_e_id` int(11) unsigned DEFAULT NULL,
  `a_f_id` int(11) unsigned DEFAULT NULL,
  `a_g_id` int(11) unsigned DEFAULT NULL,
  PRIMARY KEY (`id`),
  UNIQUE KEY `UK_a_e_id_a_f_id_a_g_id` (`a_e_id`,`a_f_id`,`a_g_id`),
  KEY `FKm85cndrpetnk3oafx1jxjils` (`a_f_id`),
  KEY `FKxqafvn6nmpu5yaetrxw8dsj6` (`a_g_id`),
  CONSTRAINT `FK89xxqpcbmvkcqc8khqdvk4lfa` FOREIGN KEY (`a_e_id`) REFERENCES `a_e` (`id`),
  CONSTRAINT `FKm85cndrpetnk3oafx1jxjils` FOREIGN KEY (`a_f_id`) REFERENCES `a_f` (`id`),
  CONSTRAINT `FKxqafvn6nmpu5yaetrxw8dsj6` FOREIGN KEY (`a_g_id`) REFERENCES `a_g` (`id`)
) ENGINE=InnoDB DEFAULT CHARSET=utf8mb4 COLLATE=utf8mb4_unicode_ci;
/*!40101 SET character_set_client = @saved_cs_client */;

--
-- Dumping data for table `a_m`
--

LOCK TABLES `a_m` WRITE;
/*!40000 ALTER TABLE `a_m` DISABLE KEYS */;
/*!40000 ALTER TABLE `a_m` ENABLE KEYS */;
UNLOCK TABLES;

--
-- Table structure for table `a_xx`
--

DROP TABLE IF EXISTS `a_xx`;
/*!40101 SET @saved_cs_client     = @@character_set_client */;
/*!50503 SET character_set_client = utf8mb4 */;
CREATE TABLE `a_xx` (
  `id` int(11) NOT NULL AUTO_INCREMENT,
  `timestamp` bigint(20) NOT NULL,
  `userID` varchar(255) COLLATE utf8mb4_unicode_ci DEFAULT NULL,
  PRIMARY KEY (`id`)
) ENGINE=InnoDB AUTO_INCREMENT=1133 DEFAULT CHARSET=utf8mb4 COLLATE=utf8mb4_unicode_ci;
/*!40101 SET character_set_client = @saved_cs_client */;

--
-- Dumping data for table `a_xx`
--

LOCK TABLES `a_xx` WRITE;
/*!40000 ALTER TABLE `a_xx` DISABLE KEYS */;
INSERT INTO `a_xx` VALUES (1,1603102839238,'-1'),(2,1603102839259,'-1'),(3,1603102839267,'-1'),(4,1603102839273,'-1'),(5,1603102839281,'-1'),(6,1603102839289,'-1'),(7,1603102839296,'-1'),(8,1603102839304,'-1'),(9,1603102839322,'-1'),(10,1603102839330,'-1'),(11,1603102839338,'-1'),(12,1603102839346,'-1'),(13,1603102839353,'-1'),(14,1603102839360,'-1'),(15,1603102839366,'-1'),(16,1603102839373,'-1'),(17,1603102839378,'-1'),(18,1603102839384,'-1'),(19,1603102839389,'-1'),(20,1603102839394,'-1'),(21,1603102839404,'-1'),(22,1603102839407,'-1'),(23,1603102839412,'-1'),(24,1603102839416,'-1'),(25,1603102839419,'-1'),(26,1603102839423,'-1'),(27,1603102839427,'-1'),(28,1603102839431,'-1'),(29,1603102839435,'-1'),(30,1603102839441,'-1'),(31,1603102839445,'-1'),(32,1603102839449,'-1'),(33,1603102839453,'-1'),(34,1603102839457,'-1'),(35,1603102839460,'-1'),(36,1603102839464,'-1'),(37,1603102839467,'-1'),(38,1603102839471,'-1'),(39,1603102839475,'-1'),(40,1603102839478,'-1'),(41,1603102839484,'-1'),(42,1603102839488,'-1'),(43,1603102839493,'-1'),(44,1603102839497,'-1'),(45,1603102839501,'-1'),(46,1603102839506,'-1'),(47,1603102839511,'-1'),(48,1603102839515,'-1'),(49,1603102839521,'-1'),(50,1603102839526,'-1'),(51,1603102839531,'-1'),(52,1603102839535,'-1'),(53,1603102839539,'-1'),(54,1603102839544,'-1'),(55,1603102839549,'-1'),(56,1603102839554,'-1'),(57,1603102839559,'-1'),(58,1603102839565,'-1'),(59,1603102839571,'-1'),(60,1603102839577,'-1'),(61,1603102839582,'-1'),(62,1603102839589,'-1'),(63,1603102839603,'-1'),(64,1603102839610,'-1'),(65,1603102839622,'-1'),(66,1603102839632,'-1'),(67,1603102839641,'-1'),(68,1603102839660,'-1'),(69,1603102839669,'-1'),(70,1603102839678,'-1'),(71,1603102839690,'-1'),(72,1603102839695,'-1'),(73,1603102839702,'-1'),(74,1603102839707,'-1'),(75,1603102839722,'-1'),(76,1603102839738,'-1'),(77,1603102839743,'-1'),(78,1603102839747,'-1'),(79,1603102839757,'-1'),(80,1603102839769,'-1'),(81,1603102839776,'-1'),(82,1603102839779,'-1'),(83,1603102839783,'-1'),(84,1603102839790,'-1'),(85,1603102839796,'-1'),(86,1603102839800,'-1'),(87,1603102839805,'-1'),(88,1603102839816,'-1'),(89,1603102839818,'-1'),(90,1603102839825,'-1'),(91,1603102839831,'-1'),(92,1603102839835,'-1'),(93,1603102839841,'-1'),(94,1603102839851,'-1'),(95,1603102839855,'-1'),(96,1603102839859,'-1'),(97,1603102839862,'-1'),(98,1603102839865,'-1'),(99,1603102839869,'-1'),(100,1603102839871,'-1'),(101,1603102839878,'-1'),(102,1603102839885,'-1'),(103,1603102839893,'-1'),(104,1603102840077,'-1'),(105,1603102840082,'-1'),(106,1603102840099,'-1'),(107,1603102840137,'-1'),(108,1603102840228,'-1'),(109,1603102840238,'-1'),(110,1603102840255,'-1'),(111,1603102840303,'-1'),(112,1603102840334,'-1'),(113,1603102840369,'-1'),(114,1603102840403,'-1'),(115,1603102840684,'1'),(116,1603102840690,'1'),(117,1603102840692,'1'),(118,1603102840693,'1'),(119,1603102840696,'1'),(120,1603102840698,'1'),(121,1603102840701,'1'),(122,1603102840703,'1'),(123,1603102840705,'1'),(124,1603102840706,'1'),(125,1603102840708,'1'),(126,1603102840710,'1'),(127,1603102840712,'1'),(128,1603102840714,'1'),(129,1603102840716,'1'),(130,1603102840718,'1'),(131,1603102840719,'1'),(132,1603102840721,'1'),(133,1603102840722,'1'),(134,1603102840723,'1'),(135,1603102840725,'1'),(136,1603102840726,'1'),(137,1603102840731,'1'),(138,1603102840737,'1'),(139,1603102840741,'1'),(140,1603102840742,'1'),(141,1603102840744,'1'),(142,1603102840746,'1'),(143,1603102840748,'1'),(144,1603102840750,'1'),(145,1603102840751,'1'),(146,1603102840752,'1'),(147,1603102840754,'1'),(148,1603102840755,'1'),(149,1603102840756,'1'),(150,1603102840758,'1'),(151,1603102840759,'1'),(152,1603102840760,'1'),(153,1603102840762,'1'),(154,1603102840763,'1'),(155,1603102840764,'1'),(156,1603102840765,'1'),(157,1603102840766,'1'),(158,1603102840767,'1'),(159,1603102840768,'1'),(160,1603102840769,'1'),(161,1603102840770,'1'),(162,1603102840771,'1'),(163,1603102840773,'1'),(164,1603102840774,'1'),(165,1603102840774,'1'),(166,1603102840775,'1'),(167,1603102840776,'1'),(168,1603102840777,'1'),(169,1603102840779,'1'),(170,1603102840780,'1'),(171,1603102840781,'1'),(172,1603102840782,'1'),(173,1603102840784,'1'),(174,1603102840785,'1'),(175,1603102840786,'1'),(176,1603102840787,'1'),(177,1603102840788,'1'),(178,1603102840790,'1'),(179,1603102840791,'1'),(180,1603102840792,'1'),(181,1603102840793,'1'),(182,1603102840794,'1'),(183,1603102840795,'1'),(184,1603102840796,'1'),(185,1603102840797,'1'),(186,1603102840799,'1'),(187,1603102840800,'1'),(188,1603102840801,'1'),(189,1603102840802,'1'),(190,1603102840803,'1'),(191,1603102840805,'1'),(192,1603102840806,'1'),(193,1603102840808,'1'),(194,1603102840811,'1'),(195,1603102840812,'1'),(196,1603102840813,'1'),(197,1603102840815,'1'),(198,1603102840816,'1'),(199,1603102840817,'1'),(200,1603102840817,'1'),(201,1603102840818,'1'),(202,1603102840819,'1'),(203,1603102840820,'1'),(204,1603102840822,'1'),(205,1603102840823,'1'),(206,1603102840824,'1'),(207,1603102840825,'1'),(208,1603102840826,'1'),(209,1603102840828,'1'),(210,1603102840829,'1'),(211,1603102840830,'1'),(212,1603102840830,'1'),(213,1603102840831,'1'),(214,1603102840832,'1'),(215,1603102840833,'1'),(216,1603102840834,'1'),(217,1603102840835,'1'),(218,1603102840836,'1'),(219,1603102840837,'1'),(220,1603102840838,'1'),(221,1603102840839,'1'),(222,1603102840840,'1'),(223,1603102840842,'1'),(224,1603102840843,'1'),(225,1603102840845,'1'),(226,1603102840846,'1'),(227,1603102840847,'1'),(228,1603102840849,'1'),(229,1603102840850,'1'),(230,1603102840851,'1'),(231,1603102840852,'1'),(232,1603102840854,'1'),(233,1603102840855,'1'),(234,1603102840856,'1'),(235,1603102840857,'1'),(236,1603102840858,'1'),(237,1603102840859,'1'),(238,1603102840861,'1'),(239,1603102840862,'1'),(240,1603102840863,'1'),(241,1603102840864,'1'),(242,1603102840865,'1'),(243,1603102840867,'1'),(244,1603102840868,'1'),(245,1603102840869,'1'),(246,1603102840870,'1'),(247,1603102840871,'1'),(248,1603102840872,'1'),(249,1603102840873,'1'),(250,1603102840874,'1'),(251,1603102840876,'1'),(252,1603102840878,'1'),(253,1603102840879,'1'),(254,1603102840880,'1'),(255,1603102840881,'1'),(256,1603102840883,'1'),(257,1603102840884,'1'),(258,1603102840885,'1'),(259,1603102840886,'1'),(260,1603102840887,'1'),(261,1603102840888,'1'),(262,1603102840890,'1'),(263,1603102840891,'1'),(264,1603102840892,'1'),(265,1603102840894,'1'),(266,1603102840896,'1'),(267,1603102840897,'1'),(268,1603102840897,'1'),(269,1603102840899,'1'),(270,1603102840904,'1'),(271,1603102840909,'1'),(272,1603102840913,'1'),(273,1603102840914,'1'),(274,1603102840916,'1'),(275,1603102840917,'1'),(276,1603102840918,'1'),(277,1603102840919,'1'),(278,1603102840920,'1'),(279,1603102840922,'1'),(280,1603102840923,'1'),(281,1603102840924,'1'),(282,1603102840925,'1'),(283,1603102840927,'1'),(284,1603102840928,'1'),(285,1603102840930,'1'),(286,1603102840931,'1'),(287,1603102840932,'1'),(288,1603102840934,'1'),(289,1603102840935,'1'),(290,1603102840936,'1'),(291,1603102840937,'1'),(292,1603102840937,'1'),(293,1603102840938,'1'),(294,1603102840939,'1'),(295,1603102840940,'1'),(296,1603102840940,'1'),(297,1603102840942,'1'),(298,1603102840943,'1'),(299,1603102840944,'1'),(300,1603102840945,'1'),(301,1603102840946,'1'),(302,1603102840947,'1'),(303,1603102840948,'1'),(304,1603102840949,'1'),(305,1603102840950,'1'),(306,1603102840951,'1'),(307,1603102840952,'1'),(308,1603102840953,'1'),(309,1603102840954,'1'),(310,1603102840956,'1'),(311,1603102840957,'1'),(312,1603102840958,'1'),(313,1603102840959,'1'),(314,1603102840960,'1'),(315,1603102840961,'1'),(316,1603102840962,'1'),(317,1603102840963,'1'),(318,1603102840964,'1'),(319,1603102840966,'1'),(320,1603102840967,'1'),(321,1603102840968,'1'),(322,1603102840969,'1'),(323,1603102840971,'1'),(324,1603102840976,'1'),(325,1603102840981,'1'),(326,1603102840984,'1'),(327,1603102840990,'1'),(328,1603102840995,'1'),(329,1603102840998,'1'),(330,1603102841000,'1'),(331,1603102841001,'1'),(332,1603102841003,'1'),(333,1603102841004,'1'),(334,1603102841005,'1'),(335,1603102841006,'1'),(336,1603102841007,'1'),(337,1603102841008,'1'),(338,1603102841009,'1'),(339,1603102841010,'1'),(340,1603102841011,'1'),(341,1603102841012,'1'),(342,1603102841013,'1'),(343,1603102841014,'1'),(344,1603102841015,'1'),(345,1603102841016,'1'),(346,1603102841018,'1'),(347,1603102841018,'1'),(348,1603102841019,'1'),(349,1603102841019,'1'),(350,1603102841020,'1'),(351,1603102841021,'1'),(352,1603102841022,'1'),(353,1603102841023,'1'),(354,1603102841024,'1'),(355,1603102841025,'1'),(356,1603102841026,'1'),(357,1603102841027,'1'),(358,1603102841028,'1'),(359,1603102841029,'1'),(360,1603102841031,'1'),(361,1603102841032,'1'),(362,1603102841034,'1'),(363,1603102841036,'1'),(364,1603102841038,'1'),(365,1603102841040,'1'),(366,1603102841042,'1'),(367,1603102841043,'1'),(368,1603102841045,'1'),(369,1603102841046,'1'),(370,1603102841047,'1'),(371,1603102841048,'1'),(372,1603102841050,'1'),(373,1603102841051,'1'),(374,1603102841052,'1'),(375,1603102841053,'1'),(376,1603102841054,'1'),(377,1603102841055,'1'),(378,1603102841056,'1'),(379,1603102841057,'1'),(380,1603102841059,'1'),(381,1603102841061,'1'),(382,1603102841063,'1'),(383,1603102841064,'1'),(384,1603102841065,'1'),(385,1603102841066,'1'),(386,1603102841067,'1'),(387,1603102841068,'1'),(388,1603102841069,'1'),(389,1603102841070,'1'),(390,1603102841071,'1'),(391,1603102841072,'1'),(392,1603102841073,'1'),(393,1603102841074,'1'),(394,1603102841075,'1'),(395,1603102841075,'1'),(396,1603102841076,'1'),(397,1603102841077,'1'),(398,1603102841078,'1'),(399,1603102841079,'1'),(400,1603102841080,'1'),(401,1603102841080,'1'),(402,1603102841081,'1'),(403,1603102841082,'1'),(404,1603102841083,'1'),(405,1603102841084,'1'),(406,1603102841085,'1'),(407,1603102841086,'1'),(408,1603102841087,'1'),(409,1603102841088,'1'),(410,1603102841088,'1'),(411,1603102841089,'1'),(412,1603102841090,'1'),(413,1603102841091,'1'),(414,1603102841092,'1'),(415,1603102841093,'1'),(416,1603102841094,'1'),(417,1603102841094,'1'),(418,1603102841095,'1'),(419,1603102841096,'1'),(420,1603102841097,'1'),(421,1603102841098,'1'),(422,1603102841099,'1'),(423,1603102841100,'1'),(424,1603102841101,'1'),(425,1603102841102,'1'),(426,1603102841102,'1'),(427,1603102841103,'1'),(428,1603102841104,'1'),(429,1603102841105,'1'),(430,1603102841106,'1'),(431,1603102841107,'1'),(432,1603102841108,'1'),(433,1603102841109,'1'),(434,1603102841109,'1'),(435,1603102841110,'1'),(436,1603102841111,'1'),(437,1603102841112,'1'),(438,1603102841113,'1'),(439,1603102841114,'1'),(440,1603102841115,'1'),(441,1603102841117,'1'),(442,1603102841117,'1'),(443,1603102841119,'1'),(444,1603102841120,'1'),(445,1603102841121,'1'),(446,1603102841122,'1'),(447,1603102841123,'1'),(448,1603102841124,'1'),(449,1603102841125,'1'),(450,1603102841126,'1'),(451,1603102841127,'1'),(452,1603102841128,'1'),(453,1603102841129,'1'),(454,1603102841129,'1'),(455,1603102841130,'1'),(456,1603102841131,'1'),(457,1603102841132,'1'),(458,1603102841133,'1'),(459,1603102841134,'1'),(460,1603102841135,'1'),(461,1603102841136,'1'),(462,1603102841137,'1'),(463,1603102841138,'1'),(464,1603102841139,'1'),(465,1603102841140,'1'),(466,1603102841141,'1'),(467,1603102841141,'1'),(468,1603102841142,'1'),(469,1603102841143,'1'),(470,1603102841144,'1'),(471,1603102841145,'1'),(472,1603102841146,'1'),(473,1603102841147,'1'),(474,1603102841148,'1'),(475,1603102841149,'1'),(476,1603102841150,'1'),(477,1603102841151,'1'),(478,1603102841152,'1'),(479,1603102841153,'1'),(480,1603102841154,'1'),(481,1603102841155,'1'),(482,1603102841155,'1'),(483,1603102841156,'1'),(484,1603102841158,'1'),(485,1603102841159,'1'),(486,1603102841159,'1'),(487,1603102841160,'1'),(488,1603102841161,'1'),(489,1603102841162,'1'),(490,1603102841163,'1'),(491,1603102841164,'1'),(492,1603102841164,'1'),(493,1603102841166,'1'),(494,1603102841168,'1'),(495,1603102841170,'1'),(496,1603102841171,'1'),(497,1603102841172,'1'),(498,1603102841173,'1'),(499,1603102841174,'1'),(500,1603102841175,'1'),(501,1603102841175,'1'),(502,1603102841176,'1'),(503,1603102841177,'1'),(504,1603102841178,'1'),(505,1603102841179,'1'),(506,1603102841180,'1'),(507,1603102841181,'1'),(508,1603102841181,'1'),(509,1603102841182,'1'),(510,1603102841183,'1'),(511,1603102841184,'1'),(512,1603102841185,'1'),(513,1603102841186,'1'),(514,1603102841187,'1'),(515,1603102841188,'1'),(516,1603102841189,'1'),(517,1603102841190,'1'),(518,1603102841191,'1'),(519,1603102841193,'1'),(520,1603102841194,'1'),(521,1603102841195,'1'),(522,1603102841196,'1'),(523,1603102841197,'1'),(524,1603102841198,'1'),(525,1603102841199,'1'),(526,1603102841200,'1'),(527,1603102841201,'1'),(528,1603102841202,'1'),(529,1603102841203,'1'),(530,1603102841204,'1'),(531,1603102841205,'1'),(532,1603102841206,'1'),(533,1603102841207,'1'),(534,1603102841210,'1'),(535,1603102841214,'1'),(536,1603102841219,'1'),(537,1603102841222,'1'),(538,1603102841222,'1'),(539,1603102841223,'1'),(540,1603102841225,'1'),(541,1603102841226,'1'),(542,1603102841227,'1'),(543,1603102841229,'1'),(544,1603102841230,'1'),(545,1603102841232,'1'),(546,1603102841235,'1'),(547,1603102841237,'1'),(548,1603102841242,'1'),(549,1603102841247,'1'),(550,1603102841251,'1'),(551,1603102841252,'1'),(552,1603102841253,'1'),(553,1603102841254,'1'),(554,1603102841255,'1'),(555,1603102841255,'1'),(556,1603102841256,'1'),(557,1603102841257,'1'),(558,1603102841258,'1'),(559,1603102841259,'1'),(560,1603102841260,'1'),(561,1603102841261,'1'),(562,1603102841262,'1'),(563,1603102841263,'1'),(564,1603102841263,'1'),(565,1603102841264,'1'),(566,1603102841265,'1'),(567,1603102841266,'1'),(568,1603102841267,'1'),(569,1603102841267,'1'),(570,1603102841268,'1'),(571,1603102841269,'1'),(572,1603102841270,'1'),(573,1603102841271,'1'),(574,1603102841272,'1'),(575,1603102841273,'1'),(576,1603102841273,'1'),(577,1603102841274,'1'),(578,1603102841275,'1'),(579,1603102841276,'1'),(580,1603102841277,'1'),(581,1603102841278,'1'),(582,1603102841279,'1'),(583,1603102841280,'1'),(584,1603102841280,'1'),(585,1603102841282,'1'),(586,1603102841283,'1'),(587,1603102841284,'1'),(588,1603102841285,'1'),(589,1603102841286,'1'),(590,1603102841288,'1'),(591,1603102841289,'1'),(592,1603102841290,'1'),(593,1603102841291,'1'),(594,1603102841292,'1'),(595,1603102841294,'1'),(596,1603102841295,'1'),(597,1603102841296,'1'),(598,1603102841296,'1'),(599,1603102841297,'1'),(600,1603102841298,'1'),(601,1603102841299,'1'),(602,1603102841300,'1'),(603,1603102841301,'1'),(604,1603102841302,'1'),(605,1603102841303,'1'),(606,1603102841304,'1'),(607,1603102841304,'1'),(608,1603102841305,'1'),(609,1603102841305,'1'),(610,1603102841306,'1'),(611,1603102841307,'1'),(612,1603102841308,'1'),(613,1603102841309,'1'),(614,1603102841309,'1'),(615,1603102841310,'1'),(616,1603102841311,'1'),(617,1603102841312,'1'),(618,1603102841313,'1'),(619,1603102841314,'1'),(620,1603102841315,'1'),(621,1603102841316,'1'),(622,1603102841317,'1'),(623,1603102841318,'1'),(624,1603102841319,'1'),(625,1603102841320,'1'),(626,1603102841321,'1'),(627,1603102841322,'1'),(628,1603102841324,'1'),(629,1603102841325,'1'),(630,1603102841326,'1'),(631,1603102841327,'1'),(632,1603102841328,'1'),(633,1603102841329,'1'),(634,1603102841330,'1'),(635,1603102841331,'1'),(636,1603102841332,'1'),(637,1603102841333,'1'),(638,1603102841335,'1'),(639,1603102841336,'1'),(640,1603102841337,'1'),(641,1603102841341,'1'),(642,1603102841344,'1'),(643,1603102841349,'1'),(644,1603102841351,'1'),(645,1603102841352,'1'),(646,1603102841353,'1'),(647,1603102841354,'1'),(648,1603102841355,'1'),(649,1603102841356,'1'),(650,1603102841357,'1'),(651,1603102841358,'1'),(652,1603102841359,'1'),(653,1603102841360,'1'),(654,1603102841361,'1'),(655,1603102841362,'1'),(656,1603102841363,'1'),(657,1603102841363,'1'),(658,1603102841364,'1'),(659,1603102841365,'1'),(660,1603102841366,'1'),(661,1603102841368,'1'),(662,1603102841369,'1'),(663,1603102841370,'1'),(664,1603102841371,'1'),(665,1603102841372,'1'),(666,1603102841373,'1'),(667,1603102841374,'1'),(668,1603102841375,'1'),(669,1603102841376,'1'),(670,1603102841377,'1'),(671,1603102841378,'1'),(672,1603102841379,'1'),(673,1603102841381,'1'),(674,1603102841382,'1'),(675,1603102841383,'1'),(676,1603102841385,'1'),(677,1603102841385,'1'),(678,1603102841388,'1'),(679,1603102841393,'1'),(680,1603102841398,'1'),(681,1603102841401,'1'),(682,1603102841402,'1'),(683,1603102841403,'1'),(684,1603102841404,'1'),(685,1603102841405,'1'),(686,1603102841406,'1'),(687,1603102841407,'1'),(688,1603102841408,'1'),(689,1603102841409,'1'),(690,1603102841410,'1'),(691,1603102841411,'1'),(692,1603102841412,'1'),(693,1603102841413,'1'),(694,1603102841414,'1'),(695,1603102841415,'1'),(696,1603102841416,'1'),(697,1603102841417,'1'),(698,1603102841418,'1'),(699,1603102841419,'1'),(700,1603102841420,'1'),(701,1603102841420,'1'),(702,1603102841421,'1'),(703,1603102841422,'1'),(704,1603102841423,'1'),(705,1603102841424,'1'),(706,1603102841425,'1'),(707,1603102841426,'1'),(708,1603102841427,'1'),(709,1603102841428,'1'),(710,1603102841428,'1'),(711,1603102841429,'1'),(712,1603102841430,'1'),(713,1603102841432,'1'),(714,1603102841437,'1'),(715,1603102841441,'1'),(716,1603102841445,'1'),(717,1603102841448,'1'),(718,1603102841449,'1'),(719,1603102841450,'1'),(720,1603102841452,'1'),(721,1603102841453,'1'),(722,1603102841454,'1'),(723,1603102841455,'1'),(724,1603102841456,'1'),(725,1603102841457,'1'),(726,1603102841458,'1'),(727,1603102841458,'1'),(728,1603102841459,'1'),(729,1603102841460,'1'),(730,1603102841461,'1'),(731,1603102841462,'1'),(732,1603102841463,'1'),(733,1603102841463,'1'),(734,1603102841464,'1'),(735,1603102841465,'1'),(736,1603102841466,'1'),(737,1603102841466,'1'),(738,1603102841467,'1'),(739,1603102841468,'1'),(740,1603102841469,'1'),(741,1603102841469,'1'),(742,1603102841470,'1'),(743,1603102841471,'1'),(744,1603102841472,'1'),(745,1603102841473,'1'),(746,1603102841474,'1'),(747,1603102841475,'1'),(748,1603102841475,'1'),(749,1603102841476,'1'),(750,1603102841477,'1'),(751,1603102841478,'1'),(752,1603102841479,'1'),(753,1603102841480,'1'),(754,1603102841481,'1'),(755,1603102841482,'1'),(756,1603102841483,'1'),(757,1603102841484,'1'),(758,1603102841485,'1'),(759,1603102841486,'1'),(760,1603102841487,'1'),(761,1603102841488,'1'),(762,1603102841488,'1'),(763,1603102841489,'1'),(764,1603102841491,'1'),(765,1603102841492,'1'),(766,1603102841492,'1'),(767,1603102841493,'1'),(768,1603102841494,'1'),(769,1603102841495,'1'),(770,1603102841497,'1'),(771,1603102841498,'1'),(772,1603102841500,'1'),(773,1603102841501,'1'),(774,1603102841502,'1'),(775,1603102841504,'1'),(776,1603102841505,'1'),(777,1603102841506,'1'),(778,1603102841507,'1'),(779,1603102841509,'1'),(780,1603102841512,'1'),(781,1603102841516,'1'),(782,1603102841521,'1'),(783,1603102841523,'1'),(784,1603102841524,'1'),(785,1603102841526,'1'),(786,1603102841527,'1'),(787,1603102841529,'1'),(788,1603102841531,'1'),(789,1603102841535,'1'),(790,1603102841540,'1'),(791,1603102841543,'1'),(792,1603102841545,'1'),(793,1603102841546,'1'),(794,1603102841547,'1'),(795,1603102841548,'1'),(796,1603102841548,'1'),(797,1603102841549,'1'),(798,1603102841550,'1'),(799,1603102841551,'1'),(800,1603102841552,'1'),(801,1603102841553,'1'),(802,1603102841554,'1'),(803,1603102841555,'1'),(804,1603102841556,'1'),(805,1603102841556,'1'),(806,1603102841557,'1'),(807,1603102841558,'1'),(808,1603102841559,'1'),(809,1603102841560,'1'),(810,1603102841561,'1'),(811,1603102841562,'1'),(812,1603102841563,'1'),(813,1603102841563,'1'),(814,1603102841564,'1'),(815,1603102841565,'1'),(816,1603102841566,'1'),(817,1603102841567,'1'),(818,1603102841568,'1'),(819,1603102841569,'1'),(820,1603102841570,'1'),(821,1603102841570,'1'),(822,1603102841571,'1'),(823,1603102841572,'1'),(824,1603102841573,'1'),(825,1603102841574,'1'),(826,1603102841575,'1'),(827,1603102841576,'1'),(828,1603102841577,'1'),(829,1603102841578,'1'),(830,1603102841579,'1'),(831,1603102841580,'1'),(832,1603102841581,'1'),(833,1603102841582,'1'),(834,1603102841583,'1'),(835,1603102841584,'1'),(836,1603102841584,'1'),(837,1603102841585,'1'),(838,1603102841586,'1'),(839,1603102841587,'1'),(840,1603102841588,'1'),(841,1603102841588,'1'),(842,1603102841589,'1'),(843,1603102841589,'1'),(844,1603102841590,'1'),(845,1603102841591,'1'),(846,1603102841591,'1'),(847,1603102841592,'1'),(848,1603102841593,'1'),(849,1603102841594,'1'),(850,1603102841594,'1'),(851,1603102841595,'1'),(852,1603102841596,'1'),(853,1603102841597,'1'),(854,1603102841598,'1'),(855,1603102841599,'1'),(856,1603102841601,'1'),(857,1603102841602,'1'),(858,1603102841603,'1'),(859,1603102841604,'1'),(860,1603102841604,'1'),(861,1603102841605,'1'),(862,1603102841606,'1'),(863,1603102841607,'1'),(864,1603102841607,'1'),(865,1603102841608,'1'),(866,1603102841609,'1'),(867,1603102841609,'1'),(868,1603102841610,'1'),(869,1603102841611,'1'),(870,1603102841612,'1'),(871,1603102841613,'1'),(872,1603102841613,'1'),(873,1603102841614,'1'),(874,1603102841615,'1'),(875,1603102841616,'1'),(876,1603102841616,'1'),(877,1603102841617,'1'),(878,1603102841618,'1'),(879,1603102841619,'1'),(880,1603102841619,'1'),(881,1603102841620,'1'),(882,1603102841621,'1'),(883,1603102841622,'1'),(884,1603102841622,'1'),(885,1603102841623,'1'),(886,1603102841624,'1'),(887,1603102841625,'1'),(888,1603102841625,'1'),(889,1603102841626,'1'),(890,1603102841627,'1'),(891,1603102841628,'1'),(892,1603102841628,'1'),(893,1603102841629,'1'),(894,1603102841629,'1'),(895,1603102841630,'1'),(896,1603102841630,'1'),(897,1603102841631,'1'),(898,1603102841632,'1'),(899,1603102841632,'1'),(900,1603102841633,'1'),(901,1603102841634,'1'),(902,1603102841635,'1'),(903,1603102841635,'1'),(904,1603102841636,'1'),(905,1603102841637,'1'),(906,1603102841638,'1'),(907,1603102841638,'1'),(908,1603102841639,'1'),(909,1603102841640,'1'),(910,1603102841641,'1'),(911,1603102841641,'1'),(912,1603102841642,'1'),(913,1603102841643,'1'),(914,1603102841644,'1'),(915,1603102841645,'1'),(916,1603102841645,'1'),(917,1603102841646,'1'),(918,1603102841647,'1'),(919,1603102841647,'1'),(920,1603102841648,'1'),(921,1603102841649,'1'),(922,1603102841650,'1'),(923,1603102841650,'1'),(924,1603102841651,'1'),(925,1603102841652,'1'),(926,1603102841653,'1'),(927,1603102841654,'1'),(928,1603102841654,'1'),(929,1603102841655,'1'),(930,1603102841656,'1'),(931,1603102841657,'1'),(932,1603102841658,'1'),(933,1603102841659,'1'),(934,1603102841659,'1'),(935,1603102841660,'1'),(936,1603102841661,'1'),(937,1603102841662,'1'),(938,1603102841663,'1'),(939,1603102841664,'1'),(940,1603102841665,'1'),(941,1603102841666,'1'),(942,1603102841667,'1'),(943,1603102841668,'1'),(944,1603102841669,'1'),(945,1603102841669,'1'),(946,1603102841670,'1'),(947,1603102841671,'1'),(948,1603102841671,'1'),(949,1603102841672,'1'),(950,1603102841673,'1'),(951,1603102841674,'1'),(952,1603102841674,'1'),(953,1603102841675,'1'),(954,1603102841676,'1'),(955,1603102841677,'1'),(956,1603102841677,'1'),(957,1603102841678,'1'),(958,1603102841679,'1'),(959,1603102841680,'1'),(960,1603102841681,'1'),(961,1603102841682,'1'),(962,1603102841682,'1'),(963,1603102841683,'1'),(964,1603102841684,'1'),(965,1603102841685,'1'),(966,1603102841686,'1'),(967,1603102841687,'1'),(968,1603102841688,'1'),(969,1603102841688,'1'),(970,1603102841689,'1'),(971,1603102841690,'1'),(972,1603102841691,'1'),(973,1603102841692,'1'),(974,1603102841693,'1'),(975,1603102841694,'1'),(976,1603102841695,'1'),(977,1603102841695,'1'),(978,1603102841696,'1'),(979,1603102841697,'1'),(980,1603102841697,'1'),(981,1603102841698,'1'),(982,1603102841699,'1'),(983,1603102841700,'1'),(984,1603102841700,'1'),(985,1603102841701,'1'),(986,1603102841702,'1'),(987,1603102841703,'1'),(988,1603102841703,'1'),(989,1603102841704,'1'),(990,1603102841705,'1'),(991,1603102841706,'1'),(992,1603102841706,'1'),(993,1603102841707,'1'),(994,1603102841708,'1'),(995,1603102841709,'1'),(996,1603102841709,'1'),(997,1603102841710,'1'),(998,1603102841711,'1'),(999,1603102841711,'1'),(1000,1603102841711,'1'),(1001,1603102841712,'1'),(1002,1603102841713,'1'),(1003,1603102841714,'1'),(1004,1603102841715,'1'),(1005,1603102841715,'1'),(1006,1603102841716,'1'),(1007,1603102841717,'1'),(1008,1603102841718,'1'),(1009,1603102841718,'1'),(1010,1603102841719,'1'),(1011,1603102841720,'1'),(1012,1603102841721,'1'),(1013,1603102841722,'1'),(1014,1603102841722,'1'),(1015,1603102841723,'1'),(1016,1603102841724,'1'),(1017,1603102841725,'1'),(1018,1603102841726,'1'),(1019,1603102841726,'1'),(1020,1603102841727,'1'),(1021,1603102841728,'1'),(1022,1603102841729,'1'),(1023,1603102841730,'1'),(1024,1603102841730,'1'),(1025,1603102841731,'1'),(1026,1603102841732,'1'),(1027,1603102841733,'1'),(1028,1603102841734,'1'),(1029,1603102841735,'1'),(1030,1603102841736,'1'),(1031,1603102841737,'1'),(1032,1603102841738,'1'),(1033,1603102841739,'1'),(1034,1603102841740,'1'),(1035,1603102841741,'1'),(1036,1603102841742,'1'),(1037,1603102841742,'1'),(1038,1603102841743,'1'),(1039,1603102841744,'1'),(1040,1603102841745,'1'),(1041,1603102841746,'1'),(1042,1603102841747,'1'),(1043,1603102841747,'1'),(1044,1603102841748,'1'),(1045,1603102841749,'1'),(1046,1603102841750,'1'),(1047,1603102841750,'1'),(1048,1603102841751,'1'),(1049,1603102841752,'1'),(1050,1603102841752,'1'),(1051,1603102841753,'1'),(1052,1603102841754,'1'),(1053,1603102841770,'1'),(1054,1603102841771,'1'),(1055,1603102841772,'1'),(1056,1603102841773,'1'),(1057,1603102841774,'1'),(1058,1603102841775,'1'),(1059,1603102841776,'1'),(1060,1603102841776,'1'),(1061,1603102841777,'1'),(1062,1603102841778,'1'),(1063,1603102841779,'1'),(1064,1603102841779,'1'),(1065,1603102841780,'1'),(1066,1603102841781,'1'),(1067,1603102841782,'1'),(1068,1603102841782,'1'),(1069,1603102841783,'1'),(1070,1603102841784,'1'),(1071,1603102841785,'1'),(1072,1603102841786,'1'),(1073,1603102841787,'1'),(1074,1603102841787,'1'),(1075,1603102841788,'1'),(1076,1603102841789,'1'),(1077,1603102841790,'1'),(1078,1603102841791,'1'),(1079,1603102841791,'1'),(1080,1603102841792,'1'),(1081,1603102841792,'1'),(1082,1603102841793,'1'),(1083,1603102841794,'1'),(1084,1603102841795,'1'),(1085,1603102841796,'1'),(1086,1603102841797,'1'),(1087,1603102841797,'1'),(1088,1603102841799,'1'),(1089,1603102841799,'1'),(1090,1603102841800,'1'),(1091,1603102841801,'1'),(1092,1603102841802,'1'),(1093,1603102841803,'1'),(1094,1603102841804,'1'),(1095,1603102841804,'1'),(1096,1603102841805,'1'),(1097,1603102841806,'1'),(1098,1603102841807,'1'),(1099,1603102841807,'1'),(1100,1603102841808,'1'),(1101,1603102841809,'1'),(1102,1603102841810,'1'),(1103,1603102841811,'1'),(1104,1603102841812,'1'),(1105,1603102841813,'1'),(1106,1603102841813,'1'),(1107,1603102841814,'1'),(1108,1603102841815,'1'),(1109,1603102841816,'1'),(1110,1603102841817,'1'),(1111,1603102841817,'1'),(1112,1603102841818,'1'),(1113,1603102841819,'1'),(1114,1603102841820,'1'),(1115,1603102841821,'1'),(1116,1603102882386,'1'),(1117,1603102882395,'1'),(1118,1603102882403,'1'),(1119,1603102882410,'1'),(1120,1603102882417,'1'),(1121,1603102882423,'1'),(1122,1603102882429,'1'),(1123,1603102882434,'1'),(1124,1603102882441,'1'),(1125,1603102882448,'1'),(1126,1603102882454,'1'),(1127,1603102882460,'1'),(1128,1603102882465,'1'),(1129,1603102882470,'1'),(1130,1603102882477,'1'),(1131,1603102882482,'1'),(1132,1603102882489,'1');
/*!40000 ALTER TABLE `a_xx` ENABLE KEYS */;
UNLOCK TABLES;

--
-- Table structure for table `app_contact`
--

DROP TABLE IF EXISTS `app_contact`;
/*!40101 SET @saved_cs_client     = @@character_set_client */;
/*!50503 SET character_set_client = utf8mb4 */;
CREATE TABLE `app_contact` (
  `id` int(11) unsigned NOT NULL AUTO_INCREMENT,
  `xa` char(44) COLLATE utf8mb4_unicode_ci NOT NULL,
  `xb` char(44) COLLATE utf8mb4_unicode_ci DEFAULT NULL,
  `bsnr` varchar(255) COLLATE utf8mb4_unicode_ci DEFAULT NULL,
  `category` varchar(255) COLLATE utf8mb4_unicode_ci DEFAULT NULL,
  `city` varchar(255) COLLATE utf8mb4_unicode_ci DEFAULT NULL,
  `company` varchar(255) COLLATE utf8mb4_unicode_ci DEFAULT NULL,
  `country` varchar(255) COLLATE utf8mb4_unicode_ci DEFAULT NULL,
  `deprecated` bit(1) DEFAULT NULL,
  `email` varchar(255) COLLATE utf8mb4_unicode_ci DEFAULT NULL,
  `fax` varchar(255) COLLATE utf8mb4_unicode_ci DEFAULT NULL,
  `firstName` varchar(255) COLLATE utf8mb4_unicode_ci DEFAULT NULL,
  `lanr` varchar(255) COLLATE utf8mb4_unicode_ci DEFAULT NULL,
  `lastName` varchar(255) COLLATE utf8mb4_unicode_ci DEFAULT NULL,
  `phone` varchar(255) COLLATE utf8mb4_unicode_ci DEFAULT NULL,
  `postCode` varchar(255) COLLATE utf8mb4_unicode_ci DEFAULT NULL,
  `salutation` varchar(255) COLLATE utf8mb4_unicode_ci DEFAULT NULL,
  `street` varchar(255) COLLATE utf8mb4_unicode_ci DEFAULT NULL,
  `title` varchar(255) COLLATE utf8mb4_unicode_ci DEFAULT NULL,
  PRIMARY KEY (`id`)
) ENGINE=InnoDB AUTO_INCREMENT=1001 DEFAULT CHARSET=utf8mb4 COLLATE=utf8mb4_unicode_ci;
/*!40101 SET character_set_client = @saved_cs_client */;

--
-- Dumping data for table `app_contact`
--

LOCK TABLES `app_contact` WRITE;
/*!40000 ALTER TABLE `app_contact` DISABLE KEYS */;
INSERT INTO `app_contact` VALUES (1,'uiyYr/5sbjNs6eTYVw9YjHU/b2DEPN2gHUGkJ1Jm2go=','G9QOLaCKkq7RzBw1Eeuiw4QrBpKOw3xM4prvPs6cwzA=','B-2004877146',NULL,'Kraków',NULL,'PL',NULL,'152@test.de',NULL,'Mandy','A-1312991219','Kuster_test','88 610 52 30','30-898','Sehr geehrte Frau','ul. Hoyera Henryka 76','Dr. hc mult'),(2,'sK63cNcqo85vKnbzbgTXYPJDpJmR4JRSSdj/+XMuEMM=','tRGvqbjup+tre/RjvJU6dChYw2IyjPqh6H/WMf19cxA=','B1065119826',NULL,'Furth',NULL,'DE',NULL,'145@test.de',NULL,'Marie','A1173460710','Doleželová_test','08704 26 19 64','93429','Sehr geehrte Frau','Langenhorner Chaussee 35','Dr. hc mult'),(3,'zaliE00A/jemURh0ftn3IyFnpwt2uN4bhp2W/78/Da4=','ZT3uVf8RahPEZoxH2uHFFPjvvsw3yjt9+O0ftZCnPic=','B777575072',NULL,'Montbovon',NULL,'CH',NULL,'170@test.de',NULL,'Vladimír','A-1249528156','Táborský_test','026 701 67 53','1669','Sehr geehrter Herr','Hauptstrasse 42','Dr. hc mult'),(4,'0QT4kd1Uc25y2SIAZMEEW27I5pUDhX8coqfzPdEqF30=','FIZmUoKqffhnxRnDTXTTu9+xbfh351EjujnQaqrTnPA=','B1861242609',NULL,'Łódź',NULL,'PL',NULL,'155@test.de',NULL,'Karel','A958501636','Pavlásek_test','67 608 52 72','90-248','Sehr geehrter Herr','ul. Polskiej Organizacji Wojskowej 6','Dr. hc mult'),(5,'7N4SPKwP/6dGeEZJdK+/SNZrSLZ1KCygnbzuFhrHYCE=','//adLB6UEWuX4Wr7VxKQaLxG0JtK99Vg7nDd4/Rat+I=','B118226264',NULL,'TARBES',NULL,'FR',NULL,'165@test.de',NULL,'Raaida','A-3886716','Safar_test','05.95.23.17.15','65000','Sehr geehrte Frau','56 rue du Faubourg National','Dr. hc mult'),(6,'yEyzTMy2xgyggLraVKkKHRAo8SRdB/0tBnKEgGK/kCk=','zspTII9iop0AGy8aFhH9WMOACrNf6vrYWrYdpJOCCV4=','B-280289619',NULL,'Kielce',NULL,'PL',NULL,'145@test.de',NULL,'Florian','A-884594706','Kirsch_test','72 498 51 07','25-729','Sehr geehrter Herr','ul. Urzędnicza 12','Dr. hc mult'),(7,'nyAXkMdCrWB1igvbyWtJnWt0SuCLEK6nmXc4XWqCPpk=','8exAoVk8aPA5v1AUtecTzr6ri1mrb6Ma0JmJS4UoIdo=','B918398255',NULL,'Berlin Neukölln',NULL,'DE',NULL,'149@test.de',NULL,'Joasia','A694662319','Król_test','030 07 98 74','12049','Sehr geehrte Frau','Brandenburgische Straße 46','Dr. hc mult'),(8,'6IOlwA9N0MxvvuPAMqyYmD0aDR72fU8CJCrBWFttPCY=','rE4OoVbe/G1p281hJaqM2qTJfCpyXBf4i+QsVxX5OWw=','B-477559745',NULL,'Pampigny',NULL,'CH',NULL,'163@test.de',NULL,'Miluše','A-1533404005','Vojkůvková_test','021 815 22 29','1142','Sehr geehrte Frau','Valéestrasse 72','Dr. hc mult'),(9,'2l5N8ZZaPMxmsUtNVs+0Mw4ee/tTfnMSYi8tdNe15Ew=','1CBeczpJkQKlQrzoWlDVXkRM8OgCnd7JS7seXJXmvts=','B-797469431',NULL,'BORDEAUX',NULL,'FR',NULL,'138@test.de',NULL,'Grzegorz','A-141726186','Chmielewski_test','05.37.15.18.82','33200','Sehr geehrter Herr','50 cours Jean Jaures','Dr. hc mult'),(10,'fqox5laq/KKgvIW+oKaaPBbhUYcj2aOYAT09BCVw/dU=','Iz1NVYMFxlnAnAngTeaE2XIT3p+x5YQTjPor/98r/gY=','B1254311697',NULL,'Chatzenrüti',NULL,'CH',NULL,'152@test.de',NULL,'Virgil','A-222834770','Burkett_test','044 537 83 58','8153','Sehr geehrter Herr','Bergrain 43','Dr. hc mult'),(11,'/SbIEKZagL195cMeLOc087TNJ36n2sIFVceigF8p0eo=','KCZ6cNAq6cvTE25t9ZVuWrh5eL5gj4ZokKBU63Vnz+Q=','B-167135492',NULL,'Gdańsk',NULL,'PL',NULL,'153@test.de',NULL,'Ladislav','A97423528','Malý_test','88 546 49 66','80-272','Sehr geehrter Herr','ul. Księdza Sychty Bernarda 80','Dr. hc mult'),(12,'tunV0Qha5qrK6C8X+18tz6570m7ery1QGSfX7e6fR5Y=','1xzGhBE+ViIWGo5SzK+ctZ6hp1d8tnjefLGvQDAKBpA=','B-1390853359',NULL,'VILLENEUVE-D\'ASCQ',NULL,'FR',NULL,'158@test.de',NULL,'Walentyna','A160390172','Grabowska_test','03.27.74.57.82','59650','Sehr geehrte Frau','18 Place Charles de Gaulle','Dr. hc mult'),(13,'21djTs6gkFJYkB3ZfgDDAhs864GdOcK4OgsmVT2VRvk=','5/6te9XJaoRwrgZ5s4yHWx8kFVDFhg/B6PyCmE5xsb0=','B-1668836284',NULL,'Chełm',NULL,'PL',NULL,'147@test.de',NULL,'Manuela','A1981891467','Faerber_test','72 995 61 92','22-103','Sehr geehrte Frau','Pl. Niepodległości 143','Dr. hc mult'),(14,'HPKKYeUm68onsv50yTjH0bp7utTWrvGQfQ77iZoJde8=','LhJielTEf8/YN+oV/dQWD4q4lV9YCDRAdu6a+6SyT3o=','B626402248',NULL,'Warszawa',NULL,'PL',NULL,'132@test.de',NULL,'Audric','A-209198063','Chauvet_test','72 865 31 26','00-871','Sehr geehrter Herr','ul. Żelazna 133','Dr. hc mult'),(15,'bQUIY2kegWDJLBQEkRqZxcTiY0wn52wFwtFnrqWbl+A=','6si/D1CixwJKpj/oAL1ZB2EHP+LyTs2mjV+SGBDg6Zo=','B839964794',NULL,'Scheßlitz',NULL,'DE',NULL,'177@test.de',NULL,'Zdzisława','A-1058160216','Wieczorek_test','09542 04 65 42','96108','Sehr geehrte Frau','Luebecker Strasse 10','Dr. hc mult'),(16,'vlG9Fj8pKNkeqKjmTo6Gzoea6spEfLtltg6miDtqvUg=','jczCdSpnOqtShqi0HsqJ30cQKBvJtDP2bS6RY0QZnU8=','B-120669014',NULL,'LA SEYNE-SUR-MER',NULL,'FR',NULL,'131@test.de',NULL,'Antje','A967845396','Bayer_test','04.30.00.35.71','83500','Sehr geehrte Frau','7 rue du Clair Bocage','Dr. hc mult'),(17,'LyTFZHYXWkJs6wcJbJ8aJjSpOu7d9M57OGIsWcILxBs=','+h8eSQy/FLD17WTG/jWXeiC/1vABU7CZ3OCYw7K+ZGI=','B-1044229115',NULL,'Luzern',NULL,'CH',NULL,'465@test.de',NULL,'Tomáš','A-196154003','Žilka_test','041 511 57 33','6006','Sehr geehrter Herr','Auerstrasse 79','Dr. hc mult'),(18,'bRwOJLYntzRdF5gRsN1y94WuRVBs0iLA3H355D1gaVs=','F0beN/tXofbbnoLgwEKqX0GK02DBEMCxksOJHD+r3GA=','B986976943',NULL,'TOURNEFEUILLE',NULL,'FR',NULL,'152@test.de',NULL,'Hamilton','A-1803501464','Pomerleau_test','05.16.25.92.56','31170','Sehr geehrter Herr','39 quai Saint-Nicolas','Dr. hc mult'),(19,'frqE0nJCbsZ92sbVcomb+FY/gdBC8mBUYDcb4cseYoc=','Q6qeR5yJntTfrAMAKsF6XU7+cELHVRxtlAhXOuWTGOw=','B512766416',NULL,'Privilasco',NULL,'CH',NULL,'153@test.de',NULL,'Christine','A1608637645','Vogler_test','081 898 37 14','7741','Sehr geehrte Frau','Herrenberg 42','Dr. hc mult'),(20,'vWoeLjJ4hmM2dgSf3eExlCH6bBD01I5QQjZMyESIZsE=','iVHpExcVnTbm+oqZ5FzSU2O8C4SqXWZdLPRNVISQSkQ=','B-1714656478',NULL,'Arosa',NULL,'CH',NULL,'139@test.de',NULL,'Cindy','A-789264715','Hynes_test','081 307 69 54','7050','Sehr geehrte Frau','Gartenhof 31','Dr. hc mult'),(21,'FQiBxdt7cErZXl70cNaTlEWGFjTGAypRDfVa80egb2I=','ZB5qFVipOyNv2wWHfkruJmXZglbQBR1GXPlbs0e0GaA=','B-1667148739',NULL,'Kraków',NULL,'PL',NULL,'150@test.de',NULL,'Nadidah','A-281828981','Hanania_test','66 739 71 19','31-348','Sehr geehrte Frau','ul. Słotna 55','Dr. hc mult'),(22,'svuGxZmAnV1GFjzM+jP+1wTWxndLE5x4KjCXx6MDi1M=','9G/KIx92xDXqHAyVwZVlAAnwthnQ9PgJ3tluXtLKOPg=','B1657664440',NULL,'Warszawa',NULL,'PL',NULL,'149@test.de',NULL,'Scoville','A451120616','Bazinet_test','60 511 99 70','02-595','Sehr geehrter Herr','ul. Puławska 119','Dr. hc mult'),(23,'GUQ9k/MUIzk8ove+1tIxDO85Fok7wygpcsjlfaDUaak=','zk0qTpDxXQ4EiF0boy4xLc56XEAt8YRMCp0iZoCC61I=','B-1378939560',NULL,'Wrocław',NULL,'PL',NULL,'152@test.de',NULL,'Jaroslav','A-267595336','Novák_test','79 960 92 20','54-132','Sehr geehrter Herr','ul. Lotnicza 77','Dr. hc mult'),(24,'uCst0/HZvWOpaxUXbKChksvcg/Oh18wqw1fDgFySLS4=','zr+vgZzw7bLz5oMg5izsVmh6KQap35WQwcYEp5GgF6Q=','B1387485155',NULL,'LYON',NULL,'FR',NULL,'137@test.de',NULL,'Ayyad','A1188090455','Handal_test','04.86.51.63.62','69008','Sehr geehrter Herr','7 rue Banaudon','Dr. hc mult'),(25,'FvE7rpo4N5Ge/gMNDh+M0ARbHM/kC94ZN4YsYaxhFbg=','nU9I7VMlZaQRAuBzqS34iEXb9a/0wlp1sJROWXgGiZQ=','B-2140428720',NULL,'Châtillon',NULL,'CH',NULL,'158@test.de',NULL,'Krysia','A399414394','Sobczak_test','024 974 83 77','1473','Sehr geehrte Frau','Bergrain 106','Dr. hc mult'),(26,'OS9trUNyuYlz2iVgRN0ZRjywXlvbtfDxkgMSCrxVFfc=','l/vT3I085Nrfx8Lgl/f/0oPXoYB8nVxlhi73pBIoygQ=','B-766257304',NULL,'Warszawa',NULL,'PL',NULL,'154@test.de',NULL,'Joséphine','A1092000807','Plourde_test','51 633 76 75','04-310','Sehr geehrte Frau','ul. Byczyńska 30','Dr. hc mult'),(27,'VAvMGuY2AoWGPCWaYPzA4LEpuvKWo9BEe+nhJOl/CH4=','M8edN+AHmabYvzpyqlW1NJu6i9DZCIfYmYy0f+9cXpM=','B1789225506',NULL,'ÉPINAL',NULL,'FR',NULL,'153@test.de',NULL,'Bonifacy','A-1274202354','Wojciechowski_test','03.14.40.75.47','88000','Sehr geehrter Herr','99 Rue du Palais','Dr. hc mult'),(28,'tjmbzZvMdsq2HCeLqNjflqzoZDdTQSavyHW1jOp+w0Q=','uFg9rqCcO3bar5HI+4Kq6ifIWbdv3smtnpHv4E5q8Uk=','B1947054639',NULL,'Mysłowice',NULL,'PL',NULL,'149@test.de',NULL,'Manuela','A-1197570575','Hoch_test','51 942 79 34','41-412','Sehr geehrte Frau','ul. Stoińskiego Stefana 67','Dr. hc mult'),(29,'v2SCaND5nzxjsFjI/Umu0s/C9frARVI5VVJcyWzbdsk=','Gbrd0D7OZtpuPImA/suf0s957R1xGqec35dKDHn6s2g=','B1342384022',NULL,'Montborget',NULL,'CH',NULL,'143@test.de',NULL,'Hashim','A-1160737265','Ganem_test','024 745 35 97','1489','Sehr geehrter Herr','Hauptstrasse 102','Dr. hc mult'),(30,'jRdVrtyT70Gw7suJtysMtc3kYlGuhE4MYWnOlro0P5Q=','3dyqMa/KAqDyjnUp53YH7OKPXS8NOubxdYOaaIWFvd8=','B-1133839015',NULL,'Halle',NULL,'DE',NULL,'169@test.de',NULL,'Viktorie','A-1768535645','Sládková_test','0345 76 31 89','6016','Sehr geehrte Frau','Messedamm 1','Dr. hc mult'),(31,'RVUmrfB3sGTlmHzOC9S9gCYqVIxWon138Or3cOekHYM=','RdHPUkFl5ixAgwt6lrL4s43/gU5/2XhE2vu21JKXKXs=','B1423072879',NULL,'Tarnowskie Góry',NULL,'PL',NULL,'152@test.de',NULL,'Herta','A379758327','Petruželová_test','66 251 54 29','42-612','Sehr geehrte Frau','ul. Janasa Wincentego 93','Dr. hc mult'),(32,'060/SfTbcmkJJESR/+qCTXETXbR9nCuen9Q7kGTiI6A=','jfsWHtNOKO0Jx1LId9oYHWUvkuXG2t9jwmVh+M9AA/0=','B-1953090153',NULL,'PARIS',NULL,'FR',NULL,'153@test.de',NULL,'Russell','A619034532','Guertin_test','01.93.06.88.99','75012','Sehr geehrter Herr','34 Place de la Madeleine','Dr. hc mult'),(33,'8eT+jqfc8/1h3ZfGoBKyMx7bH2FqG20ye4d0RBRSGa0=','a0mn6DZJQ2TYteL7bVpO2+I7f4JNKXlzmwzMMBfi+4Q=','B-1674671139',NULL,'Hammersbach',NULL,'DE',NULL,'145@test.de',NULL,'Marion','A102338022','Dussault_test','06185 40 97 04','63546','Sehr geehrte Frau','Scharnweberstrasse 93','Dr. hc mult'),(34,'D5hcFFQuuV08l/30D80GhbMjMy0xP1X1tPHzbUs/pwg=','QvmeGBpS00wXyIRVahbKlpIYMjwvKTvjToLIfczRznk=','B-1831525703',NULL,'Arnsgereuth',NULL,'DE',NULL,'151@test.de',NULL,'Karel','A-1729463237','Longpré_test','036736 28 76','7318','Sehr geehrter Herr','Oldesloer Strasse 62','Dr. hc mult'),(35,'vXbqLVQHgdstF9snhyf1Rg9DEX9f6X4ZOlc8PQ1xbzc=','gftKvpZOaqE5Q3qwlh3nm4iE9lVzcojbl5amWX3cHGk=','B-1412675018',NULL,'NANTES',NULL,'FR',NULL,'148@test.de',NULL,'Aqilah','A-1374606430','Shamon_test','02.84.23.85.49','44300','Sehr geehrte Frau','90 rue de Raymond Poincaré','Dr. hc mult'),(36,'ZxjvP8UTa3oMxcbSWeSS39GPPldap2OyVsgtf/n07sk=','v1QJUnwDgQ6i78SlnrdORDj/JyQnV2uxWeQ8X4eWMpw=','B-1516904315',NULL,'Wrocław',NULL,'PL',NULL,'161@test.de',NULL,'Matthew','A1633703729','Tichenor_test','67 763 32 57','51-180','Sehr geehrter Herr','ul. Grawerska 43','Dr. hc mult'),(37,'osIncQP+Zj/swTBN/fUS2E1D28/+kVdffqUcJ3Ll6SQ=','7WvhApIhwaqxXBIpLaSp3Mz3wqC43PHL+5gSieU8eP0=','B-1943390235',NULL,'VIRY-CHÂTILLON',NULL,'FR',NULL,'160@test.de',NULL,'Sławomir','A1301708767','Michalski_test','01.20.44.68.28','91170','Sehr geehrter Herr','68 rue Marguerite','Dr. hc mult'),(38,'bV2cVQhkqZt567ixbC+l0WmHWf49gpl9DOOscJIJvJA=','rwhFgl+agul7EA9xJh8SmJnOirJbTur4qvnpCCAREcE=','B33759434',NULL,'LILLE',NULL,'FR',NULL,'164@test.de',NULL,'Youssef','A1268951476','Kouri_test','03.81.04.28.60','59800','Sehr geehrter Herr','28 Chemin Challet','Dr. hc mult'),(39,'ACO9/WHiqIiXyageCfGAvWP5lqd445EtrrBQtPmHuuM=','Qm7oUCPCcdP5XdBJ+dwcq4PQK+41GT1n2RpFBOJmGyU=','B796187042',NULL,'CHÂLONS-EN-CHAMPAGNE',NULL,'FR',NULL,'140@test.de',NULL,'Al \'Abbas','A-1697268801','Kalb_test','03.52.93.29.47','51000','Sehr geehrter Herr','41 boulevard Albin Durand','Dr. hc mult'),(40,'ghMYBM/ssWdWynXF7/fcLPNRpsefFqo2GaxCIWf9JUY=','mqOyH6OQWRjwfdn2zGKFrC83VP8t9TKHMK+Pf0vy4kw=','B-825099596',NULL,'Landecy',NULL,'CH',NULL,'145@test.de',NULL,'Naji','A-1344373123','Cham_test','022 462 53 91','1257','Sehr geehrter Herr','Rosenweg 69','Dr. hc mult'),(41,'qnYDnmlOCa9mQnUSSLHQmxnm7bH36tH0Hj4xQhCpYv8=','cOJqW/y/S0urNqViaVqOKH0Mwr6eYm65DPGTt19jgos=','B-460723229',NULL,'Zürich',NULL,'CH',NULL,'151@test.de',NULL,'Ute','A896598171','Bader_test','043 859 16 17','8024','Sehr geehrte Frau','Strickstrasse 138','Dr. hc mult'),(42,'ayrLAQw6UypGinqzlrHBu5798Isx/a2AiJv52fCsYNM=','LgV0DLF/ic6hyLQW4sFPiPdU4Ay9obX3Mkb1GedUdJw=','B-2075337888',NULL,'Nussbaumen',NULL,'CH',NULL,'161@test.de',NULL,'Jeronim','A328888373','Wiśniewski_test','044 707 81 74','8180','Sehr geehrter Herr','Caltgadira 55','Dr. hc mult'),(43,'2GjndrfhlZ6tyqHg0wZ819c2GJFSm5N9Hrz+imMrVDw=','Rp3lcsaRIz9aEyEIenw2JK83Ysm2lWNzH2VCCh3GWnU=','B559601553',NULL,'Dernbach',NULL,'DE',NULL,'159@test.de',NULL,'Luis','A1421723395','Simon_test','02689 42 73 49','56307','Sehr geehrter Herr','Knesebeckstrasse 71','Dr. hc mult'),(44,'1yTJ4BwW4Tk9ib/yQg0wDqgeJVusj2THhZiZKe740v4=','06QWrHyX5cyyq5R7gMLVHTGEhd0z13/9rg+ESJyMOkw=','B449080242',NULL,'Delémont',NULL,'CH',NULL,'161@test.de',NULL,'Nu\'aim','A2020348436','Shamoun_test','032 872 45 62','2800','Sehr geehrter Herr','Via Camischolas sura 127','Dr. hc mult'),(45,'7AACPYuqUiPzL6MVl6egPWRaeb6nG0q22vGLHzFfVKE=','8Emi31gZeIiuCoHP2gMMnAeB2pN89/rkDSXXmI+A5kw=','B934624767',NULL,'Ferpicloz',NULL,'CH',NULL,'154@test.de',NULL,'Marcel','A-1279053309','Maurer_test','026 872 17 33','1724','Sehr geehrter Herr','Via Luzzas 123','Dr. hc mult'),(46,'YSsXTc14rS+ROVmS3EUMxH4Rf+QBQ6mjdZyr6OvUcYA=','fXWS1CTUJOrY1yaxYXIdk8D9uraQlDva7u09T2MoIIs=','B298352486',NULL,'ÉCHIROLLES',NULL,'FR',NULL,'157@test.de',NULL,'Deborah','A537444043','Yarbrough_test','04.91.56.22.63','38130','Sehr geehrte Frau','42 Avenue Millies Lacroix','Dr. hc mult'),(47,'u8Ti/iJaJQlm/KUp0i+QlbQqyJOsyx6vNzSJ509iZ4U=','FfGH0g+CQmC0M6FOrsSTRp9OkJe6WGaW5wb8KsUSuL0=','B1014222871',NULL,'Kraków',NULL,'PL',NULL,'143@test.de',NULL,'Michelle','A-1984703832','Bar_test','60 455 60 40','30-611','Sehr geehrte Frau','ul. Bojki Jakuba 13','Dr. hc mult'),(48,'AgOaGeKHNLmeDyDPsIU9FqhP7aEeSIUn7CXDga7e9NA=','BtXWiFRPvJ2EDKyEdDt1rTzNyQoVpnD7R3gh3ize7p4=','B1863868773',NULL,'Mühlhausen',NULL,'DE',NULL,'152@test.de',NULL,'Elizabeth','A1499066788','Schwartz_test','07832 88 42 37','73347','Sehr geehrte Frau','Bleibtreustraße 76','Dr. hc mult'),(49,'yhALH8ROtkyARqX/bX35hNeI/WvFEfDYEIUg77ooJp8=','Q80+H5uOOAufu8CkuuWpzwDOEgVXsmDVVdg/UMdLAZI=','B-1433869099',NULL,'Rödental',NULL,'DE',NULL,'149@test.de',NULL,'Sha\'ban','A809607106','Baz_test','09563 25 28 48','96472','Sehr geehrter Herr','Borstelmannsweg 11','Dr. hc mult'),(50,'QIVsyjicB80fHYnWqkE/vyyU9NheQcaY0ijSRvcGmXM=','SBEwRlDHNKFfEjbwn4fZQL/+yjd4n0OUr8g666v4VC4=','B56299865',NULL,'Trier Filch',NULL,'DE',NULL,'140@test.de',NULL,'Albin','A-1172599322','Kwiatkowski_test','0651 95 10 38','54296','Sehr geehrter Herr','Leipziger Strasse 31','Dr. hc mult'),(51,'DBVL63FkryhkxjkzasAvht8PivvhTMrguYRISBeigfY=','cf4fkpQlWhmHvsmUi4xZyFfnC8bjSNodENGnyvGOSVg=','B-327712007',NULL,'Tecknau',NULL,'CH',NULL,'149@test.de',NULL,'Janek','A164832746','Kamiński_test','061 576 78 28','4492','Sehr geehrter Herr','Lungolago 149','Dr. hc mult'),(52,'F5f1iMPfRgqDebPP0VvZES2zCfsApsOegAWG+cT51+o=','O7cWHeY4PwKZfFBfRuV0N8+eoopUSG6z6HoaF6LATE4=','B-1163573629',NULL,'LUNÉVILLE',NULL,'FR',NULL,'153@test.de',NULL,'Malagigi','A1879881853','Lacombe_test','03.57.29.82.43','54300','Sehr geehrter Herr','77 rue de la République','Dr. hc mult'),(53,'bS8fi2LSwz7sK80dL5DO+R28vIiIygnJ/fBeB1hWo24=','5roE+8BTsdWZDusZzDweQ84swqI5BEQ4epwge6yxgX8=','B-1092169224',NULL,'VILLEFRANCHE-SUR-SAÔNE',NULL,'FR',NULL,'161@test.de',NULL,'Karolína','A-1534250042','Vaníčková_test','04.23.62.71.66','69400','Sehr geehrte Frau','50 Place du Jeu de Paume','Dr. hc mult'),(54,'tvf9RcL7mDai+WAcIYCaFvN/irJ4vD1t3bHgB15Ge7o=','D4HvJGRbwA6Tsm8BKjDCREATEdTyimjbniV69amKs+E=','B-1193522229',NULL,'Kraków',NULL,'PL',NULL,'138@test.de',NULL,'Fariq','A1780623322','Dagher_test','69 137 69 44','30-810','Sehr geehrter Herr','ul. Kłodzka 65','Dr. hc mult'),(55,'bfVNWh9HgkkDGyYzmNx9dVRX8A4xL4Nzy4IGYj3W6MI=','vuV6AEI/NrK931uVOIkjes9y34gX2ezxLqYLeocQigc=','B1229399603',NULL,'Bydgoszcz',NULL,'PL',NULL,'149@test.de',NULL,'Basia','A-594246005','Szczepańska_test','51 744 52 75','85-828','Sehr geehrte Frau','ul. Walecznych 131','Dr. hc mult'),(56,'TT1pm5uc5hBmqgk+UJYTpifToaz/Zu10QjfqYlOFGy8=','NvYa1IcozLlpxySZN3tOlepqN3HhFLyuiWDzS6jg/OM=','B190974232',NULL,'MASSY',NULL,'FR',NULL,'168@test.de',NULL,'Stefanie','A2008223256','Unger_test','01.21.76.65.61','91300','Sehr geehrte Frau','90 Quai des Belges','Dr. hc mult'),(57,'4/SSo9d5zXAIEOg2ppeVi2Kvebp/qm2XQSZA8bWaeuk=','u4/Qqm/fw5G8XGApR8sWBJqbYunnypVEMNoesti6WZk=','B1161763946',NULL,'Kammerstein',NULL,'DE',NULL,'149@test.de',NULL,'Kevin','A-2078328125','Jensen_test','09122 63 54 70','91126','Sehr geehrter Herr','Alsterkrugchaussee 92','Dr. hc mult'),(58,'tjBMb+1pLksP1cTphUYxtQXgHfjeQ9TU4he1Ziz3ymg=','7uOJI8J0Da7Uup08wEAfnxsmHjKUylqu+HXdDa2hihA=','B-211300895',NULL,'ORANGE',NULL,'FR',NULL,'65353@test.de',NULL,'Jan','A-7863969','﻿Dvořák_test','04.03.85.55.13','84100','Sehr geehrter Herr','52 Rue Roussy','Dr. hc mult'),(59,'H+f2dLkX1D6jaxdN+TxmF9SqNVMEJ1LsB1OkuE1KFJg=','md4lfYMY8H/1TmVhWlK5J6fUt51Od/F1lRV+tLc4GI8=','B-1106610061',NULL,'SALON-DE-PROVENCE',NULL,'FR',NULL,'144@test.de',NULL,'Friderich','A-2094660273','Jaworski_test','04.47.84.01.00','13300','Sehr geehrter Herr','15 rue des six frères Ruellan','Dr. hc mult'),(60,'YMCDkB4Ftk4EiIOR22pYKncUTzoY6afqwBTzrB+AlkE=','v2Odbr5StpiU/w+dJ1b+bhZLimgFVd+iCMBq9wt2HwI=','B738898180',NULL,'Kriegstetten',NULL,'CH',NULL,'161@test.de',NULL,'Jowita','A491095693','Woźniak_test','032 338 71 78','4566','Sehr geehrte Frau','Kronwiesenweg 129','Dr. hc mult'),(61,'RDtCxZ9JgF5uKciR8BHOmTFjrQGrvqUpu6jK7P05OMM=','vTmn6xPidpR1yr/wy7abr94RNmyjVF37zEaUHKvTx5c=','B-312755418',NULL,'Wrocław',NULL,'PL',NULL,'150@test.de',NULL,'Konstancja','A1593931951','Kowalczyk_test','72 696 25 21','54-031','Sehr geehrte Frau','ul. Żywiecka 69','Dr. hc mult'),(62,'AiDIjY1xZCCUCOpkM9MosuT5fY1mQTixUoc4tw9Lt4k=','6zO8RTrwgCZ2qQ2DW1dCWpcgL3Wer0abUBpMO8RQwlY=','B506829270',NULL,'COLMAR',NULL,'FR',NULL,'138@test.de',NULL,'Barbora','A790766098','Hubálková_test','03.71.62.83.40','68000','Sehr geehrte Frau','10 Place de la Gare','Dr. hc mult'),(63,'FzmDQz2KeD+MrKy7ZrHnSHWcNIGO9Dp1equLNDMciGU=','XjKnu9b9OcbwX3jXpCd1AIbENTtl51/l11oSadtlooo=','B-823352421',NULL,'Opole',NULL,'PL',NULL,'139@test.de',NULL,'Eric','A473946753','Frankfurter_test','88 345 71 45','45-222','Sehr geehrter Herr','ul. Oleska 44','Dr. hc mult'),(64,'9NA4bcultjStdOIZdI09JBw84YLy7j8C8Dt9BLOPQMQ=','y9yYr7bYiQtqSwWSMVn3UySiw0JUkBG6jjgXnIYvs+k=','B259147386',NULL,'Kraków',NULL,'PL',NULL,'150@test.de',NULL,'Senapus','A-1301146853','Chatigny_test','60 796 75 95','30-086','Sehr geehrter Herr','ul. Halczyna Wojciecha 125','Dr. hc mult'),(65,'7YHJg7bWQgpTuRY1lORcXc34DXJ9I6SiZ2otqfU0xAM=','VkC8WnwrbggrEr0FYbay5pv9gLEBX8IH4rZDdBlJ0x4=','B-302444649',NULL,'Schwellbrunn',NULL,'CH',NULL,'142@test.de',NULL,'Georgette','A-1497084601','Gingras_test','071 755 87 95','9103','Sehr geehrte Frau','Mühle 13','Dr. hc mult'),(66,'aXjhR1eQtJE7vYZAU9GRZ03Nxh1mGW4rNpShBKUh3YA=','m3813KDQBEVsMrgBmS0bxmQMpR4o07XPNH+Moe5Lk1Y=','B-241966218',NULL,'JUAN-LES-PINS',NULL,'FR',NULL,'144@test.de',NULL,'Lidia','A-1450107662','Duda_test','04.93.16.33.84','6160','Sehr geehrte Frau','65 rue des Soeurs','Dr. hc mult'),(67,'zjCOx75MfEMDj2+/MfGe0GGwhriZEB+umeeXJnzHBVM=','XaLXqc4nDSf2WV4HLjK4n5QMCueTTITqUAsVZmDzDlo=','B597880642',NULL,'LE PERREUX-SUR-MARNE',NULL,'FR',NULL,'155@test.de',NULL,'Zurie','A-1777839507','Arpin_test','01.82.34.36.64','94170','Sehr geehrte Frau','5 rue Goya','Dr. hc mult'),(68,'+nk8XVTwDgDECEfsRgL6J1ht8qyH8PUmmQCFZhNrH94=','haYPJhctjYigS7To+U+O9Sp9NbIKsw5YrNoNGEvtodA=','B1421543555',NULL,'Chandonne',NULL,'CH',NULL,'142@test.de',NULL,'Katarzyna','A995426980','Czerwinska_test','027 293 92 12','1945','Sehr geehrte Frau','Werkstrasse 27','Dr. hc mult'),(69,'DDOzUMFyfb7vyp3kn+3xRm7WSYwBRSMWJKkjRonjZhE=','GEGsPzD1HvV8KJLfRFT061I8qCgzg6egA3P+S047BBY=','B-504020962',NULL,'Szczecin',NULL,'PL',NULL,'157@test.de',NULL,'Cezar','A-1184569207','Zając_test','51 209 60 26','70-233','Sehr geehrter Herr','Pl. Zwycięstwa 1','Dr. hc mult'),(70,'vErcGhYcEdprpaLL8nsQY6zQcEx/oNPQ0y2dlYQFJVc=','CsUO0sMS1hyhkpjkZbJUPX5H95FH5k5DSJleHIGGACs=','B-186896732',NULL,'Bydgoszcz',NULL,'PL',NULL,'152@test.de',NULL,'Ralph','A1102682339','Freitag_test','66 803 19 16','85-049','Sehr geehrter Herr','ul. Ujejskiego Kornela 27','Dr. hc mult'),(71,'SlHmUejtE0lHfNvgsdC6SaXkshO2eoABS73NXPN5nHI=','afEeZRfZ1FubQb9I5KVau5UKW4iC8Up8dJK+itaapLU=','B-668515532',NULL,'MARSEILLE',NULL,'FR',NULL,'134@test.de',NULL,'Brygida','A1524156900','Dudek_test','04.65.72.15.71','13010','Sehr geehrte Frau','38 cours Franklin Roosevelt','Dr. hc mult'),(72,'htlnqmWpoclg6FUdXjJAY2FvpqWdfup1KPqWN6ATy+M=','BG8iGDdSwauwQMB+Ht78XTuErpz2mVneWI8lAbBP/L0=','B-1662061703',NULL,'Ortschwaben',NULL,'CH',NULL,'157@test.de',NULL,'Petra','A-1390308818','Mottlová_test','031 640 29 50','3042','Sehr geehrte Frau','Valéestrasse 126','Dr. hc mult'),(73,'cK4EAXDrowbfAz1jPohAhE6fyKtWY1TTPVPmdrCYOwg=','qL+5q3vFfT9golL2fy6l3ty0saHgcBMklAw9fSlL3dQ=','B1226859151',NULL,'Białystok',NULL,'PL',NULL,'156@test.de',NULL,'Usamah','A1511362360','Guirguis_test','72 350 27 32','15-321','Sehr geehrter Herr','ul. Letniska 72','Dr. hc mult'),(74,'rL6z5wll49v9Y6d8/vhb0BF4TfAy6xyc+ht1PNL16RM=','MqiDMFqtvkqLW5XsrrDbr2IBX77nsuNpTK7zbxlJJkI=','B1702739412',NULL,'Kaufbeuren',NULL,'DE',NULL,'161@test.de',NULL,'Maciej','A-107648722','Tomaszewski_test','08341 56 51 02','87586','Sehr geehrter Herr','Ufnau Strasse 15','Dr. hc mult'),(75,'HMd902U6yjiS6sii6udgCKPM4GLwmqofi3gDGlWBTZA=','ofJCkAvuArq4dMp2XD7a/cvB1pSgaE2SfnNy1misdZU=','B407927278',NULL,'TALENCE',NULL,'FR',NULL,'334@test.de',NULL,'Blanka','A-302662981','Černá_test','05.98.09.50.06','33400','Sehr geehrte Frau','68 rue du Faubourg National','Dr. hc mult'),(76,'BzPx+BsWuMO7rGBCSfQLVNgaCg/Vd1hl/2tyiT/FunM=','/pn1whUm3oHjiXwnEI0hSI9/w24FewJ6T+5x16IVKu0=','B1068668812',NULL,'Waren',NULL,'DE',NULL,'152@test.de',NULL,'Manuela','A370937187','Kuster_test','03991 70 71 39','17182','Sehr geehrte Frau','Chausseestr. 29','Dr. hc mult'),(77,'tOTnEuViBJ/FHGS8KMybtbr5lRwvxYk2iPOtxeYr3rU=','ga4zwsB18nDaHG+w5RK9tenhuV8V2Q8KqYm4IO4QXxo=','B301430452',NULL,'Montsevelier',NULL,'CH',NULL,'157@test.de',NULL,'Ulrike','A203026268','Herman_test','032 886 51 27','2828','Sehr geehrte Frau','Spinatsch 112','Dr. hc mult'),(78,'J9evOybxJXby+d5G9YMRlg8Zor4+v4dL3fyyuyYZsGw=','QW+ehyZ8pur0OtHGSLbLaOGC5hBjPmorbfQpdE37qWo=','B-227061615',NULL,'Linsburg',NULL,'DE',NULL,'140@test.de',NULL,'Frank','A-1847642625','Fuerst_test','05027 35 05 76','31636','Sehr geehrter Herr','Luckenwalder Strasse 23','Dr. hc mult'),(79,'G04U+DL/Tu2OhkJsswCk7VrpxxNXfU2ttS0WxY2MnU8=','quqLip2WyLdsZjfURXId0E6yZakSO+b8rk0/7rMmVUY=','B909280035',NULL,'Berlin Schmargendorf',NULL,'DE',NULL,'143@test.de',NULL,'Lori','A-1114908597','Cox_test','030 66 78 81','14193','Sehr geehrte Frau','Genslerstraße 78','Dr. hc mult'),(80,'1QZ9yLpJvl2Y6sDLBRXCnvd2hrqOLKP211Jwj9zjtEs=','agCAwCRrLChbrs1KH6ALKLZ4yuGF7RN8QAgvoDtzkw4=','B705445696',NULL,'Kielce',NULL,'PL',NULL,'154@test.de',NULL,'Josef','A1367834385','Pivoňka_test','60 345 47 28','25-640','Sehr geehrter Herr','ul. Fałdowa 110','Dr. hc mult'),(81,'5chY5Ojqb5m0mveNRNzlFSAcaPtj89r0H4J9BsW04Go=','svkpAwxDv/PDuX+JcJIoMyrV5dBWuAodQ6qvDSNXa7g=','B819212489',NULL,'Neckargerach',NULL,'DE',NULL,'159@test.de',NULL,'Keisha','A1479115967','Thompson_test','06263 91 82 93','69437','Sehr geehrte Frau','Grosse Praesidenten Str. 48','Dr. hc mult'),(82,'5/VdoH7n/bgL6q/gccqCeb0LbuDGBC3BhGvjH6oLWTs=','Rpitg9sHdg+kIYWel0tZC6gNQ61Z24JcI+Rg6nK1H8Y=','B-1931857415',NULL,'Szczecin',NULL,'PL',NULL,'157@test.de',NULL,'Roksana','A-2024098586','Kaczmarek_test','67 648 98 07','70-750','Sehr geehrte Frau','ul. Granitowa 47','Dr. hc mult'),(83,'s1CPMyS4kcURcJ43flwzPLg3ZyK7ixLfUw2nrM9S+pc=','QlYTUQtxJpfSruubVtyNZdtr6owPkJwto7HaQUcGpys=','B-1099934151',NULL,'Zielona Góra',NULL,'PL',NULL,'158@test.de',NULL,'Subhiyah','A126106611','Kanaan_test','51 185 66 27','65-119','Sehr geehrte Frau','ul. Demeter 25','Dr. hc mult'),(84,'NuQIvimlfYluBzZJh0buPuHtwTVJVqy2yCi8/vonCQI=','HZPUZ9R8/murlBdezxnS8zl57ZDSH/oaHs1Wve5sDbA=','B1467573741',NULL,'Dietikon',NULL,'CH',NULL,'147@test.de',NULL,'Rasheeda','A-597102164','Attia_test','044 563 43 20','8953','Sehr geehrte Frau','Via Camischolas sura 58','Dr. hc mult'),(85,'VCBrsYJi5yS5BcnOQsx7owl0XwfJ/s2UId+hhtZV9KY=','Xw58EqtOkYEK9vroQiCwkLSusxAFSr3H76zQcqerFTg=','B-1873046530',NULL,'Obernheim',NULL,'DE',NULL,'150@test.de',NULL,'Phillip','A-519434896','Fry_test','07436 95 56 10','72364','Sehr geehrter Herr','Mohrenstrasse 56','Dr. hc mult'),(86,'4tTPKaqbXq4fm5Q299cDWFseTODMUNJzIgpuJENTfXY=','wdr/bFGzdVZUFT+x8EkLGYbNCR82cM/Y8cAcXdlx5CQ=','B1194366780',NULL,'Deensen',NULL,'DE',NULL,'131@test.de',NULL,'Aubrette','A1052471639','Brunault_test','05532 70 74 68','37627','Sehr geehrte Frau','Leipziger Straße 66','Dr. hc mult'),(87,'zloZH6lFoGL5S4L8LJa6xiogksTI6r6wtaPRDj5cPnI=','QcXTrHZpyiqHp1r2cg9UAHweFyJy1MoVTOdRJ396F5s=','B-1997949748',NULL,'Bayreuth',NULL,'DE',NULL,'161@test.de',NULL,'Jacenty','A251765138','Wieczorek_test','0921 37 75 40','95444','Sehr geehrter Herr','Kantstrasse 40','Dr. hc mult'),(88,'vvb+7JeIwx/Wuyuz1aIVWtGg9HJjA8ISGAh83/nRB3Q=','SxMEn3kYl3ojm2rFUfy2T20S+Obn80hSas4QT8LPQU8=','B1657568830',NULL,'Bussnang',NULL,'CH',NULL,'152@test.de',NULL,'Bartlett','A1514291143','Veilleux_test','071 550 29 90','9565','Sehr geehrter Herr','Lichtmattstrasse 53','Dr. hc mult'),(89,'v5dqgjhi7AEzbrdjap7BZas+aRaLtZYD2nnA1Wtab0I=','+MtF0Q6xIm5U4ElCyPoJW4WZRUkbQhcUaf3rhkvNejI=','B-1774887687',NULL,'Trier Euren',NULL,'DE',NULL,'168@test.de',NULL,'Walid','A1347685956','Qureshi_test','0651 44 17 43','54294','Sehr geehrter Herr','Leipziger Strasse 13','Dr. hc mult'),(90,'p657oaVhBKBOb7wDqTOYjyJllitx+G5+MecY4c07f30=','zRGTPTSLU/8RGE4GwL38hFk0OuBqDXwLzOlEQJnclxc=','B-555659744',NULL,'PARIS',NULL,'FR',NULL,'162@test.de',NULL,'Katja','A2121016618','Weissmuller_test','01.59.45.88.23','75012','Sehr geehrte Frau','81 Place de la Madeleine','Dr. hc mult'),(91,'isD4k3YSdOqhFQ3xhgWR7lWE2TD6HYUexYXVuRR2UIQ=','wMovjGWy4lOBCVQrKvy+zA2BpTVECJOUi83gFQu5Ios=','B1735310635',NULL,'Gdańsk',NULL,'PL',NULL,'143@test.de',NULL,'Hudhafah','A144225293','Gaber_test','53 766 26 88','80-175','Sehr geehrter Herr','ul. Kuszników 19','Dr. hc mult'),(92,'6X+ofXEkqAtK/1Y49/O33Bo8QW4u0DmrwxxRtGYTA+o=','k7iA3uHVThDRXZRWxbwf6zZEwItwHgcGDNdmbCptOL4=','B562890931',NULL,'Szczecin',NULL,'PL',NULL,'153@test.de',NULL,'Swen','A1529246879','Fisher_test','66 606 40 61','71-497','Sehr geehrter Herr','ul. Spadziowa 5','Dr. hc mult'),(93,'/onSjkAo1xn8dJvXDuTN3XxozGjjE1QHGN6rRIK5iwM=','0CqDwvdvJNRWV8j/wYrR8oFlQ1nDBPBl+K/sxFXegMQ=','B240532561',NULL,'Poznań',NULL,'PL',NULL,'145@test.de',NULL,'Manville','A-1869387952','Deslauriers_test','88 559 30 93','61-663','Sehr geehrter Herr','ul. Braterstwa Broni 24','Dr. hc mult'),(94,'adN/IlpNinJYy646ucpQzWjVOTICC1VUZQMpr7CYQTk=','lx4ZmL07oeNybQX4OU6ipr/atljb0GA0jTgjhtm0kEc=','B334150528',NULL,'Adliswil',NULL,'CH',NULL,'149@test.de',NULL,'Nadine','A1001955611','Gottschalk_test','044 579 60 82','8134','Sehr geehrte Frau','Kappelergasse 1','Dr. hc mult'),(95,'KL7Cyrftyl0XSsGTeEgofCf8dpUhWFVkR9QhsXzcmY4=','MgynDUaisO6sBfB2cg0vmA+GR9mA996pDU+ZPWFjBcs=','B-547140394',NULL,'LES ABYMES',NULL,'FR',NULL,'160@test.de',NULL,'Mary','A328559055','Suarez_test','05.98.34.78.61','97139','Sehr geehrte Frau','41 rue du Général Ailleret','Dr. hc mult'),(96,'PVAt+URtWZMjuZQryj2ouJg1hOwvZtyU+bBqY2XAtqY=','74Gk/RUyDyx/O80PqtIGtWoFh3SLzPUIpRJaifVpz3k=','B433322527',NULL,'PIERREFITTE-SUR-SEINE',NULL,'FR',NULL,'160@test.de',NULL,'Urszula','A-20333424','Król_test','01.18.59.68.06','93380','Sehr geehrte Frau','41 rue Clement Marot','Dr. hc mult'),(97,'6dOQ31MiFYZs4e38lO6XEXP1pT9pOcxxRssH5x8677k=','MBnC89LduoO5oBrzQK5YLwKeA+SMss1fh1qe+548o20=','B-1905860332',NULL,'Madulain',NULL,'CH',NULL,'165@test.de',NULL,'Robert','A2117466224','Seder_test','081 386 59 54','7523','Sehr geehrter Herr','Auerstrasse 143','Dr. hc mult'),(98,'ItiSEJUGn1CuoeOz1gFd6epAV6BRry8qOYUdpqm2ZVY=','KrI05uGAqI/xhCwMrNlkUhhQoIAWnbnX75/JeN5GoJM=','B1687103944',NULL,'Warszawa',NULL,'PL',NULL,'153@test.de',NULL,'Kornelia','A790381899','Nowakowska_test','78 746 13 17','04-818','Sehr geehrte Frau','ul. Cementowa 49','Dr. hc mult'),(99,'BCL7TammDzETdAGbt2DvR+yWyL5aGOAPhsJhjTSPGRk=','qUv7tm3PgJiJyevRmG4ZzPS/xnfnGR5Ccvspv+kEYUA=','B1316762374',NULL,'Banco',NULL,'CH',NULL,'152@test.de',NULL,'Aaron','A1323266372','Worley_test','091 909 49 21','6981','Sehr geehrter Herr','Wiesenstrasse 102','Dr. hc mult'),(100,'FJvEZuqIx6NCwnjEIsgFqk4zrsVxo32lQ+x4QVn+nL0=','rmxNFDtri/vLdgFZj3lWnRsSVOKPlKJFhx7YAHr9x5s=','B-404852182',NULL,'Hamburg Ochsenwerder',NULL,'DE',NULL,'145@test.de',NULL,'Grzegorz','A577693085','Jaworski_test','040 95 89 57','21037','Sehr geehrter Herr','Fasanenstrasse 9','Dr. hc mult'),(101,'Tb8rk60FjuYwjhkPtkQAAM9zVdC6c1FRkLSaoXzcYrQ=','JtR7qE0GhR2qfYmdW/cBcms6emqc7hyHSYe1LjByjl4=','B1242682178',NULL,'St-Léonard',NULL,'CH',NULL,'139@test.de',NULL,'Andrea','A888821188','Jandíková_test','027 923 94 49','1958','Sehr geehrte Frau','Via Albarelle 111','Dr. hc mult'),(102,'YWJJZtG9byVXskzDvSPIsH+OSutiTzZY4+xMUbCtl64=','msVCfZrH97/7ZWCNXNvUq0LU38j4hKNtgJJAQFR+YgQ=','B466380667',NULL,'Trier Filch',NULL,'DE',NULL,'418@test.de',NULL,'Barbora','A-1716057667','Šáchová_test','0651 17 26 18','54296','Sehr geehrte Frau','Leipziger Strasse 41','Dr. hc mult'),(103,'/wkmApJIqtMe3F8KhToPgtBhJ/QDm1zdrGLYBkaf7n4=','mfn5roYub90PrIklHgBcii9NrMv4ha5rtGhx5LZNxGQ=','B-167759067',NULL,'CALAIS',NULL,'FR',NULL,'152@test.de',NULL,'Marko','A-1739608739','Kuester_test','03.76.38.15.51','62100','Sehr geehrter Herr','88 Chemin Du Lavarin Sud','Dr. hc mult'),(104,'DgNNJb0NKkJ3QTB2EiGJSOZI1c3lZAR6px+8Cw6fVr0=','+xbzB/43iWBJsQ+lV+Gqy6pG9ppy8ieci1dtk8NN3rU=','B1439744464',NULL,'Siemianowice Śląskie',NULL,'PL',NULL,'163@test.de',NULL,'Michaela','A-506171412','Vorlíčková_test','60 802 01 61','41-103','Sehr geehrte Frau','ul. Wrocławska 99','Dr. hc mult'),(105,'Bsacpj1NIY5Ca/Ho9HGotK/vFigtqjj+ZFjzxOEDBk4=','VDOOvaL+HoqdytAczpzsTYCiTaUfx0Y9xWvajNdxWR0=','B-532537777',NULL,'Overath',NULL,'DE',NULL,'140@test.de',NULL,'Joshua','A1674611757','Boatright_test','02206 94 30 78','51491','Sehr geehrter Herr','Lietzenburger Strasse 67','Dr. hc mult'),(106,'XNq0qhRBRorOiSqac5bx78g61G8OvMbZBkvIEIm/X0A=','ogcGwzyzQLnSoLgu50oIvsD1bLswJ/oFfGudbg/vb1U=','B-491211347',NULL,'Valbella',NULL,'CH',NULL,'151@test.de',NULL,'Stefan','A606803674','Duerr_test','081 394 28 41','7077','Sehr geehrter Herr','Via Verbano 101','Dr. hc mult'),(107,'J9Fc6m9uhy4Q2heM+R3mZyKKFpi0S3/9/cP8+TtOw7s=','VeU9unD9fantiaVHQRrcbbQqXTcFRRgdQRV/K5TPp54=','B-1422469295',NULL,'Oberdorf',NULL,'CH',NULL,'169@test.de',NULL,'Ziemowit','A-846675441','Olszewski_test','044 737 57 53','8105','Sehr geehrter Herr','Clius 131','Dr. hc mult'),(108,'M7JPSTHFlkUHOgkA1z/uwW2U5QnOZ+lbP4b9uXqpBqI=','gzZAjZGR4p+J2QfXddLzk8IZhIn9NH2CK59HM/xcJ2A=','B-43793952',NULL,'Łódź',NULL,'PL',NULL,'154@test.de',NULL,'Makin','A1434660424','Maloof_test','51 638 93 39','92-407','Sehr geehrter Herr','ul. Dorabialskiej Alicji 14','Dr. hc mult'),(109,'3nQI5ngGeQLB1gUX9pGlU+DWgR3RQWkpKmGOz2iDLws=','0UmtjIaWN9hz9ST3KI7IOnSFKQMDvX0fTrmLpr+Y5kw=','B-526595163',NULL,'SAINT-RAPHAËL',NULL,'FR',NULL,'153@test.de',NULL,'Viollette','A-1654721067','Cartier_test','04.11.23.19.75','83700','Sehr geehrte Frau','75 rue de la Hulotais','Dr. hc mult'),(110,'tM1vwrzoDXB/Q3d8l7LOfDxVNGIyqHg6qZHscU0Gzfs=','aEmbOpBcN0ql4yBsHldHoG+tbYA9voK2t0eMlBInjwc=','B773785226',NULL,'SAINT-LAURENT-DU-VAR',NULL,'FR',NULL,'143@test.de',NULL,'Marc','A-983241234','Béland_test','04.33.53.43.18','6700','Sehr geehrter Herr','15 avenue du Marechal Juin','Dr. hc mult'),(111,'L1WVaM00a0n7Wkq6egyQ4unxXeeaOm5nAf8ejSfch4E=','QS+mpjWKwvU1C1C3Y6FoXZGVS9P64qsHto2VU2ciB2o=','B1458508510',NULL,'Berching',NULL,'DE',NULL,'155@test.de',NULL,'Hafsa','A1973727443','Shadid_test','08462 67 44 37','92332','Sehr geehrte Frau','Rankestraße 60','Dr. hc mult'),(112,'xkn6Y/ze+WnMrSl8VWTdMMwrTknBhpPiplpB+HaaIDI=','X7wnmMmm/Jgk7+bNPg41cgqSqWvJO/8TiXgyop9i3lw=','B-931759747',NULL,'Berg',NULL,'DE',NULL,'154@test.de',NULL,'Torsten','A-1558153570','Faber_test','08433 62 19 59','92348','Sehr geehrter Herr','Rankestraße 20','Dr. hc mult'),(113,'4FP/gqzAqghZ68jQzisC1m59fHSevlEeMYWcBIScZiM=','ZN3XE1J/K2PAF1q+5C2mDpZ3ihtoa+9hsiizzZXD9CE=','B-1480643297',NULL,'Scharnachtal',NULL,'CH',NULL,'134@test.de',NULL,'Esam','A1872567972','Awad_test','031 448 75 33','3722','Sehr geehrter Herr','Landstrasse 17','Dr. hc mult'),(114,'K2uJUcA0wGOb94zZJIhvycb2sPKMEVu8Y5SAWxwrPrA=','oQvqzn49L0eeObo+XSwqgUEGYyb6lyGtOml7oKqMM78=','B-218854451',NULL,'Reutlingen',NULL,'CH',NULL,'132@test.de',NULL,'Buford','A772809128','Berkowitz_test','052 957 44 42','8404','Sehr geehrter Herr','Kornquaderweg 112','Dr. hc mult'),(115,'IAlSkRxuU+Mg6UfaHISaiblMs3MC5J0k0PlOtQTc3pA=','xRttAtTpEyxtnmD/+phRxZ3+aanhirIw6Qgmgnzrh6w=','B21476561',NULL,'STRASBOURG',NULL,'FR',NULL,'155@test.de',NULL,'Ghadah','A-1823898328','Totah_test','03.72.03.02.18','67200','Sehr geehrte Frau','73 rue Descartes','Dr. hc mult'),(116,'NiLLOSCESOIdFKtPoaHFFUa8nI8wyFgUpUZv0O08LM4=','thdUGX+9F826va1ZaM4t1tJIlLXHtETnD309HrEn0pw=','B-1967254367',NULL,'Krosno',NULL,'PL',NULL,'157@test.de',NULL,'Minette','A-1499078016','Patenaude_test','51 375 07 38','38-404','Sehr geehrte Frau','ul. Bema 34','Dr. hc mult'),(117,'1nArg4xDYpZ4/nvyeCyAKZJpDQSSNhieuQc+d3xXzsk=','GlnTEVO0Wu8FGoYWPe1h/RVeG28XqYeNJhz58Ty1TRY=','B-1207175280',NULL,'GRENOBLE',NULL,'FR',NULL,'152@test.de',NULL,'Ana','A691452107','Wallen_test','04.28.96.19.30','38100','Sehr geehrte Frau','97 avenue Ferdinand de Lesseps','Dr. hc mult'),(118,'MGFhdbhKsDkww5XTZHvhhScPMi0TIpfJCn9zQnNDndo=','ylKcDyFh5LWhEKoIUSyMyJmJ96h9PYkqxqyzh2KzuSc=','B92378441',NULL,'IVRY-SUR-SEINE',NULL,'FR',NULL,'141@test.de',NULL,'Karel','A1270521502','Benoit_test','01.27.35.98.81','94200','Sehr geehrter Herr','68 route de Lyon','Dr. hc mult'),(119,'l0rCbFR4Bde/pLfghhXUU2p5Fbuji+wzcEP4FR/8wJw=','4z3xkWa+8eKeRFLt8F48hmwAGAZBAcLOd+xzSJl7hlk=','B-500979099',NULL,'RAMBOUILLET',NULL,'FR',NULL,'165@test.de',NULL,'Zdeněk','A-17362675','Kopeček_test','01.11.43.34.28','78120','Sehr geehrter Herr','81 rue Lenotre','Dr. hc mult'),(120,'emv0MdtHa7cT3MM55cKC8DOgx/oH5Jp3ErC/Hy8GvGg=','2V7r40qSFjyzrv/WANGZRpAqQfC+8oJAwxtAVpBmS0s=','B1007561365',NULL,'Ittenthal',NULL,'CH',NULL,'139@test.de',NULL,'Holly','A-1247764571','Chassé_test','062 235 47 24','5083','Sehr geehrte Frau','Möhe 121','Dr. hc mult'),(121,'Fs2wz+sBoZEGGMYRIVDKCGF7kGd0i//97UuSDhCuDis=','L1YvM3YRXUowoVq0khsulK/nlC7cUo0hcCmgcokT2Sw=','B-468636358',NULL,'Wadern',NULL,'DE',NULL,'167@test.de',NULL,'Ute','A-1750556355','Reinhard_test','06871 75 47 05','66687','Sehr geehrte Frau','Hallesches Ufer 73','Dr. hc mult'),(122,'Q9PgIgBpb1VuN1DMFVCHf/q08s95kucNWf5csxcTMe4=','F204Cj4uSGWlk4Yz0tD/NFs4xvoeTg6Kt1O6byTTU/k=','B1750581092',NULL,'Diegten',NULL,'CH',NULL,'152@test.de',NULL,'Edna','A350782407','Sampson_test','061 854 76 73','4457','Sehr geehrte Frau','Via Camischolas sura 136','Dr. hc mult'),(123,'jTKh2BTlUU3CkyKykaVEWZu9z3lFZ6xpckL2xNY9pCg=','wwThJeK92zP7LUb2ewDB/+Woq5JKWctaxkuS0YNe6VY=','B-772533878',NULL,'Oberhof',NULL,'CH',NULL,'136@test.de',NULL,'Aubrette','A295680391','Gousse_test','071 663 55 73','9502','Sehr geehrte Frau','Clius 123','Dr. hc mult'),(124,'wTN2eAVdZ+VIyiAvBz3iH6zqniHKqKSoGZzKyEixiB0=','O6F2CneASumQqBoYnKA2Z/iCHfpKNw5w5d3ni247lFY=','B267605115',NULL,'BEAUVAIS',NULL,'FR',NULL,'160@test.de',NULL,'Patty','A1071272039','Phillips_test','03.96.09.49.76','60000','Sehr geehrte Frau','68 rue Jean Vilar','Dr. hc mult'),(125,'vmNTd4ArFJp7Zdg+hqHDL/D6o0J6h4ntOCSqnK/65fo=','Tf2dFiMrf3LqUyJEn2CBcZM6Bfs9f96itt0zk317fc0=','B1993398359',NULL,'ÉTAMPES',NULL,'FR',NULL,'154@test.de',NULL,'Richard','A-1253444559','Harris_test','01.32.90.60.73','91150','Sehr geehrter Herr','42 Rue du Palais','Dr. hc mult'),(126,'ctbVwgQZlQ46E6zKrFtrn2VyFgVbyOp9RPAhxqugi3o=','NMqt1GKQLJGjLBfZyAoOPGVxiSdPNDdWL9kx+/h6j7M=','B-1720749673',NULL,'München',NULL,'DE',NULL,'167@test.de',NULL,'Shadiyah','A-174421249','Toma_test','089 09 83 37','81701','Sehr geehrte Frau','Lange Strasse 61','Dr. hc mult'),(127,'hzWCj/WLCbq5Bky+Y+4NVml6RaWFjJSuMf0isHBy6Hc=','wJyLNsIM3C+vOmFFIqXsQF53Z8ztu+vY6vu2w6weyLo=','B-2117985439',NULL,'CARCASSONNE',NULL,'FR',NULL,'140@test.de',NULL,'Jeffrey','A-1747037407','Barrier_test','04.17.16.99.82','11000','Sehr geehrter Herr','99 Rue Marie De Médicis','Dr. hc mult'),(128,'+VpqS2yOINIpZyvv+907TJvE0FhnwT9r7mydqFxP6ZY=','GT3IY/oQg9z4r5yTgQsEFKUHHRLh0RmaACBjwVzwTuY=','B-996535356',NULL,'Bruchmühle',NULL,'DE',NULL,'141@test.de',NULL,'Evgeny','A1527610435','Hrdý_test','05226 86 26 15','15370','Sehr geehrter Herr','Bleibtreustrasse 89','Dr. hc mult'),(129,'sjvfTAggxWNFQJAGGNUM3cP8ykFkFr9csJuuuB6kqeY=','eDTrORgtcaJslfK8/u9Y+jT30eIT88GpS9VYuj1BT9w=','B91657620',NULL,'Poznań',NULL,'PL',NULL,'150@test.de',NULL,'Randy','A850604450','Duncan_test','69 557 30 49','60-104','Sehr geehrter Herr','ul. Hallera Józefa 24','Dr. hc mult'),(130,'EmBoseQMlDwcn4nePnszblpz/2jFsUbCzMF+UbrUr5U=','5G6bY6e3OPxLY8hUqN+RoyxAtE+Wz3PbBfanSP1EFyU=','B-1660506897',NULL,'SAVIGNY-LE-TEMPLE',NULL,'FR',NULL,'142@test.de',NULL,'Eisa','A-502726266','Issa_test','01.30.14.06.47','77176','Sehr geehrter Herr','38 rue du Président Roosevelt','Dr. hc mult'),(131,'ZEx6QFSES6qamF3I8vHaA67TZ2AcQ+1BAzI7u3oy6Sk=','X65R0tUwjyFPfbe+841kQRpe8M7JuFBWbCmTxneEYEw=','B346209985',NULL,'Staßfurt',NULL,'DE',NULL,'148@test.de',NULL,'Pavel','A-27586969','Dvořáček_test','03925 11 46 50','39403','Sehr geehrter Herr','Ruschestrasse 29','Dr. hc mult'),(132,'c+kTR6J5euvwMtdNJEH4iXEgwuigAGGUcBOM9AIfVMc=','Rt1a7rxgCH0sXRyNcpf6P/etHJP8SO29GpakMNBkrRA=','B138152122',NULL,'Marktheidenfeld',NULL,'DE',NULL,'142@test.de',NULL,'Jewel','A-1719168931','David_test','09391 95 59 59','97823','Sehr geehrte Frau','Esplanade 94','Dr. hc mult'),(133,'uiWJcHgqtq4EA80gSZlytvCuQgcA4rN2h/7ktN4h3PA=','6Gm23aoyNelLuhRge4ZXGgFvYvsp1two8BeVDfAmOPY=','B-1119621487',NULL,'Presinge',NULL,'CH',NULL,'157@test.de',NULL,'Ulrike','A53834191','Hoch_test','022 900 91 63','1243','Sehr geehrte Frau','Herrenberg 134','Dr. hc mult'),(134,'q7CaEc0WUaE6AfByrZWeZUgq2stw8HwdiIKRhflWqHI=','sRiravw2+zbdyXO2djXpG9Y1CAeBqw74MlvzQfkuXGk=','B521874063',NULL,'Junkholz',NULL,'CH',NULL,'144@test.de',NULL,'Borys','A1268076673','Nowak _test','052 914 73 26','8514','Sehr geehrter Herr','Forrenböhlstrasse 12','Dr. hc mult'),(135,'dxgsSBhYhMOgukIGv9Os9XzLMc0rjyVRh6ouXs7iMQE=','RxKdx0L7ADCj/eHZkXCldWuD3P/KblmXnkbmdI5g6KE=','B268319413',NULL,'Wrocław',NULL,'PL',NULL,'156@test.de',NULL,'Jörg','A1748071530','Rothschild_test','69 628 94 25','53-441','Sehr geehrter Herr','ul. Miedziana 125','Dr. hc mult'),(136,'/Ja6coKzYMv3N4Fb9ksjvmXcIIAJD4ZW6JO+ShUb8xU=','LWM0v5261jO7VeYv2L6GFpN4BKsksXpOQGawD9mwlJk=','B-1047693065',NULL,'SAVIGNY-SUR-ORGE',NULL,'FR',NULL,'144@test.de',NULL,'Lucie','A-438669319','Demeterová_test','01.57.19.35.93','91600','Sehr geehrte Frau','15 rue du Président Roosevelt','Dr. hc mult'),(137,'14uCvfft829+WAJ5EVqV+ec1qDXuU7Rcx29vLAn3pQk=','Gs+nabK/m3mWNcZ7o8D5VobSlzunumax+9qAM0DOKwE=','B-809663390',NULL,'Białystok',NULL,'PL',NULL,'137@test.de',NULL,'Howard','A-1739347525','Arnold_test','79 531 78 61','15-587','Sehr geehrter Herr','ul. Albatrosa 27','Dr. hc mult'),(138,'cvRUyVLmdT6GaAIa5Zjy/UaSCRxpMZ5N1AjTiYLofNg=','Y4Ye3eJaN9SxcQ2X3HX25JiOFBtj/QdAde+aUABtkIU=','B-2053518804',NULL,'ILLKIRCH-GRAFFENSTADEN',NULL,'FR',NULL,'148@test.de',NULL,'Raja\'','A-231467656','Baba_test','03.06.37.73.19','67400','Sehr geehrte Frau','15 route de Lyon','Dr. hc mult'),(139,'uXEbO47l7zpWsLhaD8Oyy9Qw3N+Qobh5GahkIXK62k4=','6Q3rAVH5nZnjhF/0jgrFZdjSMqWZWobpAbWEoWJbSXk=','B458582268',NULL,'CENON',NULL,'FR',NULL,'141@test.de',NULL,'Aubine','A-395742401','Levasseur_test','05.50.84.51.80','33150','Sehr geehrte Frau','83 rue Porte d\'Orange','Dr. hc mult'),(140,'xcqVPsh4SCqEEt+CakEoYcf58Q8hNyoVwG9kI2xmOwQ=','u8Mm0SKWywUwA+RFhg8Y3UQRCcbWwz10ZKgpFtiZcws=','B1558521324',NULL,'Oberweis',NULL,'DE',NULL,'163@test.de',NULL,'Naděžda','A2147456259','Urbanová_test','06569 01 75 35','54636','Sehr geehrte Frau','Luetzowplatz 54','Dr. hc mult'),(141,'/oCId/Rd1Pjfl8tjQ08WkyZw2SvlkqlVJ0PYWY7Hyj0=','9CiYy1Ja8ecq7SlQ/FM836KxVxb+pG5S2uEcNF13GLU=','B375589393',NULL,'Les Enfers',NULL,'CH',NULL,'141@test.de',NULL,'Anouk','A1148190638','Labossière_test','032 716 93 41','2875','Sehr geehrte Frau','Studhaldenstrasse 5','Dr. hc mult'),(142,'ifYmiDK6Uu6lWaMVIijERfRdF+ZLj8pwpnGURk+LW5c=','pP1cu0VZHUsHtIrRtHAZeCaZdAa5ttHY+1L4CZTBhRE=','B916279439',NULL,'DRAVEIL',NULL,'FR',NULL,'158@test.de',NULL,'Katrin','A-758002986','Schröder_test','01.65.78.45.84','91210','Sehr geehrte Frau','67 rue Cazade','Dr. hc mult'),(143,'5Qvpr8ewwH2rAcccvDB41BN3MO1Va4Caa/kjRIdeDNw=','V7G19rP4t5DwVeyfbBseotY9XPH3SBOXeBDFcajd+Lw=','B-1284579192',NULL,'ORANGE',NULL,'FR',NULL,'146@test.de',NULL,'Burrell','A1742043776','Paré_test','04.79.34.95.78','84100','Sehr geehrter Herr','67 Rue Roussy','Dr. hc mult'),(144,'lKzfWTXN77kqvM650ek/Y00n1P68txRxhPiftTEMYLw=','kj7dXEmiFGuirsgXvylgeBT8LZpAJxw+EYVCLOaBLFg=','B-48729252',NULL,'Grandval',NULL,'CH',NULL,'131@test.de',NULL,'Agramant','A-1567702904','Bossé_test','032 209 89 87','2745','Sehr geehrter Herr','Stradun 1','Dr. hc mult'),(145,'k0+hqv8ttbXXlKEVa3j5Phg03G/npGzKPoHlkcLTl/c=','P8tc8uJtQwt2gvKtTGk7OEdZ8+YsK7ElqlD/96eS+iM=','B645664537',NULL,'Eckfeld',NULL,'DE',NULL,'149@test.de',NULL,'Troy','A1360998322','Abril_test','06572 77 01 83','54531','Sehr geehrter Herr','Luetzowplatz 87','Dr. hc mult'),(146,'edw6Zy3CZms75zaadt3CXk8hfE7ibS5Wi+lMkp55fqI=','TKMBfwUqAzMwIGOACbtoG5396uDroB/YS6QzraEAJVE=','B-1487505897',NULL,'Fürth',NULL,'DE',NULL,'154@test.de',NULL,'Václav','A1098121325','Doležal_test','0911 84 70 40','90768','Sehr geehrter Herr','Rathausstrasse 48','Dr. hc mult'),(147,'bBZC/1Askr+jFzoSqBIfXHXkFwOFxaHzZ0IwSaShdZM=','xXPltV9fIXvOKmez2ZrWnqrenLHgm6M+3RDA4rc9yaY=','B-938088448',NULL,'San Bernardino',NULL,'CH',NULL,'149@test.de',NULL,'Sophie','A-655906871','Bosch_test','091 917 28 88','6565','Sehr geehrte Frau','Binzmühlestrasse 96','Dr. hc mult'),(148,'vRhUuFXOWrhBd/6myPrSY6QJ7jpmAVT0F0DjDEITjVE=','6uqwu0R1037gWKrYOKp+OovDrXaiDGOVrz0qyMHeoTo=','B-1807360546',NULL,'Alikon',NULL,'CH',NULL,'147@test.de',NULL,'Rajih','A-924173509','Awad_test','062 531 33 72','5643','Sehr geehrter Herr','Postfach 76','Dr. hc mult'),(149,'/OZLJjbb0wBDQ8fW/xT4T086KPpwRLZlYVzsQ5trd3Y=','PaprZ/L67s62w3KQdepOcpxEEZHJ4OaZTjmMP0vFDkA=','B-725378580',NULL,'MARSEILLE',NULL,'FR',NULL,'159@test.de',NULL,'Susanne','A-1311506410','Luft_test','04.30.39.82.02','13004','Sehr geehrte Frau','17 rue Beauvau','Dr. hc mult'),(150,'OCUzTlrvy29a2hNVH81rWgedLTwjnHH87SgNCwcLBwU=','tER/w6otDru0q7nCbYzcZMiEYmIuMJmo7FdQ34JbqR4=','B24593716',NULL,'Kleindietwil',NULL,'CH',NULL,'156@test.de',NULL,'Irfan','A-1810291729','Said_test','062 878 79 22','4936','Sehr geehrter Herr','Seefeldstrasse 40','Dr. hc mult'),(151,'3Eq0/tQkHG2dAsC34z2al/maq5D0kv7canrfEJH3BkI=','nlcxxpy2c3eVrr+cjfvOVgrAv6Pf9vhVIZdOgWm5ld0=','B919943229',NULL,'Wolsen',NULL,'CH',NULL,'148@test.de',NULL,'Seweryna','A995099452','Adamska_test','044 624 25 80','8912','Sehr geehrte Frau','Schulstrasse 73','Dr. hc mult'),(152,'hf6DeECJOO5gLWtudfR/IlK3tbYiVLRjO6KqTQd8Zt4=','+ZB/vFl8HEpfe8axsEujxUGP3a+yHnfcpOoIzFJbjRw=','B1980219742',NULL,'Olsztyn',NULL,'PL',NULL,'143@test.de',NULL,'Christine','A159557105','Lange_test','53 292 46 51','10-211','Sehr geehrte Frau','ul. Fałata Juliana 66','Dr. hc mult'),(153,'NJhw2EgNZL7WHRWuF3SzhkbHGTq4dM3uzZV3UxR31A8=','ONpTJbaPuoSJKVJT5kUd8IGItiGPO7VV1hs5izNS3nY=','B-1745055121',NULL,'Warszawa',NULL,'PL',NULL,'152@test.de',NULL,'Mathias','A-539703825','Krueger_test','67 885 35 89','03-756','Sehr geehrter Herr','ul. Siedlecka 10','Dr. hc mult'),(154,'jODf9jzVhTVihYFlhOwFmLsp44AQJsBy3WtZh9hYSRk=','CPv6/8Yb8REWzRbpkS5ZOzX/+j03YE1ZPLv35kWTVl8=','B1312540909',NULL,'Sosnowiec',NULL,'PL',NULL,'142@test.de',NULL,'Leah','A-1583818378','Bohm_test','51 551 67 86','41-219','Sehr geehrte Frau','ul. Chełmońskiego Józefa 58','Dr. hc mult'),(155,'z1YqMAjQs90FhWRIB6MnpB/YcFepE81V+zKqr0ZO/TE=','MJofMC4DaLhnpfT6bsbRFK/ZG13SJzxwPMvU4TKXMmo=','B945262288',NULL,'Unterhaching',NULL,'DE',NULL,'151@test.de',NULL,'John','A-1720333314','McCarthy_test','089 28 33 39','82003','Sehr geehrter Herr','Lange Strasse 16','Dr. hc mult'),(156,'ISi2VQKWFIdpn/11XgHGCzUKtt9MJ5cLwoJ0wnVZIes=','fcAU0fqZKdYH/pfsgtxYPwr5VWCWfKRE7qO11Dv6kas=','B-372674660',NULL,'München',NULL,'DE',NULL,'157@test.de',NULL,'Mercer','A2039765541','Pomerleau_test','089 62 42 24','80738','Sehr geehrter Herr','Rhinstrasse 41','Dr. hc mult'),(157,'Ic33Ta9JuM5/aFAw3FS9x8ugaU5j2tHF+MVJip1O1gg=','pnY8pDwNzqfbW84VsOzduvN+yHmfyNMsNge5pkG0rqs=','B1354300537',NULL,'Aawangen',NULL,'CH',NULL,'155@test.de',NULL,'Muzzammil','A1487731090','Nader_test','052 908 66 42','8522','Sehr geehrter Herr','Kappelergasse 61','Dr. hc mult'),(158,'U2+f3PdATi8/Sfd6bb6Lh0PxOD84nNa6PZpdCAhHz+w=','txyFJChmACTyZkF1nraMEv8uCJB9oOG4+bgeAY9rcf0=','B527043419',NULL,'LEVALLOIS-PERRET',NULL,'FR',NULL,'159@test.de',NULL,'Kuba','A-1106844676','Tomaszewski_test','01.76.74.15.40','92300','Sehr geehrter Herr','49 rue du Paillle en queue','Dr. hc mult'),(159,'L/WV7G1HrXaU8gVFu28LiQ9UozZtXJbRojmRKo/4uzQ=','ooSR3ILEvVmdX9pAVBWfFgjvrWgQp3qeLwvYtlPMUCM=','B559419515',NULL,'Praden',NULL,'CH',NULL,'157@test.de',NULL,'Jeremy','A-1709321033','Stephens_test','081 373 16 25','7063','Sehr geehrter Herr','Avenue d\'Ouchy 62','Dr. hc mult'),(160,'+Gn64h6QtL5kq2KXY+TYBur5ExlEG2y9yk3i1Ay3dpg=','2iflCbeR1ZX4bN27wmcWMiql2sc0D2RVB6dZw2+wFeM=','B-1590126933',NULL,'Marktredwitz',NULL,'DE',NULL,'135@test.de',NULL,'Ernie','A436230773','Bell_test','09231 98 60 04','95610','Sehr geehrter Herr','Fontenay 61','Dr. hc mult'),(161,'DY5pytlFEFRjw28u0DTfpop1LccHw4qxUB78a+p+dCA=','EnrKkY5QZU7AqPnkkwZeXXKRAhu6BOK+1dex3xGLnag=','B-1143078313',NULL,'Kraków',NULL,'PL',NULL,'164@test.de',NULL,'Torsten','A1821170460','Pfeiffer_test','51 584 54 41','31-573','Sehr geehrter Herr','ul. Sierpowa 97','Dr. hc mult'),(162,'GzHUgz4NdWT5VrYNw9HSiDccAAQV9al7MfVaonsOazs=','S2vESJC0jIrAqOiUKJ/t8S5irzC85xQb74s4VnWDPsY=','B-1612487636',NULL,'Lichtenfels',NULL,'DE',NULL,'154@test.de',NULL,'Yarah','A-866476572','Attia_test','06454 95 51 51','96205','Sehr geehrte Frau','Budapester Straße 72','Dr. hc mult'),(163,'HJgAteL0fZK6gKJQBb1opHOEHhbCx77XpGSa2El+P4s=','UkkzywsZf5oZn7jNH0n0nW/qqKqqdTSp6sywmhT9veU=','B1263303604',NULL,'Wrocław',NULL,'PL',NULL,'156@test.de',NULL,'Janie','A2026893334','Richard_test','67 716 62 81','50-430','Sehr geehrte Frau','ul. Brzeska 107','Dr. hc mult'),(164,'+ngcELISywVA1/r+92iYuMJL5wsxgcd8qBNeeKFBSZo=','78mnPof3hBaP1HKGETYnhT6jhMPxnk7AeUzub+NBaT0=','B-1140000908',NULL,'Szydłowo',NULL,'PL',NULL,'168@test.de',NULL,'Vincent','A1596117794','Roman_test','78 324 67 51','06-516','Sehr geehrter Herr','ul. Szydłowo koło Mławy 120','Dr. hc mult'),(165,'aj4scEfeM5z2J5d+5evvnCPTCx+/mku3nyanlT3evXY=','qxwc8dVJzIlYdfmFrkJsTJ5ONy1Te6RiWzp2hltw7M8=','B1018089291',NULL,'VÉNISSIEUX',NULL,'FR',NULL,'160@test.de',NULL,'Matthias','A-2042026262','Scholz_test','04.63.11.54.15','69200','Sehr geehrter Herr','45 boulevard d\'Alsace','Dr. hc mult'),(166,'8etd3Mm/OECpvkKDP1a0JaRWZP0wTlq228cAme0OkhI=','awBoqjaXe3EmuH5XMdWkQlp8yAfCyRKLZwBF++vkyrs=','B-828303583',NULL,'Kolbermoor',NULL,'DE',NULL,'142@test.de',NULL,'Jarosława','A1935475055','Duda_test','08031 35 38 99','83059','Sehr geehrte Frau','Gubener Str. 24','Dr. hc mult'),(167,'n2eODbaauUDCqN3WCQyipUIKayMtbMEqoVwTfuIaW/s=','aDFvakUDe1AMg0fVvaIJpJDJBsLK/1DcinTwbQZM9eY=','B-1808585947',NULL,'München',NULL,'DE',NULL,'133@test.de',NULL,'Agramant','A936209739','Douffet_test','089 42 34 74','81671','Sehr geehrter Herr','Rosenstrasse 22','Dr. hc mult'),(168,'uokIp/KxNTQt4foVNJiFPDoKIeMz5O1v1lZtP0pfjoI=','5X6x5HaoDpu50r1PO4l6xQIYhDDCVaAqfEjU4IlyIts=','B799042609',NULL,'Produit',NULL,'CH',NULL,'162@test.de',NULL,'Korneli','A-3593580','Wysocki_test','027 321 68 25','1912','Sehr geehrter Herr','Herrenberg 147','Dr. hc mult'),(169,'QHkOba+cnCFqwvYpZyBvgdyF9lWaaCpE1NMM7j3QlMc=','HP7uD17U3T081N7CxBhN33Vi9+okX/MJ3/ZtsDIIN38=','B-1167574520',NULL,'DZAOUDZI',NULL,'FR',NULL,'136@test.de',NULL,'Afaf','A-622011871','Ghanem_test','02.96.30.93.08','97610','Sehr geehrte Frau','9 Avenue Millies Lacroix','Dr. hc mult'),(170,'G1NjnupZZGuS8oIHKtMy4PTeU4KYNWrMaHVb8COv/Kc=','RICim2SCG29zbhvCxkHmNYLFqROCb/+BQKnT1ELLimY=','B1748386448',NULL,'ÉPINAY-SUR-SEINE',NULL,'FR',NULL,'145@test.de',NULL,'Marie','A-2111880888','Dokoupilová_test','01.72.00.31.38','93800','Sehr geehrte Frau','36 Rue du Palais','Dr. hc mult'),(171,'MEZfs5/11pY2cv8/N1ZjEllNwqf01/fC2Fc41UTqtl8=','B/gCSykNcCwUlPrM4w78Ji73BgidW2ZSk4PsgHGX64g=','B-1473320914',NULL,'LUNEL',NULL,'FR',NULL,'159@test.de',NULL,'Libuše','A-1498766197','Schneiderová_test','04.02.24.43.42','34400','Sehr geehrte Frau','77 Rue Hubert de Lisle','Dr. hc mult'),(172,'ovtgq0iu5k2ExqG02yf34x2FTmjl4RYWRCVXYJXV0oc=','tsMAqysISKabkCs3FIhdTgGbN+J4DLWcefGzEmZVafQ=','B-32424206',NULL,'Düsseldorf Oberkassel',NULL,'DE',NULL,'149@test.de',NULL,'Geraldine','A1504289236','Norton_test','0211 46 78 10','40547','Sehr geehrte Frau','Park Str. 30','Dr. hc mult'),(173,'Pyo+wLRSHRu2Sv+lSTsLvrPkTJgkrm52u+udFPqomBk=','mkf0HyD9y6zI6iZL2q2AmJydKdl+j0+HeH3ia8yedGc=','B79118136',NULL,'Brugg',NULL,'CH',NULL,'150@test.de',NULL,'Bolek','A2064582439','Tomaszewski_test','044 211 49 54','8740','Sehr geehrter Herr','Üerklisweg 125','Dr. hc mult'),(174,'+/xJCGTTc3S5cM9wyN7UXjXajqZMBzPvBEEQygOLZIc=','alF6gMqtAAeJQPL8jspSAr55doPpIeD0pwF4yfnGWAQ=','B-1406067230',NULL,'Engelthal',NULL,'DE',NULL,'158@test.de',NULL,'Khaleel','A377221369','Shamon_test','09158 12 68 42','91238','Sehr geehrter Herr','Luebeckertordamm 11','Dr. hc mult'),(175,'x4RldXAs4cl1di0yLELGBYeMMKCEEPNe2S/rSxuQ52c=','AWessddMfg0Iirs7LEAFYEGZkbWyXcupNE5xXh2juFo=','B853183842',NULL,'Będzin',NULL,'PL',NULL,'140@test.de',NULL,'Dominik','A1759351696','Heřman_test','60 648 62 74','42-500','Sehr geehrter Herr','ul. Skośna 98','Dr. hc mult'),(176,'ydV6j/gvKYWVxdYx4LHWTHEAZw62MnGITGicdzZxFo0=','3GNPE4jMmBsJR9ZetxxkCesO2iWzWZ6u93zh0+nYMPU=','B-1511469029',NULL,'Dagmersellen',NULL,'CH',NULL,'151@test.de',NULL,'Idris','A1677624593','Naser_test','041 271 64 89','6252','Sehr geehrter Herr','Dreibündenstrasse 140','Dr. hc mult'),(177,'AzUUQjSN5qWkx1cQLNxlPiXKsjUTLF6ZmQMZdfPWfG4=','L29yYV6T1OmD9RWKCy3F5rjoPk7xO8rAp9n+ekdsPRI=','B-1852552202',NULL,'Warszawa',NULL,'PL',NULL,'143@test.de',NULL,'Leokadia','A341752360','Czerwinska_test','67 268 16 80','02-497','Sehr geehrte Frau','ul. Prystora Aleksandra 138','Dr. hc mult'),(178,'6pSeY9Q2fXGBA460Jee7DLYSNU7hJatT73jRbqzHAY4=','onfdz7L/eB/lPIWiXe7Y9//eiLGebR3RhhyEzRdfxRg=','B-1124759530',NULL,'Lausanne',NULL,'CH',NULL,'164@test.de',NULL,'Wifaq','A644136307','Maroun_test','021 811 49 52','1014','Sehr geehrte Frau','Kopfhölzistrasse 132','Dr. hc mult'),(179,'DrpnhMcFXeVkHijEjWtcLjwOtGrUas20ArnQD0z5RVo=','p5zVIRMkqjKBm9Q5hKn2q6CKSvzM2//f4BkID912y5k=','B696154373',NULL,'Bytom',NULL,'PL',NULL,'152@test.de',NULL,'Wafeeqa','A2144569878','Asghar_test','79 208 52 76','41-908','Sehr geehrte Frau','ul. Księdza Frenzla Jana 42','Dr. hc mult'),(180,'0RXxKMC6lui3CRhWFrreraN26PEFno+S14nnLiP/Pv0=','yT8pWrkqX92f29bv3UldkYeC+fA9WBhUrfwg2SI/quA=','B-1736405788',NULL,'Vahlde',NULL,'DE',NULL,'150@test.de',NULL,'Royale','A-618206180','Desjardins_test','04265 05 64 34','27389','Sehr geehrte Frau','Karl-Liebknecht-Strasse 13','Dr. hc mult'),(181,'1RJDWnzP5U3NdSI9wK3llc7m1D7UIilmduasLDBSeqs=','1BLWP4Tdh4aECCFAMRiYq/bLiZs9iCDZsHIFqgXyG7Y=','B1850562645',NULL,'München',NULL,'DE',NULL,'162@test.de',NULL,'Ubaab','A1310125458','Maloof_test','089 34 25 64','81247','Sehr geehrte Frau','Rhinstrasse 29','Dr. hc mult'),(182,'0HzrG+2FFuV0bN7R36pGv4SIPDvBItKc2N4StofhQoc=','yA5WALfWM5ENj2kzvi8kHoENLkRJnGkJCmBppus7ws0=','B-773134787',NULL,'Warszawa',NULL,'PL',NULL,'131@test.de',NULL,'Anna','A-1560365686','Bartošová_test','69 495 92 70','04-757','Sehr geehrte Frau','ul. Wisienki 2','Dr. hc mult'),(183,'mUpPl+vm4urj7H6pxLk8W9groSgAS5fEDHZMwJqVWNQ=','b8OYUmjEp63OB3Yr4nHL8li6MQlvb3OtLX5gFUtKmVk=','B-1701720171',NULL,'Korfantów',NULL,'PL',NULL,'147@test.de',NULL,'Farah','A-60823969','Morcos_test','53 129 62 84','48-317','Sehr geehrte Frau','ul. Wyzwolenia 49','Dr. hc mult'),(184,'hqirvOlJo9qFPN8jISFo5b4csazulgfF+rFOdbqGiYM=','GEDfP3Dqfw1ephqaJwcFenZjNFWv8QRxV9AqcnNErzg=','B1386165720',NULL,'Leipzig',NULL,'DE',NULL,'174@test.de',NULL,'William','A175049451','White_test','0341 92 82 16','4207','Sehr geehrter Herr','Prenzlauer Allee 16','Dr. hc mult'),(185,'8gWi+Gmvij/R7+luT9Iu4dJTnWI/zQFlIuCBAnRI5PA=','qpXsQCJ2QOU4Vlb9UkOMHKZnACIEK74aIzOsjsZwD2Y=','B-322383401',NULL,'Rzeszów',NULL,'PL',NULL,'157@test.de',NULL,'Szczeosny','A-1890808167','Jabłoński_test','78 992 34 03','35-322','Sehr geehrter Herr','ul. Górna 67','Dr. hc mult'),(186,'e4rzycfNtSoLmuvguHnDmdoEhEDAhKnX0G8cxjmj+A0=','4Q9KLsf9yenWfukH4coX2QT6q6KEQJenQneNJ5LgZKs=','B-719891972',NULL,'Frutigen',NULL,'CH',NULL,'152@test.de',NULL,'Marie','A-1966136713','Komrsková_test','031 974 18 56','3714','Sehr geehrte Frau','Im Sandbüel 88','Dr. hc mult'),(187,'5TP4I6qj9pV7k1CVPnSURjOrWHMJwyNcVvZ8XuaCSR0=','vj6IeM9AVlZN7WsG9OdJrbVjG/js64dI0ZmJgghOSm0=','B-768504258',NULL,'RUEIL-MALMAISON',NULL,'FR',NULL,'151@test.de',NULL,'Iwona','A1670767024','Nowakowska_test','01.21.86.80.80','92500','Sehr geehrte Frau','47 rue de l\'Epeule','Dr. hc mult'),(188,'EJ2ySrYj7ImMAUKTgSMRZf0vJlLAWfHQpWrKN82ZX5A=','QIwWFb/CQsJAycqVrf5DLwVJENi9hYxNNAcyzgCVrQc=','B-402098858',NULL,'Westfehmarn',NULL,'DE',NULL,'148@test.de',NULL,'Millard','A1533153817','Garnier_test','04372 24 15 56','23770','Sehr geehrter Herr','Schönwalder Allee 57','Dr. hc mult'),(189,'aFRgCVpas7z1LWK6g0N4FKrUCFJNkQ9xc/Fo0ruM1Og=','tGPY01eZD7UtgeIB68X84PbEB8vhL/bQQjvXvoZx5xQ=','B-313829898',NULL,'ARGENTEUIL',NULL,'FR',NULL,'146@test.de',NULL,'Asma\'','A709398964','Quraishi_test','01.96.81.12.24','95100','Sehr geehrte Frau','3 Avenue De Marlioz','Dr. hc mult'),(190,'qd8JGdyWOmSRXCc8IlA5i69eztGVVUuv3yviwBj4Fno=','EVjmQA/qNClTOADJS9hC6yx8tdGIzfFCk687unF37Po=','B1317148685',NULL,'Bydgoszcz',NULL,'PL',NULL,'157@test.de',NULL,'Pierre','A-428150700','Morel_test','53 293 78 74','85-436','Sehr geehrter Herr','ul. Uklejowa 110','Dr. hc mult'),(191,'HNOHEGwnISPvn3Ba2IpRc28ovxC0BbrF+qEaiXwiOt0=','625vZ/oHNvhg+/mYirdPs+0UjH0vaTS7E6NVJBzr4EI=','B779578724',NULL,'Zielona Góra',NULL,'PL',NULL,'163@test.de',NULL,'Verney','A56585426','Morin_test','60 616 73 38','65-012','Sehr geehrter Herr','ul. Kocha Roberta 34','Dr. hc mult'),(192,'6SkhLlQvJSGJFxHgmt+oxYTer0nIzmyf0s1eibTYrh8=','yJilzFw+tthle10vXHsfJP1ZgqL0zD9t31we5LyVFO0=','B1878574611',NULL,'Auerstedt',NULL,'DE',NULL,'147@test.de',NULL,'Paul','A-1673027740','Cole_test','036461 47 17','99518','Sehr geehrter Herr','Koenigstrasse 63','Dr. hc mult'),(193,'J26UxTC9jsSkzZ5cDl3KU6pJItuKm/Y4iUkkQuBb7HY=','NB7pauk81/dHlJ7Q2+g8tjxPBHGmCYxV37IaBegqsUs=','B-1538638690',NULL,'Kielce',NULL,'PL',NULL,'150@test.de',NULL,'Róbert','A1549801246','Dobeš_test','78 344 80 41','25-386','Sehr geehrter Herr','ul. Seminaryjska 147','Dr. hc mult'),(194,'PuKlcDOtaC3P+C7CPd+F88yc+mQT1TShr6IzSlYbPbI=','7oh7u/df6frUuuIjhiDoIHBJGDYti4XKzswW+CHG2mw=','B-1325955394',NULL,'Uetzikon',NULL,'CH',NULL,'160@test.de',NULL,'Stephanie','A-639981917','McArthur_test','052 867 75 72','8634','Sehr geehrte Frau','Via Vigizzi 61','Dr. hc mult'),(195,'3T5FD5rc7LNhsCbZCf1Ycn8rz3DoqfJhQbtpUV5SFdA=','Ltejm717F/TRZc5aLWkqX6tgHaoghZVYyF31vF2GS/k=','B-1311075555',NULL,'Zuchwil',NULL,'CH',NULL,'436@test.de',NULL,'Tomáš','A-345826158','Šťastný_test','032 734 13 54','4528','Sehr geehrter Herr','Strickstrasse 64','Dr. hc mult'),(196,'4rZBZOb6lfIdMpGLVLCSvwv+ojkxWQ5dOOu7yH9ROB8=','odXPNNnapmyFNPgAE+5gsP0LixW6gseNvB0X0hm3y5E=','B-976770666',NULL,'GENNEVILLIERS',NULL,'FR',NULL,'165@test.de',NULL,'Rafah','A-1045512658','Shamon_test','01.41.63.80.31','92230','Sehr geehrte Frau','68 rue Saint Germain','Dr. hc mult'),(197,'1Xg49KmI1dXOF81uJpr+KZQy6dTDyvoszzeJRLeqduM=','DCgJY05wruW0mnMFIH3iHWEvzXY9jUv96LV+fyQTiHA=','B1662317233',NULL,'CHÂLONS-EN-CHAMPAGNE',NULL,'FR',NULL,'141@test.de',NULL,'James','A1308401494','Calderon_test','03.19.03.90.48','51000','Sehr geehrter Herr','17 boulevard Albin Durand','Dr. hc mult'),(198,'eQDgKn1qYrTV0SLJBR+6Nd66TBEUHP+nMg+hIalb6To=','Aa01KlpbJwaLWVEFay7+gv+OqRC0p++Ayy8tKsd4CBM=','B889719920',NULL,'MAUBEUGE',NULL,'FR',NULL,'148@test.de',NULL,'Rhonda','A-1453002552','Brooks_test','03.74.79.03.88','59600','Sehr geehrte Frau','15 Quai des Belges','Dr. hc mult'),(199,'ijmuX/R1l7ae17QrzuNjM7/3AS+Yw1zTq1oKPKZrOOI=','VHBIZHxjrR7ABTUHeIjGi5o4H6OZHCbQBJbV8c4DLuM=','B1023677876',NULL,'Untersiggenthal',NULL,'CH',NULL,'135@test.de',NULL,'Constance','A2131437121','Descoteaux_test','056 851 45 83','5417','Sehr geehrte Frau','Via Verbano 9','Dr. hc mult'),(200,'h7ITNVlJdz3rNqznYQDXMQh8scYZkBif2ixEpp8rYIg=','mw40lpg/nijv3XwhKDPVViOGtB/trUTIvD2uhLhY2L4=','B2116693691',NULL,'Jaworzno',NULL,'PL',NULL,'170@test.de',NULL,'Wazir','A-1054312450','Safar_test','53 977 61 72','43-608','Sehr geehrter Herr','ul. Anczyca Władysława 83','Dr. hc mult'),(201,'jcvle4hQfu2Tzb9ONzMh5RIc8JMuy5WiDmNaHksdYmQ=','OoPCsrT4GKyOGJ494/WD5jVNFysguXkGNNEYU7QHZZA=','B962536578',NULL,'Lyski',NULL,'PL',NULL,'160@test.de',NULL,'Rumaythah','A1120292767','Nahas_test','79 925 77 99','44-295','Sehr geehrte Frau','ul. Rybnicka 63','Dr. hc mult'),(202,'ELshoN0EIMOhowTpuSI0lDZ5hRxw6hHk8nkN8pfRA6g=','ce/OXdLsikDxfRUChNICSO6PsOuXdvXOXaICbBa8TqU=','B1885120025',NULL,'Thônex',NULL,'CH',NULL,'148@test.de',NULL,'Eliška','A-768493942','Obstová_test','022 324 23 26','1226','Sehr geehrte Frau','Lungolago 86','Dr. hc mult'),(203,'X5Y7XqfYAo+d8dfXUlK/aa7IUynpBWD6wSTZC33ieLo=','wTZV9PeQSiVaBU2AtuhLZYqeN3Hohm0hlH+YspA2k/M=','B1556172328',NULL,'Misery',NULL,'CH',NULL,'144@test.de',NULL,'Marie','A-1648399308','Cartier_test','026 366 15 56','1721','Sehr geehrte Frau','In Stierwisen 113','Dr. hc mult'),(204,'efBnifsUsTCx8XPR3e8vuQWfXi762BrZDKRvTU+XqMU=','tOVf+ypfxQ3brz3oXGdBX8WXMJSs7DbK+HKFA9tE1Kc=','B-959461327',NULL,'CHAUMONT',NULL,'FR',NULL,'158@test.de',NULL,'Millicent','A93582588','Quinn_test','03.82.57.22.99','52000','Sehr geehrte Frau','36 rue Ernest Renan','Dr. hc mult'),(205,'+RHDIo1aVS30onAqM3n9LMiQwoXqqcNEwGAqKKod7J8=','UGQsc92kGMkSqlx13cII1KNbwvjuvZ1bcBr0cbBFabk=','B1022736474',NULL,'VILLENEUVE-SAINT-GEORGES',NULL,'FR',NULL,'152@test.de',NULL,'Karin','A1981957761','Muench_test','01.26.06.12.73','94190','Sehr geehrte Frau','33 place de Miremont','Dr. hc mult'),(206,'Yzb+mbGHlssYKOnh54waz+yhKWOLKicQE0UX6jxgH1E=','4DOVrUKrPO5APwt9HwPkF7u5CVkL6HoQVbO/4m6G3XQ=','B-1061511741',NULL,'Katowice',NULL,'PL',NULL,'154@test.de',NULL,'Lucie','A420988054','Nývltová_test','67 587 80 52','40-084','Sehr geehrte Frau','ul. Opolska 114','Dr. hc mult'),(207,'xmtm8ypieKo81wzm/wd9o3LJWOALJt3LypxVe4LEHEY=','BYxHW0Bd/zH8HMZMRMVl9hIAAOzRG+qoMOyXa5wIMdo=','B-1006765398',NULL,'Rauhenebrach',NULL,'DE',NULL,'153@test.de',NULL,'Lou','A782539333','Miller_test','09529 95 31 09','96181','Sehr geehrte Frau','Luebecker Strasse 92','Dr. hc mult'),(208,'HByFKxKBV/FSpdB/Uj4sgo30aqA+YyT2RP5V0Z+rL7s=','Apy5H4707ZIQtq2vnAce+c1Io0c2QPUNMyhHKmx4HZY=','B592671484',NULL,'Olsztyn',NULL,'PL',NULL,'147@test.de',NULL,'Kazim','A-409064328','Halabi_test','78 685 51 50','10-691','Sehr geehrter Herr','ul. Herdera Johana Gottfrieda 90','Dr. hc mult'),(209,'XBGle90VswCO/OfMJ5MZ+kKYKup+/dHD9pOVvixiJ5g=','ruvFInPQWg4WR9jtF7bLBHc9ttQe9GF7mCW5oGzJpvQ=','B-467101449',NULL,'Eltmann',NULL,'DE',NULL,'157@test.de',NULL,'Radovan','A-1267269562','Kolář_test','09549 06 95 33','97480','Sehr geehrter Herr','Borstelmannsweg 86','Dr. hc mult'),(210,'OiA4Gu8bc4gfzDgP5/Eb9WrNQV8iKl/f4wK9WjBkF6Q=','0l3IVxwFBmVovPWp6yzqx69dSEE2n6eSZJOQgirqsdg=','B1934661899',NULL,'TOULOUSE',NULL,'FR',NULL,'153@test.de',NULL,'Jaroslav','A-1012464388','Odehnal_test','05.37.06.36.81','31500','Sehr geehrter Herr','22 quai Saint-Nicolas','Dr. hc mult'),(211,'esGp7ScV3Qlv7gW+JhZiVaErZNv8z5Y9TXtPJQKA80I=','0rd47kCky9zu1KyyksSA73sb60YFqnyjgJzoOLFY7yY=','B-588238557',NULL,'Fankhaus',NULL,'CH',NULL,'169@test.de',NULL,'Oliwia','A1970426448','Zając_test','035 864 93 96','3556','Sehr geehrte Frau','Quadra 77','Dr. hc mult'),(212,'RZtQtoM9tMXucY+Z6Xi156wwhIHMl3h1M+BbAVRD5Po=','8ydP93B21tiZZDEOtJq6TEO3KmX/zuaWmajZoho1na4=','B-1615123213',NULL,'Wrocław',NULL,'PL',NULL,'167@test.de',NULL,'Simone','A-2024331933','Traugott_test','67 518 25 62','51-430','Sehr geehrte Frau','ul. Kościerzyńska 120','Dr. hc mult'),(213,'8EujrfgWVBJF81E1r8gzjCIZLrEMWtRYV2zf821uKQ0=','XOR7F1dO0XyhFJtEu+ZS5oF21moHy5XhBAsgTXkI0fg=','B649285640',NULL,'Roos',NULL,'CH',NULL,'141@test.de',NULL,'Loring','A-1645687939','Ailleboust_test','055 649 44 10','8832','Sehr geehrter Herr','Neubertbogen 16','Dr. hc mult'),(214,'JyVsOuxkDEUCmWgck2SZcx/m07+KPg8Rmgfkji3ftTo=','6GiNgxuQokbTFBTwhkHT1Np+8KLJWZ3Y5FW3eiJGkb4=','B1244067746',NULL,'Bulle',NULL,'CH',NULL,'158@test.de',NULL,'Jesus','A67192752','Thomas_test','026 895 56 99','1630','Sehr geehrter Herr','Gerbiweg 91','Dr. hc mult'),(215,'BrQhXCIZC1RzgCv+vWlA9/Msji5GYpLgOXBBpJ276GA=','nWHmKsXZvzKvSq+AJMwbm6lBr/RYQWLYIu6oOeNu4CA=','B1474306475',NULL,'Eigenacher',NULL,'CH',NULL,'131@test.de',NULL,'Aurélie','A-164468553','Brasseur_test','032 602 72 12','3250','Sehr geehrte Frau','Casa Posrclas 92','Dr. hc mult'),(216,'C9hPv/ZrGkjwQmLSWarWFjpg7kPuWspU3ea+5H7zUAw=','Fo9yGQvjAWIsyOla0J899NyGRNt2X2pUEINAWHdizDI=','B503298883',NULL,'Bad Blankenburg',NULL,'DE',NULL,'160@test.de',NULL,'Sati','A1576978132','Morcos_test','036739 50 66','7419','Sehr geehrter Herr','Oldesloer Strasse 98','Dr. hc mult'),(217,'+oiVzYC8KGfzEjTzHgsKba/6+pt8EP2RGH7FQPyisUw=','QVavTV+UHkbLZt70ftiD7FP8e7gsLCakqd7BWEtlZ+s=','B137261234',NULL,'Klingenthal',NULL,'DE',NULL,'164@test.de',NULL,'Rachelle','A-1551872645','Rhéaume_test','037465 34 66','8248','Sehr geehrte Frau','Reeperbahn 46','Dr. hc mult'),(218,'gh1ifI/wPs7remzsQlgP5V9aXaKmW/IQU5WAry6JfpA=','DZFR+IL4b6LMKc8B+igdS9BkOh519MLyBiuftMebFn8=','B-1563590193',NULL,'Eschikon',NULL,'CH',NULL,'471@test.de',NULL,'Zdeňka','A-19686646','Žáčková_test','044 319 52 85','8315','Sehr geehrte Frau','Fortunastrasse 15','Dr. hc mult'),(219,'VHLVThWWKvdDqvS/WqZPzCaW1Ij84PPmgzBx1yNTaJE=','nFkyTAQB882pkWY5buKcbBmOgLmNU6nT5NW1rfpBZmM=','B1094035731',NULL,'Basel',NULL,'CH',NULL,'148@test.de',NULL,'Martin','A-704958241','Goldschmidt_test','061 659 19 61','4019','Sehr geehrter Herr','Breitenstrasse 13','Dr. hc mult'),(220,'B3/F9hfzCDeUafBD3ewU07iGvzyk0RHfaHZYUdePEcw=','NOHZVbnjIesnSus0fR+6BQKmMqAjiAN3IeM0q2t9KBw=','B-648625942',NULL,'Maischhausen',NULL,'CH',NULL,'156@test.de',NULL,'Bogusława','A-513066876','Zając_test','044 935 69 95','8357','Sehr geehrte Frau','Auerstrasse 75','Dr. hc mult'),(221,'OtZYQacOhBwj3IBUHPdv7BkwtR56dCMvNmMfO+e/5tg=','JR+d96jbdbd6i4OqIrRshblaInqxE4KpOrsB+md/aUo=','B-967585266',NULL,'Altdöbern',NULL,'DE',NULL,'149@test.de',NULL,'Bursuq','A1005393621','Srour_test','035434 78 41','3229','Sehr geehrter Herr','Amsinckstrasse 58','Dr. hc mult'),(222,'snSLzBSnj4znqLaRk6mT8YWVCMZ94FUB/RMEWBqU6+E=','Fvz2VCzwW7K7fbvVNQ5YUCp1VH6xYQDnPQmrEXViE+Q=','B178284268',NULL,'Rybnik',NULL,'PL',NULL,'138@test.de',NULL,'Baha\'','A-1192086457','Hajjar_test','53 919 46 17','44-200','Sehr geehrter Herr','ul. Drzymały Stanisława 58','Dr. hc mult'),(223,'sAsoERi+P5heyCBZfA53SsO9ZZKVllfU9xjVR8lhbn0=','gWhCtWQKfTzVdSd0GS6B4V7NFq6noCd6YU7UaUd0mtA=','B-206195876',NULL,'Hagestel',NULL,'CH',NULL,'136@test.de',NULL,'Gretchen','A-1762207311','Aponte_test','052 531 94 92','8523','Sehr geehrte Frau','Brucknerweg 44','Dr. hc mult'),(224,'F3drPYvY8lfp27SP9QZrS/N8ppTpBSOqRmbleuagbMY=','iLUvXmBkTyXrdNH1InlFD8OIkR3MdtJLFfHtjAHI3NM=','B389621053',NULL,'Düsseldorf Volmerswerth',NULL,'DE',NULL,'162@test.de',NULL,'Lukáš','A-1666526382','Vlach_test','0211 80 11 14','40221','Sehr geehrter Herr','Park Str. 70','Dr. hc mult'),(225,'DBezNtuyZBsRKH2DA/b8HfSKS0V74n2r8/Z0B/HFqtA=','ngTfDO2o6AOJVEiKg/d0KiVipDTQuiHK7Mzobds1NH4=','B614439336',NULL,'Maselheim',NULL,'DE',NULL,'156@test.de',NULL,'Michael','A-2125051928','Osterhagen_test','07351 04 47 24','88437','Sehr geehrter Herr','An der Schillingbrucke 55','Dr. hc mult'),(226,'sXT/Xotj7WoNu967GxO1GJXi30G8nZAdh2ZgPPecnfs=','ow1thwLyK8d6PacEseoaoynDKc25/NkY3wBN3dG/bCc=','B2118028261',NULL,'Białystok',NULL,'PL',NULL,'143@test.de',NULL,'Mario','A-1470568443','Bachmeier_test','67 410 87 82','15-213','Sehr geehrter Herr','ul. Mickiewicza Adama 36','Dr. hc mult'),(227,'64gNcOyF8S6SZxw1eHiGEJGA6cn5SIb193tLUrc+Kd8=','AIPKUP7kGL75HqjueBG4FX9GQ3YYKyuArLi5tcO7jwE=','B790195774',NULL,'Herrenhof',NULL,'CH',NULL,'158@test.de',NULL,'Nouel','A-968238566','Patel_test','052 964 11 18','8585','Sehr geehrter Herr','Rasenstrasse 132','Dr. hc mult'),(228,'C0AXIKnStPqW45Mk1fP7KyUCJbXzRmapeiDZV5SZSF0=','aEW+CdVJ+XOMDzh2SKdby92muAl3VO3jkCjuJOhep+E=','B1130351202',NULL,'Alt Madlitz',NULL,'DE',NULL,'144@test.de',NULL,'Lotye','A868458945','Desroches_test','033635 66 47','15518','Sehr geehrte Frau','Schmarjestrasse 66','Dr. hc mult'),(229,'YTphfu2vbHG0ZiBoCsPUwTmVBWCN4mP1Fy8AiwP68c0=','24UcfDICFPTIiopg/Hhs+ceXmq/pX0PctYxPjLOKgfE=','B907548162',NULL,'Bienenbüttel',NULL,'DE',NULL,'142@test.de',NULL,'Lucy','A1709917521','Burton_test','04137 86 39 43','29553','Sehr geehrte Frau','Inge Beisheim Platz 39','Dr. hc mult'),(230,'mE2pQdpPLTZ/gD25q9dIZP35cQPGhiTSatoJxWCma0I=','ZQHdH49gWzKKdivfKssa7XUi4Kb+A5QvyGPzLc1AQkw=','B-351589956',NULL,'Trimmis',NULL,'CH',NULL,'153@test.de',NULL,'Maslin','A-1701694773','Laboissonnière_test','081 889 52 42','7203','Sehr geehrter Herr','Via Franscini 78','Dr. hc mult'),(231,'zwHQjVLc9jWr/1BFernaybSWo+0/K/gLHev3sTRr7sQ=','MCl54jPRR5JKSxGc4xy/jxwq7TSzRUt6XtspXgwlJDI=','B-1234613342',NULL,'LA SEYNE-SUR-MER',NULL,'FR',NULL,'162@test.de',NULL,'Natalie','A-1297453685','Théberge_test','04.98.11.37.80','83500','Sehr geehrte Frau','1 rue du Clair Bocage','Dr. hc mult'),(232,'6Mx40c4rs0PAlrsJF4PJZlp9VJx/vXpgKa9KDdNOKk8=','gfSCnSQPAV8k8TKxAkaCHF3FCEPz+uanxOmbvocvgVs=','B1630573527',NULL,'Robenhausen',NULL,'CH',NULL,'149@test.de',NULL,'Taima\'','A-491622283','Antar_test','052 298 47 21','8620','Sehr geehrte Frau','Neubertbogen 51','Dr. hc mult'),(233,'Ltnh+P/2H8mlD7vZMSRWaGft5AGHhc5By1Dx6qGGUPQ=','4gaNn7UFfoMHHc24WFcSc1s7zoHFW3c/beYG20vU5Lw=','B-1790547697',NULL,'Grüt',NULL,'CH',NULL,'161@test.de',NULL,'Shawq','A-249136011','Naser_test','052 641 49 79','8624','Sehr geehrte Frau','Sondanella 54','Dr. hc mult'),(234,'4UcO6g5u1ULrPRFMCJ/3bnc9kjYe7uHfypyk9Um5t4M=','IvlFuyOEL2XPokgX0rInka/2n4wVjDZCGokjzAxGt5I=','B-892027897',NULL,'Bonn',NULL,'DE',NULL,'149@test.de',NULL,'Husain','A549900671','Maalouf_test','0228 50 01 20','53119','Sehr geehrter Herr','Straße der Pariser Kommune 63','Dr. hc mult'),(235,'2+Ucb6nD9R4G3+ChWb9HhUeMHhbQSXTFYjDu9VrY4qI=','CjGl59QMVbVbjAinSKrZW93sB/GAhps5xpdGR8nuOOQ=','B482726952',NULL,'Dallgow',NULL,'DE',NULL,'132@test.de',NULL,'Allan','A-1967447943','Cruz_test','033201 47 52','14624','Sehr geehrter Herr','Schmarjestrasse 4','Dr. hc mult'),(236,'qbE1XX8fusb7Itb5izgMY6/4FjOrycyJI2xT8n3PfXo=','60NcjwEVr66nGUKnTDJmCkfJPJ42VVftJvS/6wrLjOw=','B-766133015',NULL,'Poznań',NULL,'PL',NULL,'139@test.de',NULL,'Gemma','A705392314','Dubé_test','51 679 81 00','61-663','Sehr geehrte Frau','ul. Na Stoku 134','Dr. hc mult'),(237,'dSQKncIUDN+G7s2JJGMPQGwb15Cj2LVLeXwK/QgGp8w=','qVX7Qf+gLACQjUc8K+xoB+jvQU8ceq7QdUJnmRqaAYI=','B833225400',NULL,'BIARRITZ',NULL,'FR',NULL,'156@test.de',NULL,'John','A-2081146886','Rutter_test','05.74.07.12.29','64200','Sehr geehrter Herr','58 rue Marie de Médicis','Dr. hc mult'),(238,'SSZp3CfbW4s4kTV65z8r5LUUF3AH8L354oeTtmy7Gbg=','l/0ymyfQM6w2Gkcj3h4pif8exklWjbNAsTaDvHlHWnU=','B-621068432',NULL,'Degermoos',NULL,'CH',NULL,'152@test.de',NULL,'Ania','A-1208489490','Wieczorek_test','056 848 85 13','5426','Sehr geehrte Frau','Dreibündenstrasse 24','Dr. hc mult'),(239,'sUcnw34WqNjDMDxIlIvoIhCnqMOQailmRgh52mzeRyI=','Y9dUoC09p7J6DHvy54tjG7P+g75AdGOBYeihrfesDVQ=','B-762820190',NULL,'Chalais',NULL,'CH',NULL,'145@test.de',NULL,'Eugene','A1383754974','Limon_test','027 473 33 84','3966','Sehr geehrter Herr','Werkstrasse 27','Dr. hc mult'),(240,'cRTezYFu7NhUdh/bMlK5OMGO+6vxFl6dTVFPQlgvk2Q=','ai6rEloU3QWjP+m8yssEEmR5Fq6IcuS1xERGbq3Xh2o=','B-277250242',NULL,'Schwedt',NULL,'DE',NULL,'160@test.de',NULL,'Manuela','A-2049024259','Sanger_test','03332 52 75 81','16285','Sehr geehrte Frau','Landhausstraße 66','Dr. hc mult'),(241,'nlIogN1umbY2oRxqMRhNbjdLndHGjJx4TdaRT0VHr+o=','NaOE1PdAuKAPU4PQQWu2ytsaCoVLDIdHI4eheHFNZlA=','B-1187976358',NULL,'SENS',NULL,'FR',NULL,'151@test.de',NULL,'Dobromił','A-164658100','Sawicki_test','03.80.19.27.74','89100','Sehr geehrter Herr','61 avenue de Bouvines','Dr. hc mult'),(242,'/mj1UVV4IsXwt9ARe/1o4L/NZejr29xTVy5yayRHsLQ=','7qOJgNhiyaiwbFqpx3lhD1kdocfqi1o3D6H2uGXFtmM=','B28295220',NULL,'Łódź',NULL,'PL',NULL,'157@test.de',NULL,'Patrick','A1915077447','Maier_test','78 576 11 30','92-010','Sehr geehrter Herr','ul. Lawinowa 62','Dr. hc mult'),(243,'Hc+vbXb2AEVnrz+hC1nzfYd4WPj/2K+AVE0lSXbxb+k=','MGQmEPkkIoGqL22KPmsm2XS7a/+PQUJxzRTu9Q4GZ0U=','B400890263',NULL,'Warszawa',NULL,'PL',NULL,'136@test.de',NULL,'Avice','A-145135946','Garnier_test','78 125 77 49','04-863','Sehr geehrte Frau','ul. Wągrowiecka 84','Dr. hc mult'),(244,'c0ot0aDCFud+e7DlBqaZC4LzWTnCwG9Neno4czeNfPs=','YovFTj1+8AGh5bdAbjd5ku3iINtyn4MUoFgZGhJk5MI=','B-715126452',NULL,'MARSEILLE',NULL,'FR',NULL,'704@test.de',NULL,'Šárka','A1036015440','Štěpková_test','04.85.09.82.86','13010','Sehr geehrte Frau','23 cours Franklin Roosevelt','Dr. hc mult'),(245,'JJz3eGYqiw6NvniJ3E3gBppWWgsYzGptqcGocS1yyzs=','C51AZvJ2e5iqD8eGwbCVShE9soW+CAz9U6skN3sJxMo=','B729734726',NULL,'Engelberg',NULL,'CH',NULL,'151@test.de',NULL,'Dominika','A2082939929','Sedláčková_test','041 270 82 42','6390','Sehr geehrte Frau','Wingertweg 75','Dr. hc mult'),(246,'uD3HHPGYB4btv+iZBJSk8Yn3MgnD/viAeQWkf2lVY/Q=','KtB7hYe2hRUBXCkOTfNToJ1ndssuUtRCzcTEBH/WV4E=','B1831286949',NULL,'Kraków',NULL,'PL',NULL,'157@test.de',NULL,'Josef','A-77263200','Seidler_test','66 739 85 38','30-864','Sehr geehrter Herr','ul. Szastera Jana 141','Dr. hc mult'),(247,'zMHvIKb8HWzWhG+uTeXEk8RCN8fp1Rhv0JLKVoxMaFA=','/WhoQYea5KK4NmzkrsG/tkPkAX/uu8BIqWRYPdOXrmk=','B897195969',NULL,'VOIRON',NULL,'FR',NULL,'147@test.de',NULL,'Gaetane','A1791719555','Lachapelle_test','04.71.53.07.62','38500','Sehr geehrte Frau','38 Rue Bonnet','Dr. hc mult'),(248,'ElBcip/egfNbIizOvma7ZFSSKfCe/B+bH6Duicxb9qs=','43e+qvFk3pJNV2dOn2X2T3HcoE8CktCNM4XeId/Xbk4=','B366593247',NULL,'SAINT-MÉDARD-EN-JALLES',NULL,'FR',NULL,'154@test.de',NULL,'Muzzammil','A-1759702550','Maloof_test','05.91.66.21.22','33160','Sehr geehrter Herr','27 rue des Dunes','Dr. hc mult'),(249,'eEo96suEww7mOHVbjPjb7qiFFso+e+mGToy7i5vY+pI=','G2esqSM8zW3nLKh0UXogpuhDQqjJe9oaThFu9wxRYT8=','B1410151488',NULL,'Durchhausen',NULL,'DE',NULL,'142@test.de',NULL,'Cezar','A-1491299115','Kucharski_test','07464 43 21 03','78591','Sehr geehrter Herr','Eichendorffstr. 66','Dr. hc mult'),(250,'zGwReFHOzL3ZIEGTVsXIOtkBkfOLQdvPlOkvT8XFZj0=','kKiK0WXZ6gosQyJ5dJd3GVDlIus+ZmM/h0UXaJPLanI=','B-639975512',NULL,'Kissenbrück',NULL,'DE',NULL,'151@test.de',NULL,'Marceli','A1948565360','Jasiński_test','05337 08 01 05','38324','Sehr geehrter Herr','Pohlstrasse 90','Dr. hc mult'),(251,'/UN7z42DHiNkT8XRRCvmgOT8DIHfmXZL4+enYZ90MVU=','7TbBkt0iTL8VYuiE0fKAEaDX50OXxiq9d7YqBLBEK4s=','B1047705743',NULL,'Toruń',NULL,'PL',NULL,'160@test.de',NULL,'Maryam','A325136330','Safar_test','66 775 59 51','87-116','Sehr geehrte Frau','ul. Łyskowskiego 139','Dr. hc mult'),(252,'IRPQXnVbtmrEQjioEBnOfHYlCFNopqkA4TBmskG1SJA=','SaXLq6yJe/w587kLdzaqmsS7S1QmKs/J9erjwMsIfHk=','B-1320686185',NULL,'Düsseldorf Garath',NULL,'DE',NULL,'154@test.de',NULL,'Socorro','A-181285467','Galli_test','0211 08 92 81','40595','Sehr geehrte Frau','Friedrichstrasse 52','Dr. hc mult'),(253,'h4F1FuiUo6r1U2mxpHCPfqrYQnOHl2bICkHiDZEPDqo=','9cJt8q75Hw93FH4iMKYNgItsD07kR7zms7wYxIWHCTA=','B-1083335167',NULL,'TOULOUSE',NULL,'FR',NULL,'170@test.de',NULL,'Waseem','A2146378551','Shamoun_test','05.39.08.22.68','31500','Sehr geehrter Herr','85 quai Saint-Nicolas','Dr. hc mult'),(254,'tiAv/QysyGs/gHXu/UXc+BEKCebSO+i5w9X/cdm4NTs=','quT0PnHiBtKCioc5FR6hhxB3nY8F32BhOcSBrTXE+yE=','B-1238431944',NULL,'Le Villaret',NULL,'CH',NULL,'170@test.de',NULL,'Wacław','A-1071221741','Sokołowski_test','026 782 91 39','1634','Sehr geehrter Herr','Im Wingert 57','Dr. hc mult'),(255,'qOWYiZZXrJZv8wDAN2vWq1ZpXTUSLrsGvywBL2Z2zR0=','fm3vbOiScAht3pbBn9VCIE7pznxo13cF/CBsmVFgi9A=','B-1423203420',NULL,'Lungern',NULL,'CH',NULL,'149@test.de',NULL,'A\'mal','A348133780','Toma_test','041 747 19 92','6078','Sehr geehrte Frau','Obere Haltenstrasse 110','Dr. hc mult'),(256,'23c49134hr7rPJQd3kzuXuW8mEyL1sWvV/fXLvIXXD0=','yXjFuEgIXtePSqSzfErWso2QSlq5Evw+OQsUdF7+vM8=','B-626165913',NULL,'Vermol',NULL,'CH',NULL,'160@test.de',NULL,'Miyaz','A-1135362433','Seif_test','055 302 81 38','8886','Sehr geehrter Herr','Via Gabbietta 93','Dr. hc mult'),(257,'qP8irWwHEfHQq0ZyD7BF30/bVaz4qrMAYbxIMqE6+KA=','LBZIlcBGetkpLOqoAbFrlEyThYVPF5teWvFr2kXkJqI=','B1060744885',NULL,'Ennetbühl',NULL,'CH',NULL,'149@test.de',NULL,'Steffen','A-1352331334','Baumgartner_test','071 907 34 41','9651','Sehr geehrter Herr','Wingertweg 82','Dr. hc mult'),(258,'+oapDgpD1e4+/6YjSIZ7jxNvhhZ+i3yU4Cwn5tS10nA=','cXUS57rEmLUWR/wmY0cKeKFlvUJ14/7dKge6pZwVeD0=','B-1961022751',NULL,'PARIS',NULL,'FR',NULL,'413@test.de',NULL,'Eva','A-1746178486','Říhová_test','01.68.39.56.62','75010','Sehr geehrte Frau','66 Place de la Madeleine','Dr. hc mult'),(259,'ZwxkfkLlVrIKpFih/fnsN3aAHkvEShG+PTWBIO2VhR4=','vKCTovpMWiwnDks6Pf9XcdhVRuyAPPXDKsN6uo8wh3M=','B1317058134',NULL,'Collonge',NULL,'CH',NULL,'142@test.de',NULL,'Mahasin','A-418795794','Aswad_test','022 248 24 22','1245','Sehr geehrte Frau','Loorenstrasse 10','Dr. hc mult'),(260,'syTEp36hlFYIMu82xPdsWZlhvaFJEOeTBl0/1t6DIS4=','3Wx8u+R5DwpjbPcddFmj5jUWgXsabErsnXP+qjr3nRE=','B-1920580329',NULL,'Lohn',NULL,'CH',NULL,'144@test.de',NULL,'Halah','A543428121','Hajjar_test','081 365 31 97','7433','Sehr geehrte Frau','Betburweg 64','Dr. hc mult'),(261,'Q5Ytue6NmP0MZqrn4Av8dYBiH4jEihOia7UuDsxjqXw=','gTRrUht1xDNCqaSkNV2nOOHxBsV/XF3RC6KCaTWdSkU=','B930690686',NULL,'Gdańsk',NULL,'PL',NULL,'160@test.de',NULL,'Mirosława','A-473644259','Szczepańska_test','79 631 27 10','80-680','Sehr geehrte Frau','ul. Jachtowa 47','Dr. hc mult'),(262,'dW6DkrlL7+KrHgy+19xPM3SRkkfSTTWg2+r/66JJeuE=','5O4LwnnZI5hm38BUWhBfjdmzUpkQFhiiXPjNbs0mk+o=','B-1430860219',NULL,'Christinenthal',NULL,'DE',NULL,'149@test.de',NULL,'Susanne','A-526902344','Bellefeuille_test','04892 71 52 11','25593','Sehr geehrte Frau','Kastanienallee 2','Dr. hc mult'),(263,'SdbkiWVkvZNj4APvfQLiuZhO6XiaW/fYNYrvg/hAYzA=','4mf3UggFSe4uZlTPR0LhIi5TJMJcPM2bRCPRroCGlQM=','B-2094113232',NULL,'Ogens',NULL,'CH',NULL,'146@test.de',NULL,'Jessika','A1988317545','Hofmann_test','021 446 71 27','1045','Sehr geehrte Frau','Jakobstrasse 147','Dr. hc mult'),(264,'8/JiX4t7JkO2eqVp/lJK4Kr8MyLx3/Lob6WFosN2s6o=','xGTwTTpj9TaBEZpQYoJ3aK0HVRupB/b2tO+WIlzWdZo=','B-371282237',NULL,'VANVES',NULL,'FR',NULL,'141@test.de',NULL,'Kristie','A1620274235','Bryant_test','01.37.47.56.49','92170','Sehr geehrte Frau','8 boulevard d\'Alsace','Dr. hc mult'),(265,'Fbo5og/xv256OZHSJShmtYoAvjaFg5iQkXsqemeTpNc=','TjXhaXd6UXbksn/3KSDKPgBvTsdloOq3R4hY6CiFWdM=','B-1081512721',NULL,'Züberwangen',NULL,'CH',NULL,'157@test.de',NULL,'Robert','A665850596','Kaiser_test','071 569 73 39','9523','Sehr geehrter Herr','Strickstrasse 117','Dr. hc mult'),(266,'j8czO8ZLXiL7IwqQpHDT0cHmm0sYFQESuvs3+ttB5VU=','ptMMnfIcB/91jBrUMN77Xl74Y8RqgPJTZ/GRfbDiyJ0=','B-1499493477',NULL,'Alberswil',NULL,'CH',NULL,'148@test.de',NULL,'Pensee','A-1936707994','Despins_test','041 443 60 81','6248','Sehr geehrte Frau','Postfach 66','Dr. hc mult'),(267,'fMAQOmuf9ybnXX3KSJceQ4So6SYVAXuiYOX3d2L1yIc=','ww3hzjIPhEgAj1a6xYEoO/fIeNN5kJLuiaTl9uf05Lo=','B-235867280',NULL,'CERGY',NULL,'FR',NULL,'153@test.de',NULL,'Felicjan','A-1936631910','Sokołowski_test','01.12.54.26.50','95800','Sehr geehrter Herr','43 boulevard Albin Durand','Dr. hc mult'),(268,'g0w/5QBtDnlRtZ56sJv5CKYdHOasee39bKQTc9r2rFk=','W8zx27Q/rbHS3okaq8dcJAtgO/ozpS3MT3US2mWmnFw=','B-1603970981',NULL,'Szczecin',NULL,'PL',NULL,'171@test.de',NULL,'Tobias','A1423388494','Weiss_test','51 965 82 61','70-360','Sehr geehrter Herr','ul. Pocztowa 20','Dr. hc mult'),(269,'1hgfRhiB0yKJ+73eW95qMhItkFyzuV8nK+hmlRxlDKM=','UR/W/9flHfTsrzFVEFoiLxrnCEf4KJc7YdTNSa3bk6c=','B399436689',NULL,'DEUIL-LA-BARRE',NULL,'FR',NULL,'154@test.de',NULL,'Ghadir','A-1435265580','Shamon_test','01.55.82.19.27','95170','Sehr geehrte Frau','54 Cours Marechal-Joffre','Dr. hc mult'),(270,'yXMpLp0t2HP/34kQ3kywklMKXm8HqHQhFB7cWJmygzA=','Kv+/3LL6fCxSmtp/QnybwziUDJJTGoAbOUCEbx6ygho=','B2044047915',NULL,'Kraków',NULL,'PL',NULL,'154@test.de',NULL,'Max','A-1924315841','Mauer_test','53 508 44 73','30-321','Sehr geehrter Herr','ul. Do Groty 92','Dr. hc mult'),(271,'g4TRidiz3bFRiOM7BU9teMqMyPA1MQdfIw+nysHOJlM=','LG6GXn+7GzW8h3YdS5zFG9D1YXQyco/yvEl0+1popRk=','B-62137462',NULL,'St. Gallen',NULL,'CH',NULL,'132@test.de',NULL,'Agramant','A-1823004261','Carrière_test','071 293 63 10','9010','Sehr geehrter Herr','Via Pestariso 45','Dr. hc mult'),(272,'UQbwaB5vpkBndI2GtwdcDNH/uw+WgkOciSYarlvn5DQ=','aYKg2YVIPF40fUSrcwiHdPb46jq2UCKxKODnpfNrjec=','B1970362401',NULL,'Szczecin',NULL,'PL',NULL,'154@test.de',NULL,'Namo','A-1682832160','Lemaître_test','79 218 92 94','70-831','Sehr geehrter Herr','ul. Drukarska 114','Dr. hc mult'),(273,'Ub9ZPbjzljXSElzl9wPYYstIevbpjhVC6E5ef6oKNiE=','sy7Q1nfd8ieSKc/0o1h56zmKGJLPfTXzAABHvt84680=','B347895905',NULL,'Gdańsk',NULL,'PL',NULL,'149@test.de',NULL,'Jadwiga','A-1908668293','Król_test','79 687 13 54','80-831','Sehr geehrte Frau','ul. Lektykarska 140','Dr. hc mult'),(274,'RNleeMA5UaOAgV/CgXHHCd7R+NpeDZo9EmlkmFBsjPo=','Xs7aJTaM8kXXc74lhndR+U/SPhL3IQ4wC7TifUpyV/Y=','B-1570482989',NULL,'Brzeg',NULL,'PL',NULL,'157@test.de',NULL,'Marie','A758260885','Paulet_test','72 381 42 02','49-305','Sehr geehrte Frau','ul. Brzechwy 35','Dr. hc mult'),(275,'ITocsbTh10C5Q2CF+sh+xmVC0zMvs9/ERCklGKwcJdY=','IyPU6rWh6NPPC+yXiMdnulN6ruxg09rDMWmVjjWIil8=','B-1423803485',NULL,'MONTGERON',NULL,'FR',NULL,'158@test.de',NULL,'Sabrina','A-577868408','Kohler_test','01.58.11.33.67','91230','Sehr geehrte Frau','35 Rue de Verdun','Dr. hc mult'),(276,'+nZrwkYf/4y8Dh80m1bFGWSaEoeMVDXQpBDrl8jE6Yo=','beMEOqObVz9vXKdMRM9eY2vVkDblE1/6hXuMXv4gvFI=','B121023789',NULL,'Trittau',NULL,'DE',NULL,'152@test.de',NULL,'Karlotta','A691155492','Moreau_test','04154 10 71 14','22942','Sehr geehrte Frau','Gruenauer Strasse 24','Dr. hc mult'),(277,'BBDZ0HJbHnbND1ZnBbtLnb7+oWmtUduNjcfnvHE1nJI=','6ebNXGD9uO6U/d9RAugVnt9ODDRMWHt73EDinFZE/o0=','B-419913648',NULL,'Łódź',NULL,'PL',NULL,'150@test.de',NULL,'Julie','A-1394359898','Lopez_test','66 921 01 40','93-423','Sehr geehrte Frau','ul. Magdaleny 43','Dr. hc mult'),(278,'vqcIEV6uTm0EmOazpEc07G2zmuPyIY9QxDoo2BY2AMQ=','ZLss0P9kZsNGc/famU5Y0oracuHsJq85h3BL9gVxP/c=','B-1596413819',NULL,'Aetingen',NULL,'CH',NULL,'160@test.de',NULL,'Peter','A2119990938','Pfeifer_test','032 688 15 96','4587','Sehr geehrter Herr','Kappelergasse 28','Dr. hc mult'),(279,'YnBJ9HdmGVmJ8rPT7BT4H9WBxdky6yDH11bfYWoHWfQ=','2+hrKb0L/8Gh5qutiPALp04ycKQXxEmyyU5d/Tc4X6I=','B-74646762',NULL,'POINTE-À-PITRE',NULL,'FR',NULL,'154@test.de',NULL,'Leon','A2087142404','Neudorf_test','05.99.05.12.37','97110','Sehr geehrter Herr','15 rue de la Boétie','Dr. hc mult'),(280,'vUNcUTNnrS/l96UOE39cdyX9rqPUiN0+8Wt9Jha9Vgk=','qrWx2hnIfcpBBQTNsJgSUBBWd/GHmrO7BOYY3SrS37M=','B-1868364308',NULL,'Gravesano',NULL,'CH',NULL,'163@test.de',NULL,'Leon','A1917281391','Wexler_test','091 875 56 49','6929','Sehr geehrter Herr','Stradun 72','Dr. hc mult'),(281,'DkddMuI+bIO/znb8g0OXzbnjNBLnvOdrW07s3Yzz9+U=','rzU6/yRW5+66I9xZN9Vv7YMmrUrRlyV24SkcAWghsdE=','B397156802',NULL,'Duisburg',NULL,'DE',NULL,'164@test.de',NULL,'Macie','A-397789464','Watson_test','0203 20 72 76','47058','Sehr geehrte Frau','Jenaer Strasse 25','Dr. hc mult'),(282,'cxuzuKnFjJ2kEcrlEK9bnoZ6Oizy3KlqbITXzXVGMtI=','FcfAQFFp3D/ZEpKb2bh2NqHOUHmxyTMuDVRycWmP2mU=','B1955902151',NULL,'Gdańsk',NULL,'PL',NULL,'147@test.de',NULL,'Hubab','A1773620200','Kassis_test','66 437 92 00','80-114','Sehr geehrte Frau','ul. Ogińskiego Michała 17','Dr. hc mult'),(283,'net9jaSEwYPKlioD3dZWSTq4OngM+6P3BRHO587L26E=','G6vtU2OzoJa+GhoBFsoWpXKv+sUPFzkWjgXcqXuM+8Q=','B-2020420109',NULL,'Garching',NULL,'DE',NULL,'158@test.de',NULL,'Steffen','A1434686641','Klein_test','08623 82 18 34','84518','Sehr geehrter Herr','Kieler Strasse 64','Dr. hc mult'),(284,'NL7H5m5VIKRQYqmLoOUVVBMbUGMzTEtuMLqOYH7PcUM=','mjklVCzSjIQMkkB8/COVj70xfWcxH7OZR0ao0sMf+pE=','B1469896349',NULL,'Kriesbaumen',NULL,'CH',NULL,'155@test.de',NULL,'Sandra','A-237891140','Herzog_test','031 651 40 96','3157','Sehr geehrte Frau','Kronwiesenweg 107','Dr. hc mult'),(285,'5BWbjsINH9rbD4wGkrNXts9nyWnlLawv2ghauLsuQ/Q=','qY63zvw5UYAQX7AfGGubM7Oh6LlY/oWtioWxm5+gRyE=','B-1488771312',NULL,'NANTES',NULL,'FR',NULL,'157@test.de',NULL,'Michaela','A-2023255782','Puldová_test','02.47.84.23.68','44100','Sehr geehrte Frau','57 place Stanislas','Dr. hc mult'),(286,'scXv7zoH5VQCh9RU7PjPvKgPBs4NvA7Nv4jOh9Cn9ZU=','utdFZ9yXvkeqtJj5f5CHCy6/vy9PJJoiWKbjS6SFP3o=','B-1252440015',NULL,'Tarczyn',NULL,'PL',NULL,'154@test.de',NULL,'Riham','A1339012090','Hakimi_test','78 525 14 06','05-555','Sehr geehrte Frau','ul. Rynek 114','Dr. hc mult'),(287,'oyJk/B116MlxUuaeS5sNoXgJl+cgxqFIczAd32zNKjQ=','NJbVl5+LbuJ9fy/embtP3X5a5Kh7DReETxfK09LbXqk=','B-743096453',NULL,'Częstochowa',NULL,'PL',NULL,'154@test.de',NULL,'Marie','A-1688245573','McCall_test','69 286 15 24','42-202','Sehr geehrte Frau','ul. Artyleryjska 11','Dr. hc mult'),(288,'cUkU7bcZvqaoMkL8PP+FnBdce0lpMQ70KOnPhUfBxNM=','lNuurrI474aVJqtrAZYq9/Ov2WOHD2fhhxOA2IeKH+k=','B-761348141',NULL,'Schmitshausen',NULL,'DE',NULL,'144@test.de',NULL,'Juliane','A1326344489','Freytag_test','06375 57 49 41','66484','Sehr geehrte Frau','Hardenbergstraße 46','Dr. hc mult'),(289,'ModvUZH9eqR0GpN8jnCXOQr34dsJCxBQQPmw4ovShfk=','825SH/d/maUUR4xV9piyK3IfF4xHHmva8iWFEb+qD44=','B-64270074',NULL,'Warszawa',NULL,'PL',NULL,'153@test.de',NULL,'Gauthier','A1435390165','Racine_test','69 919 82 91','02-645','Sehr geehrter Herr','ul. Gandhiego Mahatmy 82','Dr. hc mult'),(290,'0Q76RfTqONlFum8ZZWKjjEIiN3Epbaj7f7WB/uU4Gq8=','2Bm6ucYDJJfxemYON7E7CZmYjaVpxpD2vUajGWXkdiw=','B-610182414',NULL,'Eisenhüttenstadt',NULL,'DE',NULL,'158@test.de',NULL,'Lakesha','A456033712','Ramos_test','03364 59 12 26','15871','Sehr geehrte Frau','Landhausstraße 44','Dr. hc mult'),(291,'UCQLGLTdB+VgxJdKIemRL+vAps1c9pcF2quE26TFhvo=','H9qG/ww9gMJq4CSYUvLoWCC7JabYN/z7anttUaYtSCY=','B-42773339',NULL,'Pfaffenried',NULL,'CH',NULL,'180@test.de',NULL,'Zuzana','A45637966','Zapletalová_test','031 534 28 29','3765','Sehr geehrte Frau','Vallerstrasse 50','Dr. hc mult'),(292,'F9pZ+Eb9JWJ0+O38l6kKOVdxZCI2RzGhMMh8Va7txlA=','wEjxcKc0T1AORLEHNkvM+j/rvvvmdaMEodpGud92PZw=','B1458128118',NULL,'Bern',NULL,'CH',NULL,'148@test.de',NULL,'Abdul-Badi','A-12790920','Salib_test','031 759 52 93','3010','Sehr geehrter Herr','Erlenweg 12','Dr. hc mult'),(293,'M4Si8Zl4R+vXovkmeJLqKPEbhUejm/MFE5XikYJu2CM=','iqVkZDQBlgLdWgbU1DLIW4c35NS90X0mBb3HbalzXBs=','B-1235709595',NULL,'Chorzów',NULL,'PL',NULL,'161@test.de',NULL,'Włodzisław','A-1249049862','Jabłoński_test','66 516 82 72','41-500','Sehr geehrter Herr','ul. Kopernika Mikołaja 28','Dr. hc mult'),(294,'3/UuT/tFbBp+EBWnQOwVA0aqJL6Ry3sdw+YawC93RJQ=','7eNvKvhymGpTTOll52ncsqi5j5AfMiq9Didjn3qGayc=','B581474636',NULL,'Asuel',NULL,'CH',NULL,'152@test.de',NULL,'Marie','A439893967','Klimešová_test','032 597 79 71','2954','Sehr geehrte Frau','Gartenhof 76','Dr. hc mult'),(295,'Cxr51WRdFEJwSUtlfULCfeoEQexb85fY1jDeP5iLNY4=','IxWf7pozQBLhL87LF/U+gGFAJpMUs/s7DChxrV7lrYY=','B573709981',NULL,'Łódź',NULL,'PL',NULL,'143@test.de',NULL,'Cammile','A264642587','Labrosse_test','69 624 72 07','91-458','Sehr geehrte Frau','ul. Stefana 132','Dr. hc mult'),(296,'df/Diftlgow3FzHOPaI6sD4hXeNc5GzHnyPuBtpz3FE=','oz5HVLZ10FwhR/sQAApkT7DacuiynR83woCcwnRki8k=','B1304744642',NULL,'Eisenach',NULL,'DE',NULL,'165@test.de',NULL,'Uta','A-693501041','Papst_test','03691 20 66 40','99805','Sehr geehrte Frau','Kantstraße 24','Dr. hc mult'),(297,'TCq810aJD+M7lkn7oeBB00kJIDL7KSavlQVdTmivfKo=','K4Y2r/9I5GAh9P/AVXbASJDziuyIWH96YmQe4H2Dbwc=','B-1952787102',NULL,'Hüswil',NULL,'CH',NULL,'150@test.de',NULL,'Jean','A-1633549013','Lachapelle_test','041 565 63 37','6152','Sehr geehrter Herr','Schuepisstrasse 13','Dr. hc mult'),(298,'2NWGm64Spv7j8XsiIpe8lskb2wE/zEnA3fHRg08AbtI=','u3Scd94nmJFSSXpxb41UoLeN2uES6oZF8df0/y6hdCQ=','B808934420',NULL,'Niederahr',NULL,'DE',NULL,'156@test.de',NULL,'Eric','A-187324033','Winkel_test','02602 27 47 21','56414','Sehr geehrter Herr','Stuttgarter Platz 81','Dr. hc mult'),(299,'IgND2l+D4pGBjmFLJVbajfzcw46Ob1ZV8M5GssReOOU=','5ZbGO8UjgYXO010T6nRKwx1jZF4e7nictj0c4fFDy8U=','B-1724750529',NULL,'BÉZIERS',NULL,'FR',NULL,'152@test.de',NULL,'Stephanie','A-1638537256','Eichmann_test','04.67.31.43.31','34500','Sehr geehrte Frau','36 rue Marie de Médicis','Dr. hc mult'),(300,'DJPagkawEr0uRY0WKIevIuQPd+bdU+sgsTlEHzGPl60=','Jkswjk91UlQICswSJXeDk1DFRAtvW9ey7gXgi4KilxI=','B-2071063099',NULL,'VALENCE',NULL,'FR',NULL,'155@test.de',NULL,'Włodzimierz','A-1619486984','Duda_test','04.02.94.66.88','26000','Sehr geehrter Herr','95 avenue de Provence','Dr. hc mult'),(301,'KESrQO4dOaNC9pGBFT29G5IvE88WjN9X91F7SIoNcB0=','RfhK1fzzh2amcbNwsXkdgGBGO9hBD5ANLvAJ8o0dyIo=','B135168037',NULL,'Schocherswil',NULL,'CH',NULL,'134@test.de',NULL,'Brier','A-2056037809','D\'Aubigné_test','052 654 87 41','8581','Sehr geehrte Frau','Pfaffacherweg 22','Dr. hc mult'),(302,'d+u+imPFWMrpQmXl1NOV7lrjRBwO09eakScV75phnpA=','Y67jyV2CaZmW+mwIpm8dXejF6CXKBrxU30Ca36KBk7s=','B1468917043',NULL,'Rzeszów',NULL,'PL',NULL,'141@test.de',NULL,'Jan','A-1738081589','Chudárek_test','69 678 81 26','35-205','Sehr geehrter Herr','ul. Wojciechowskiego Stanisława 122','Dr. hc mult'),(303,'/5XnQyUiLh9wUQqd/soxto7S4fgpKCV/2eTxMpq7rdQ=','fi5/ssU6E2vUpsdIxuASMJJAvdt//yy49RquSEarNvw=','B108941728',NULL,'Nürnberg',NULL,'DE',NULL,'146@test.de',NULL,'Grażyna','A1478176445','Kucharska_test','0911 79 32 29','90402','Sehr geehrte Frau','Kantstrasse 58','Dr. hc mult'),(304,'am11YHJdMHZRC/1gjdB6PTQZE24k5EfyHkSq8aKnAP0=','LQpG8uX/Cms7CFnWMzEtSXqpON6+swVdGNojlNV3lZo=','B679911653',NULL,'Warszawa',NULL,'PL',NULL,'153@test.de',NULL,'Lillie','A1993229922','Morris_test','53 123 84 60','03-987','Sehr geehrte Frau','ul. Kadetów 82','Dr. hc mult'),(305,'c1ZmW2V8J6FeKB5O6IkMx3XFTTalSEYfHo/+pMOxCRc=','ld46qNn5iSkttcdmL/Vx3zliVLk7/sWkXoJSLjPthdc=','B1831974219',NULL,'Trunkelsberg',NULL,'DE',NULL,'169@test.de',NULL,'Wajeeh','A-2021880046','Rahal_test','08331 20 40 35','87779','Sehr geehrter Herr','Ufnau Strasse 80','Dr. hc mult'),(306,'OrpNSn6oGjTMkGqE7MOYKTTSgMNMtXbFXvllNA/ozTo=','YyxwM6bAslJUmJF1A88aZxkkqeN4sRzXeWboL+PePAA=','B-569840089',NULL,'Koszalin',NULL,'PL',NULL,'130@test.de',NULL,'Amir','A46372132','Antoun_test','88 467 14 64','75-685','Sehr geehrter Herr','ul. Palmowa 36','Dr. hc mult'),(307,'+y2UupP1gzBUHkuXHDiydW5q0jzkFtc82FhzvTMNYrY=','Ka4IV8hhej44saMcNPXrtM9eMyCJc3Iz5HAwkU4xik0=','B1610145926',NULL,'Montenol',NULL,'CH',NULL,'151@test.de',NULL,'Rose','A617041159','Ennis_test','032 282 44 90','2884','Sehr geehrte Frau','Hauptstrasse 14','Dr. hc mult'),(308,'Uv6KfoDEf350+1jGbv0wOyMqCrXiNMJiPEhfeytPlyo=','WKokBE8fMpKfwTwL8gS5YI6Qq2qrej5rfKBu6sL7QFs=','B1688462297',NULL,'MONTAUBAN',NULL,'FR',NULL,'163@test.de',NULL,'Patricia','A1665574430','Smith_test','05.87.29.19.08','82000','Sehr geehrte Frau','51 rue Bonneterie','Dr. hc mult'),(309,'xu1BOw6HCfIZJRJn2Qp7up1sN+5Gd82D0krhlG7bNXo=','5+dz9uHM9bPVyrB48bqI6eOgvkibReLYy4wg7QfbqHw=','B-244812955',NULL,'Albligen',NULL,'CH',NULL,'142@test.de',NULL,'Anthony','A-878399902','McNair_test','031 518 76 56','3183','Sehr geehrter Herr','Postfach 36','Dr. hc mult'),(310,'l9WnF5qtNszvWq7TV3BWEAYDhqRwidjFij99fTEQCCY=','jgSfXZ2Uku/xwXbE6S2D2MBt7tlhaH+7ua1FIfciqrs=','B559515266',NULL,'PONTOISE',NULL,'FR',NULL,'155@test.de',NULL,'Tomáš','A1799900127','Grufík_test','03.77.08.73.14','95300','Sehr geehrter Herr','41 rue de Penthièvre','Dr. hc mult'),(311,'neU4f4BEfRiss2VLEYnnQh2laRyk+PagxVLAFBKr6yQ=','Di+Ya6We9WwNDq7o0Kb5mXWbzN/s4xLWyR2Xpl3AOBE=','B955852011',NULL,'Wrocław',NULL,'PL',NULL,'137@test.de',NULL,'Erich','A-1078314632','Dvořák_test','79 126 86 82','50-539','Sehr geehrter Herr','ul. Jabłeczna 35','Dr. hc mult'),(312,'GopvQM4sosisHvJ32Vc/SEg7hjaMepStDtyeD9v6cDY=','8sS3wE/3N35GphjcpzTFbys3RUSI5O/JueFNckHmWVM=','B1691775403',NULL,'Poznań',NULL,'PL',NULL,'142@test.de',NULL,'Helena','A1372419746','Fialová_test','51 588 96 58','60-189','Sehr geehrte Frau','ul. Bukowska 50','Dr. hc mult'),(313,'GHbNWnxSmokbjoO/9mDN5GMrVKAnEm4/UqTIjX8I4gY=','j00L2QKr0u4q2JYkdM9mcDMxhzRaOEaDMZ7qVUCdH0M=','B1358528119',NULL,'Buborn',NULL,'DE',NULL,'152@test.de',NULL,'Ralph','A-286374413','Fuerst_test','06382 74 06 05','67742','Sehr geehrter Herr','Hardenbergstraße 5','Dr. hc mult'),(314,'klDbuwlh0XP5RKrZjISNArWijWmdb9vCUoHgz6yylGM=','gE5mmApdtJfVbNC8oyvoeIdl4M8avz1L6VcmknhzHko=','B-529907094',NULL,'Szczecin',NULL,'PL',NULL,'130@test.de',NULL,'Ashley','A1731607730','Arnold_test','67 239 24 19','70-776','Sehr geehrter Herr','ul. Poległych 7','Dr. hc mult'),(315,'lqplUhQjPUMu+i0Jk7mzKzKdLA2kM49N3UMu+vVO7ho=','8eVUAHQNUFnx4Ptjtr/q/89f75kyda33Bof8l6+QJnU=','B203119230',NULL,'Langnau im Emmental',NULL,'CH',NULL,'143@test.de',NULL,'Musa','A-2023860779','Bitar_test','035 976 84 23','3550','Sehr geehrter Herr','Rosenweg 129','Dr. hc mult'),(316,'xMMSytIFICVC6aeFRWWYYEhlDawmZ0l1inqC5SMGtZo=','D+Zgsj4TM7omqDA7n8tocsAukqg2oAAVTK0Sy4nk3xc=','B-1216112836',NULL,'VÉLIZY-VILLACOUBLAY',NULL,'FR',NULL,'150@test.de',NULL,'František','A1749189898','Plecitý_test','01.68.86.05.73','78140','Sehr geehrter Herr','49 boulevard d\'Alsace','Dr. hc mult'),(317,'MWoRiqakcWHbtRbGY5+bDbk8W1HlXVSwJiEiYLdYHos=','hmJjbt5Ocgg2PJ/z8tqsXMVIh9uvVO514FUdKgbf0f4=','B-120710534',NULL,'AMIENS',NULL,'FR',NULL,'137@test.de',NULL,'Felicienne','A-2139915588','Coupart_test','03.21.34.85.54','80090','Sehr geehrte Frau','95 rue de Geneve','Dr. hc mult'),(318,'KUlfiiolg1Kbjz9La43dICKzkysquk0q3/pr4Y9nEH0=','O0yhd/drPCoy3p4eZTCDCPX42PVoBijDCdp4mHiFBVo=','B827046168',NULL,'Bissee',NULL,'DE',NULL,'165@test.de',NULL,'Zuzanna','A1290025019','Król_test','04322 43 90 80','24582','Sehr geehrte Frau','Budapester Strasse 14','Dr. hc mult'),(319,'ZWKCQmazFbJon303wMqQXwpggbhzyxQJ7tuzyCxg4Nc=','cvNmbDWuH/xBiwwzhvoHBUZI+e4kkJTT+4B8xGOjMGM=','B-969816031',NULL,'Lohheide',NULL,'DE',NULL,'170@test.de',NULL,'Simone','A1249987431','Weisz_test','05051 01 16 15','29303','Sehr geehrte Frau','Luckenwalder Strasse 34','Dr. hc mult'),(320,'ubKcxrinYrz+HqhvFJDjzKoAvulHWpWju6Zjnqz6dz4=','n0+80KaxCsZR5v+NzlA+ToIVXOgJPnImFZjOdpoc6RY=','B-1557446208',NULL,'BESANÇON',NULL,'FR',NULL,'149@test.de',NULL,'Aws','A1737038738','Tuma_test','03.89.38.19.96','25000','Sehr geehrter Herr','7 rue Jean Vilar','Dr. hc mult'),(321,'A6wdMVXV8+OwlTfiIcoGVgbLPt0V8rtmme39L3lQ3A8=','v5EziMNOl0hqRxk2/wfLu1FP2fYyYq3yzqQlxFC69mk=','B310285786',NULL,'Etiez',NULL,'CH',NULL,'155@test.de',NULL,'Yvonne','A69217656','Baumgartner_test','027 504 83 80','1941','Sehr geehrte Frau','Quadra 146','Dr. hc mult'),(322,'KzOQk+cEl4Cnb3q+LA5aQuLQ7cycDRKZS51Bg+Rvu1Q=','5w925Axbm0BujvhcCvu+EKQMP0EyD6Dz6rXweAPS1V8=','B-540912807',NULL,'Ebernhahn',NULL,'DE',NULL,'157@test.de',NULL,'Klaudia','A1199880825','Rutkowska_test','02623 97 69 39','56424','Sehr geehrte Frau','Storkower Strasse 48','Dr. hc mult'),(323,'A+25Vq+TnGWHA75M+GmyxgfKPqEUz17TueD3AhDoxsM=','FEjT9NWd0tLsBoIlJ4BtwxDL5I8lq2P8QpK2x2jOB58=','B-2004913556',NULL,'Churwalden',NULL,'CH',NULL,'166@test.de',NULL,'Luiza','A1346107259','Zając_test','081 911 27 77','7075','Sehr geehrte Frau','Loorenstrasse 149','Dr. hc mult'),(324,'HjANJcFPIXELmU5aiM+C6Q93z5/rbleExVuc+RSvCKQ=','A8eRBcPSgoI0iA5L9Ex9+f5phgntziL4hxI8bvQdkwc=','B192165182',NULL,'Warszawa/Wesoła',NULL,'PL',NULL,'151@test.de',NULL,'Rabab','A-1461386723','Essa_test','51 985 29 89','05-075','Sehr geehrte Frau','ul. Cicha 75','Dr. hc mult'),(325,'9G9WF9fD+2VkkCaJxZLgJCVdKiZ56+xpYMSz+zky5Ow=','U2+L12ex8XkJ392Nl7h9KZsXmMmyZ8G9SQUzM1PzmEM=','B1618322424',NULL,'Lublin',NULL,'PL',NULL,'160@test.de',NULL,'Théodore','A-1344524506','Lamarre_test','66 695 63 91','20-535','Sehr geehrter Herr','ul. Jana Pawła II 98','Dr. hc mult'),(326,'A9lN1xDDsN1i2HcnchACsQCFz2r0NJMF6elCuP0Q3rg=','zrHP7AUJ765Oxbb8h1HVWxeYRreCP6IW6zmLP77PG7k=','B156199440',NULL,'RIS-ORANGIS',NULL,'FR',NULL,'152@test.de',NULL,'Vlasta','A1132622673','Bojková_test','01.96.47.86.60','91130','Sehr geehrte Frau','20 rue Gustave Eiffel','Dr. hc mult'),(327,'jLvbZmWrqyzDrN8EF/+u+0woakBjs9hccmv+T0QreQs=','UuxpJpfXKY24ODHMHOPQtBmYd4Wkc1Y+DtlJHad0Vb4=','B1940299305',NULL,'Görlitz',NULL,'DE',NULL,'166@test.de',NULL,'Robert','A389769186','Thomas_test','03581 94 07 46','2807','Sehr geehrter Herr','Lietzensee-Ufer 64','Dr. hc mult'),(328,'FH7c19wUDABFYQGurH2V6uyR2Qmf6hSbHDunOopVJrc=','QG60ued59lgTE3r1Vn2fmouWn7Q3qc+fBJcb9i3RTCg=','B-300379375',NULL,'Kraków',NULL,'PL',NULL,'146@test.de',NULL,'Krzysztof','A482807473','Grabowski_test','67 467 46 29','31-572','Sehr geehrter Herr','ul. Dąbska 60','Dr. hc mult'),(329,'KC3o8cJInc1L8EeLMULfC4XNGZ4+BT56eUMr61vpHl4=','bp0VF5jPUV1G7o6tI/nWuGSYqGNuaNbqCkH9DSQl7IQ=','B674531241',NULL,'Möckmühl',NULL,'DE',NULL,'146@test.de',NULL,'Boris','A454526346','Pendergast_test','06298 65 29 03','74219','Sehr geehrter Herr','Grosse Praesidenten Str. 15','Dr. hc mult'),(330,'fd3DsAqSmg7v4SWAelb/+6pt5m3bWWv37i8NybHawFI=','N5S7i5I8YSoMc3z3Zss56AClGi4IOTIKR+Tqd03abEs=','B-858803022',NULL,'SIX-FOURS-LES-PLAGES',NULL,'FR',NULL,'159@test.de',NULL,'Ludmila','A431316746','Surovcová_test','04.98.44.80.41','83140','Sehr geehrte Frau','51 avenue Jules Ferry','Dr. hc mult'),(331,'GQM5nliWchw72RlZxyVOuI5TpH72IOO6zG1vKfBHmYA=','GfaiuKXE02bPINKeorJMuWvi2dijRhk/4ZOMECaxw8I=','B1341465302',NULL,'Łódź',NULL,'PL',NULL,'149@test.de',NULL,'Sarah','A1367140209','Berg_test','51 728 85 58','90-312','Sehr geehrte Frau','Pl. Zwycięstwa 26','Dr. hc mult'),(332,'Ag5ktHy1s8pMK7AofNqXYHwJQWd65Zq5YoqesSITr8U=','B96d6YR4m0CDHI2Favpp0me9txSj1I8rKBZcdGur2zY=','B1433186409',NULL,'Celle',NULL,'DE',NULL,'147@test.de',NULL,'Eric','A-1821686279','Nunez_test','05141 33 51 34','29229','Sehr geehrter Herr','Luckenwalder Strasse 21','Dr. hc mult'),(333,'1h1Rr1/8rgKxEa60sxhiAbpWoFv37sIEpeNuPtDWLfs=','7juqYUX1HmHl415eoSUILFj1d1DHJYQQyFRE0Dw+NGA=','B1610747317',NULL,'MEUDON',NULL,'FR',NULL,'172@test.de',NULL,'Radek','A1693106089','Zajac_test','01.33.97.25.98','92190','Sehr geehrter Herr','32 Rue St Ferréol','Dr. hc mult'),(334,'ibkqZo9odHEw2XPHnOHR1HC7uoS8wmwD8SDdhaEMvgM=','oPrVb7HohC4m/iF5fZLclyGhVvRqpGQ1mPkwTVXfI2Y=','B-855046200',NULL,'VAULX-EN-VELIN',NULL,'FR',NULL,'152@test.de',NULL,'Arkadiusz','A636645073','Wiśniewski_test','04.23.79.25.20','69120','Sehr geehrter Herr','88 boulevard d\'Alsace','Dr. hc mult'),(335,'8AkzZKHz3aGRnz9I737ZbaVKK+kyvQDh4pXYsyTuFRs=','Re3F9qNEVTd3yrmyThKuLj0pXet817wxHQw8AQulTNk=','B318278950',NULL,'VILLIERS-SUR-MARNE',NULL,'FR',NULL,'152@test.de',NULL,'Mariusz','A1909398146','Kowalski_test','01.10.72.40.49','94350','Sehr geehrter Herr','3 rue Marguerite','Dr. hc mult'),(336,'+r6QxezQ/mKyahVqPEKlzs7xNpDTXbpRt4rNEBNfF6E=','vM0hGAyInJQpdGBrj2FaFObarr6wNJjXoZ7JgcmPTZI=','B-612746037',NULL,'St Märgen',NULL,'DE',NULL,'145@test.de',NULL,'Lukas','A-2115335230','Eichel_test','07669 68 26 66','79274','Sehr geehrter Herr','Schönhauser Allee 61','Dr. hc mult'),(337,'FRatly/0KdncF/ROpbNZUTH1bc5R+duMUIqltVboagE=','LNX58gQPZia9aR4KZPZZ/fXA5aMWvZgFsSjR3n4cGs4=','B-191998119',NULL,'AJACCIO',NULL,'FR',NULL,'150@test.de',NULL,'Thabit','A-381855151','Bitar_test','04.41.89.97.42','20000','Sehr geehrter Herr','85 Chemin des Bateliers','Dr. hc mult'),(338,'VmVAFDwpDA5uD/PSESKDLkreaLAkrxd7k2KDw0CpZ3w=','gtQ6tB2RVBDNbbY3gOu5Kjp+9oB8QLTPlEX9yfoLsks=','B381772657',NULL,'BÉZIERS',NULL,'FR',NULL,'157@test.de',NULL,'Radomił','A-1011367626','Kaczmarek_test','04.14.23.40.76','34500','Sehr geehrter Herr','20 rue Marie de Médicis','Dr. hc mult'),(339,'p8x78LMeUtgtRItRw4KCtFyLakoi85IgpyTDdwhum5s=','fxmp9Xcrjv62MJwxXufhAhqUo+I3x+i8z4TBJ7hBbvM=','B-1786506880',NULL,'Oberiberg',NULL,'CH',NULL,'162@test.de',NULL,'Krzysztof','A-1196807310','Wieczorek_test','055 742 78 34','8843','Sehr geehrter Herr','Damunt 11','Dr. hc mult'),(340,'8fo28RmOGb27td3YbYcjQ1DNvsna9VtIfvk0jey/Kyg=','y+S6OrmAl469B8uCveapMm2IHbdWTeWtvbyLMA6r11w=','B2112469133',NULL,'Wrocław',NULL,'PL',NULL,'162@test.de',NULL,'Roslyn','A1755439998','Petit_test','53 483 99 67','51-170','Sehr geehrter Herr','ul. Torfowa 81','Dr. hc mult'),(341,'aCkX1lcLO/9KMrtVtB7FQDoMHCNR5RI5h99lmcFwDfk=','wwosznX3qJx0r9W0aGxnkoUsCPrm0pwBwq+/WfIEgMo=','B1112896709',NULL,'CHATOU',NULL,'FR',NULL,'137@test.de',NULL,'Athir','A2040804495','Haik_test','01.80.38.60.34','78400','Sehr geehrter Herr','97 rue du Gue Jacquet','Dr. hc mult'),(342,'Arb3ZfcdGGXvwoHkfQH18++ljxVI62oEjVp+okTWc4s=','rj3/ACBQf0M/tj4EEVbEJSwMbJigXlbwW40uiPiCnPQ=','B-1271311907',NULL,'Lublin',NULL,'PL',NULL,'149@test.de',NULL,'Anna','A32991917','Tylšarová_test','88 535 62 29','20-860','Sehr geehrte Frau','ul. Paderewskiego Ignacego Jana 83','Dr. hc mult'),(343,'be0cuzCz9W0koz40wSafKYKN+DdNky2GV2pDcIh3Dj0=','eWJbtFE0ahH/Bh9s0s0NwIrM/kUHeERZa9CRw/Ctirw=','B1217547902',NULL,'St. Gallen',NULL,'CH',NULL,'157@test.de',NULL,'Rasul','A238094113','Koury_test','071 223 94 89','9022','Sehr geehrter Herr','Via Pestariso 149','Dr. hc mult'),(344,'tvYlf6TvtY6ymYiJduqEvk4Z0Uyst0wH2C3Z6jQh/eU=','B45ZT9f0gFpjlGxIgzInn5Dpg9H3NfHT85b8F2+TPMo=','B-1875625125',NULL,'Warszawa',NULL,'PL',NULL,'147@test.de',NULL,'Lutfiyah','A-99532604','Gaber_test','60 672 96 28','00-172','Sehr geehrte Frau','ul. Dzika 137','Dr. hc mult'),(345,'smtxvhsVCjCU/mwLS8AGjGSrdgw4If3nZEXL7JELyXw=','pM2Um/I9tFJDEBgHOygydJRh3/Dx/kzHQqhOK8Ne6q4=','B-842346593',NULL,'BRIVE-LA-GAILLARDE',NULL,'FR',NULL,'157@test.de',NULL,'Jiří','A854201398','Schneider_test','05.00.44.88.29','19100','Sehr geehrter Herr','56 rue Grande Fusterie','Dr. hc mult'),(346,'yf+ar0tMbCqXaYsm9dh+I2CAWFDEy0wHcx+6x2vblQI=','LvC4AW5gZa5ExZqXOnSq9kNtlhHtIJHrXmneryqANuQ=','B-651979309',NULL,'Wrocław',NULL,'PL',NULL,'158@test.de',NULL,'Vincent','A1027788303','Hoover_test','79 924 33 02','50-344','Sehr geehrter Herr','ul. Sopocka 78','Dr. hc mult'),(347,'7ofAf9WA6SEU6JJrHPoEtGmD3n8TM6OYgmiBzNs7A+Q=','Fj1tr6xdReEm5JoOYtaW5rGAzypYEYvIuRbvK/Ww5tw=','B1521278832',NULL,'Beniwil',NULL,'CH',NULL,'139@test.de',NULL,'Christine','A527280501','Hoch_test','026 891 26 38','1715','Sehr geehrte Frau','Erlenweg 96','Dr. hc mult'),(348,'NNW00RqM5TeVxW1plpZAIF4Wbc9BMqt5HIw6VxlcBLk=','qNJc2SLfoNQzOZhPmDIRMZddTytNm0Haiw6s2VDCRLg=','B249006773',NULL,'FRANCONVILLE-LA-GARENNE',NULL,'FR',NULL,'146@test.de',NULL,'Harris','A596895693','Jones_test','01.34.27.99.95','95130','Sehr geehrter Herr','13 rue Isambard','Dr. hc mult'),(349,'PNSAGkjtkqqNjWXnHqYZh0z1voNOJ4iyzfBOIBk3KZU=','APdG2fH+C2/TKN7ECQf7K+stDmOIuMJFFEkskDoMzx0=','B-594057857',NULL,'Rechthalten',NULL,'CH',NULL,'428@test.de',NULL,'Lukáš','A1953774175','Šrámek_test','026 461 70 20','1718','Sehr geehrter Herr','Plattenstrasse 87','Dr. hc mult'),(350,'aCrdRYBU5tLempZY3nYDqX09pX1IoLKmk80yG8ONn6c=','FM91F27c9pkb5wIcLCl3LTUUEBQXDoPuA55VQfu0F+M=','B460597548',NULL,'Lublin',NULL,'PL',NULL,'165@test.de',NULL,'Zofia','A903382294','Kozłowska_test','53 929 80 55','20-406','Sehr geehrte Frau','ul. Gazowa 111','Dr. hc mult'),(351,'R1PEFyIZKoFqeCVOGVCGgz8tifMKnckBsVX+x/6MNW8=','ED8zGGMGpigkPSwicPxtRiATQh7I3UsITt3S/q4W7v8=','B-1966883113',NULL,'MAMOUDZOU',NULL,'FR',NULL,'150@test.de',NULL,'Lesława','A622492119','Jabłońska_test','02.19.02.97.96','97600','Sehr geehrte Frau','57 Rue de la Pompe','Dr. hc mult'),(352,'Xm13BQvGX4tZ2RpaVAZzLK/zeKgJPPR058stXW5fIoA=','56gU1kXBEJA8VXHMSUt35ITA/CqPmdAYzF7nyP+bMX4=','B1938194542',NULL,'Gdynia',NULL,'PL',NULL,'142@test.de',NULL,'Lisa','A596925945','Bland_test','72 616 60 39','81-549','Sehr geehrte Frau','ul. Leśna 79','Dr. hc mult'),(353,'htPDRksjHoTYSTPES8CZftj1sp+vmHnwIYL+U728J2g=','g4Ar3rM5i+hqVpP7gFZH5O1pLnGk+thwk6GixsTJeYc=','B-780873103',NULL,'Warszawa',NULL,'PL',NULL,'143@test.de',NULL,'Bruce','A854919139','Morgan_test','69 487 01 75','02-661','Sehr geehrter Herr','ul. Stwosza Wita 119','Dr. hc mult'),(354,'1hI/1q9XWZD/x6h1dbELIdF+hv6DVEZtsvjXFdG8ZWk=','cvIwz6Z5Wyh8ALy+MjxnvMRfW7IQ1lP2z+T9qLaMr2Q=','B-1633645739',NULL,'VILLEPINTE',NULL,'FR',NULL,'157@test.de',NULL,'Ra\'idah','A-1521035036','Koury_test','01.70.14.90.08','93420','Sehr geehrte Frau','31 place de Miremont','Dr. hc mult'),(355,'v8a0XhAB+0MeEc3W7/VMKkodO64U/mJatFIKwies4qA=','UizmVLoV1gIze59QQ77hNv3CBffq4t3l8sepTK0NfMw=','B-660702998',NULL,'FORBACH',NULL,'FR',NULL,'155@test.de',NULL,'Zdenek','A1921693620','Avare_test','03.36.11.88.16','57600','Sehr geehrter Herr','5 Boulevard de Normandie','Dr. hc mult'),(356,'WbqZY2oxc4bEz8SEhJJzX5Q4O6KnCasdLbVVprkg3Bc=','tv1bs8W7BQByAC93SsuzfMMgYJxzVK8gBDBrfjWSJzg=','B1871692079',NULL,'LIBOURNE',NULL,'FR',NULL,'167@test.de',NULL,'Will','A-350361016','Plain_test','05.57.40.54.82','33500','Sehr geehrter Herr','4 rue du Paillle en queue','Dr. hc mult'),(357,'df9NET0hsn13qhWq7tWSRzpFGPL8GkMBUzwoHA0A6Hw=','t37COR3cG9836Qr/yp2z7iBj9czJ7FAErv6mXn0wxbM=','B326052726',NULL,'Tangermünde',NULL,'DE',NULL,'165@test.de',NULL,'Pavel','A-601968157','Uhlíř_test','039322 75 95','39586','Sehr geehrter Herr','Feldstrasse 75','Dr. hc mult'),(358,'iBmTZSc8MGPGUBAiL3/ns2K0t3QVcg9fNLpN2a50j8M=','8emMVGdTM/mlhT0ux1+MEJqsVvv0HwHKn7ajKg77OnY=','B1881890769',NULL,'Attisholz',NULL,'CH',NULL,'162@test.de',NULL,'Krystyn','A1309985405','Wiśniewski_test','032 464 35 72','4533','Sehr geehrter Herr','Gartenhof 90','Dr. hc mult'),(359,'gd56e+DEd3I4AA19JAZCKDE2LMwn9ydnrXwj/Xkk7iQ=','bIYoBo39hoKf3+sJmTXEmjtxfV9MrAyYmBxDCnSNrVI=','B1582378516',NULL,'Isselbach',NULL,'DE',NULL,'143@test.de',NULL,'Landers','A1803810557','Cliche_test','06439 10 91 73','65558','Sehr geehrter Herr','Hollander Strasse 94','Dr. hc mult'),(360,'tRMdWhb/7uCF8+vGrav3FYHY9lynva0xJzyCouigVqQ=','TPiWE1wTYjymelfxtvsn7w1aevQP489IzHozJo1Qkpk=','B-1628126478',NULL,'GRASSE',NULL,'FR',NULL,'136@test.de',NULL,'Ganelon','A585999842','Archambault_test','04.28.84.06.08','6130','Sehr geehrter Herr','13 avenue Ferdinand de Lesseps','Dr. hc mult'),(361,'IFBrsd71xDbctntXGmstJgNLNQrAd7GGZCD7PiRmPpI=','QOBGp4IL8E7J99gW0uEizwWjnW+KlDglNa62ZJvrk5Q=','B-661149437',NULL,'TOULOUSE',NULL,'FR',NULL,'156@test.de',NULL,'Nikifor','A1162348097','Nowicki_test','05.77.83.69.71','31500','Sehr geehrter Herr','12 quai Saint-Nicolas','Dr. hc mult'),(362,'NZojOAcShG5ffDPsKMb4FzBs/X/Mh3gq9YPRoiFtCIY=','hwAwc+fmutcX+VXRgKF/SUC48n0lUWkQM+HKKF3z/xI=','B-1785373515',NULL,'Heustreu',NULL,'DE',NULL,'154@test.de',NULL,'Gary','A-60576952','Stern_test','09773 92 83 83','97618','Sehr geehrter Herr','Paul-Nevermann-Platz 30','Dr. hc mult'),(363,'WROhWYEjqEaVYTLSBFWS36FSw/c8fGZqRgCahLFQQv4=','gT5BlAGnnygBqqdK0qGjN9D05W843YWbEh1xGwqwK/Y=','B-513841805',NULL,'Neuenweg',NULL,'DE',NULL,'169@test.de',NULL,'Vladimir','A-937775961','Skopal_test','07673 91 21 66','79691','Sehr geehrter Herr','Schönhauser Allee 60','Dr. hc mult'),(364,'EVvRx87B2XaZk3hfohhiFFZNftEILkbmFm2DH2SMnz0=','KjRm8wAv9B/yTCSqNlxHDXVOzR6hKhtuIA9zgtzCMpg=','B1542136711',NULL,'Derendingen',NULL,'CH',NULL,'150@test.de',NULL,'Krzysztof','A1315249296','Kowalski_test','032 579 93 94','4551','Sehr geehrter Herr','Via Camischolas sura 88','Dr. hc mult'),(365,'Uug7fBYXXzWhW0uMkyCm92TqSlnjyOO2LKNy8B7ZO20=','wp9ufV5BHI0sDxWNyici480tuP0+sZhYobGseuuqsB8=','B1668424064',NULL,'Gdynia',NULL,'PL',NULL,'133@test.de',NULL,'Christina','A-1422573532','Bergman_test','60 383 53 43','81-603','Sehr geehrte Frau','ul. Kamrowskiego Jana 109','Dr. hc mult'),(366,'a4ncwEuBLBxwC9DFVyUNH5HDV1Wl5DPavEHJsFFy3zY=','bMTOLVyNQZqiSaoEYnu4DGVQi2CEPAmXb2wUXOUPyNk=','B1963821355',NULL,'Schönefeld',NULL,'DE',NULL,'142@test.de',NULL,'Amjad','A-130333294','Maroun_test','030 05 58 24','12529','Sehr geehrte Frau','Waßmannsdorfer Chaussee 75','Dr. hc mult'),(367,'jGH5STKb9xeK0EbmxrjMUYXJiOTbUQ2QoJ307T8y1yk=','20gqKAyCFVet5dD4sc20sNrm2JSBMERTlHc42KnH0YM=','B360099675',NULL,'Frauenberg',NULL,'DE',NULL,'142@test.de',NULL,'Aron','A501467948','McCormack_test','06787 22 36 39','82216','Sehr geehrter Herr','Meininger Strasse 18','Dr. hc mult'),(368,'Vaclg2qtBzdLxjYONTHC9MTEb7Qq89UYTJDlgv3ly58=','0nOBaNJlxbJjlskfmr49ZeraWtBQXVf8D79pF7jLNmQ=','B1472352018',NULL,'Lublin',NULL,'PL',NULL,'156@test.de',NULL,'Tomáš','A-1325368000','Holub_test','72 304 36 80','20-810','Sehr geehrter Herr','ul. Sempołowskiej Stefanii 14','Dr. hc mult'),(369,'3fkO5S7bmzAUlquipXGO5kvZ87zVd6Qo/+/jtEKE23c=','IVJJfHvOPx6NPUAZVQA5VVO6bpK+WH+HUTqY7sV7hic=','B564614089',NULL,'Beetzendorf',NULL,'DE',NULL,'161@test.de',NULL,'Vlastislav','A-1653150600','Krejčí_test','039000 57 42','38487','Sehr geehrter Herr','An der Alster 2','Dr. hc mult'),(370,'ehIAVZdOVG9JOXOKr5CWRmMzKRHb1c4pJdJf6Kpaq1w=','nJwfHtkDqSlGok1RtmkwmTPgfHizIYeaQ6+qCCkUgM8=','B1400556527',NULL,'Wöllstein',NULL,'DE',NULL,'65353@test.de',NULL,'Jan','A-200108790','﻿Horák_test','06703 09 84 03','55597','Sehr geehrter Herr','Guentzelstrasse 55','Dr. hc mult'),(371,'mMyhf5qopqXgZkWyvslBCqxtafh6e6ur+HpWZS1D3qo=','Wg+ShcBDlD3yi+uwtCB92o2wGwv8YJN9AAnlgoheW9I=','B501946321',NULL,'Dielkirchen',NULL,'DE',NULL,'155@test.de',NULL,'David','A2114809609','Weiss_test','06361 06 64 80','67811','Sehr geehrter Herr','Anhalter Strasse 68','Dr. hc mult'),(372,'DjW6x9zmuQ3al75Rr3SVIl2KHiqgobL+llC40Ryx0Lc=','NXQ1f+NeKDykqk06dHpInjHdpI91pK+1kEgdpLOVJIg=','B-2090371445',NULL,'Aalen Unterkochen',NULL,'DE',NULL,'152@test.de',NULL,'Ladislav','A-852338044','Lerch_test','07361 44 53 84','73432','Sehr geehrter Herr','An der Schillingbrucke 48','Dr. hc mult'),(373,'rAGcpVp9sYI/x0Bx3dFyb+W+BhjtyOz/V1YT8IE4sao=','A/7QYr5T+p1csz4omza729DmFcUUVQ5W6jaFlcxH3BI=','B-1580858959',NULL,'PARIS',NULL,'FR',NULL,'161@test.de',NULL,'Janet','A-871309717','Wilkins_test','01.73.89.24.56','75020','Sehr geehrte Frau','42 Faubourg Saint Honoré','Dr. hc mult'),(374,'afBhlVodvHm8wN3CGlYSOF76OyPsycy6obZ1qNsIyoc=','Zh872VkXyvWgZwZzRksReDnRwCN3c9ukgsgrg46C3eU=','B-1682388523',NULL,'PARIS',NULL,'FR',NULL,'131@test.de',NULL,'Bayard','A-1679356090','Adler_test','01.57.88.58.21','75003','Sehr geehrter Herr','76 rue Nationale','Dr. hc mult'),(375,'MaF8X4g4MtAI0YcXKYwfaVdKa2x6+lQeMrOqy9AiL34=','XIg1KpRFfwjWFpJvTy09jWMdSEjJ/vjD2wttJH0XR7U=','B-1772132079',NULL,'Bannwil',NULL,'CH',NULL,'137@test.de',NULL,'Gerald','A-1741644994','Braden_test','062 308 51 48','4913','Sehr geehrter Herr','Wiesenstrasse 31','Dr. hc mult'),(376,'nxRcX9B+KP3ODloUk6ZUb0t7uRRLvpHnDtdwMIkfFk4=','7GMX8VQSCMKxV8uOYqhe8KeeoAMSYFlQ8jsPXYwLzjM=','B520214076',NULL,'Ruda Śląska',NULL,'PL',NULL,'152@test.de',NULL,'Marie','A-1916339436','Kirsch_test','66 380 38 73','41-711','Sehr geehrte Frau','ul. Grottgera Artura 82','Dr. hc mult'),(377,'BysgUbsRiZ3fsTtuRjZte1wQYTxSuhV5CMvMIWoyhc8=','l2tt9ogDeC5pE9cXf0P5u95KuZo+8bU3EVM1/S4aeN0=','B-2061706629',NULL,'Büschikon',NULL,'CH',NULL,'140@test.de',NULL,'Kazimiera','A307966962','Adamska_test','056 430 54 17','5522','Sehr geehrte Frau','Lichtmattstrasse 140','Dr. hc mult'),(378,'TJfG6shmsfzEx7xqb1FVqq6SwhtFg1XNUEMRUfGIXtk=','PwHmTzXSakI0oWXS/Mq+meU0+PCJWWGHgZWZBPtnVn0=','B-2078141375',NULL,'BORDEAUX',NULL,'FR',NULL,'162@test.de',NULL,'Raymond','A-2051769283','Pipes_test','05.75.61.01.94','33800','Sehr geehrter Herr','93 cours Jean Jaures','Dr. hc mult'),(379,'qKbH3ta+EjrX3k/68Uv8aCI/1J9BJXBtzITpFqOArOU=','lr1ki9FjnGvliEZTScghMZ3S5YoQoqNv3QMfB9P6t5M=','B1313029641',NULL,'BELFORT',NULL,'FR',NULL,'155@test.de',NULL,'Manar','A971900369','Naser_test','03.53.91.76.65','90000','Sehr geehrte Frau','25 rue Jean Vilar','Dr. hc mult'),(380,'eNBK6IBIp8OjkW7w/ve+H9rNNyvmURmisqpP77gQ5tg=','KDOZAY5wTWse3HbOD+KsYCXnxb9AueQGf5/DwREApzY=','B2103528519',NULL,'Grengiols',NULL,'CH',NULL,'150@test.de',NULL,'Klaus','A1831942727','Kuester_test','027 624 18 45','3993','Sehr geehrter Herr','Stradun 131','Dr. hc mult'),(381,'bQHIimTUufUvCNjpNYutMlQSAvkOmRnU0m7xYb7JiZQ=','wz3iRPNdUUCvN/4qtnw6JXyH12aC0KK3BAg2ac4PclU=','B1777808735',NULL,'Bern',NULL,'CH',NULL,'131@test.de',NULL,'Alice','A-967873982','Bériault_test','031 621 18 90','3015','Sehr geehrte Frau','Erlenweg 133','Dr. hc mult'),(382,'TZFF7TEUk31wcLeZB143J0eGW4iRmukjUdlBqkgtsbg=','wBiWt7Da6L0+nnSZsTKh226it6oStHQoiJn/iCVmzqU=','B1891739565',NULL,'AUCH',NULL,'FR',NULL,'156@test.de',NULL,'Radek','A1793023692','Janeček_test','05.61.07.51.80','32000','Sehr geehrter Herr','22 rue Sadi Carnot','Dr. hc mult'),(383,'duMJDU3/OUV/A4e61vhOuBpw7gDGBb5KWhRZa5s8oJ8=','COQUMsbGgbTTwUKn1yCEdVb6P2nRyeQWiEjEwpUpACw=','B-300882725',NULL,'PLAISIR',NULL,'FR',NULL,'144@test.de',NULL,'Demi','A866645067','Laux_test','01.36.50.89.45','78370','Sehr geehrte Frau','14 rue de la Boétie','Dr. hc mult'),(384,'KszqfRQfuzWEWzSZ8rIAQyAWm5RGEqmo4yXPk3MObOs=','sl0+s7BRcreE9YifTaCo9JLo2UWS7swH6+FTVeBarn8=','B624508702',NULL,'Olsztyn',NULL,'PL',NULL,'140@test.de',NULL,'Amadeusz','A946010270','Król_test','53 260 60 95','10-941','Sehr geehrter Herr','ul. Zientary Malewskiej Marii 40','Dr. hc mult'),(385,'uvaPE7qZdWhOpoj8h7kYr4sPAMLsi30/zEbcbvewoOY=','JljHdZf7aW5PZ/1nkhhX07QAQ4q5CbYBeEs3Po0Ak+Y=','B1237752843',NULL,'SAINT-CLOUD',NULL,'FR',NULL,'138@test.de',NULL,'Fortun','A1202946647','D\'Aoust_test','01.65.29.97.53','92210','Sehr geehrter Herr','49 rue des Nations Unies','Dr. hc mult'),(386,'Jdip97HAK891Z840pkOX6EUS0cfabIF5P+pESfIwGp4=','xClvFCJZsjiNP0omCrftOaszbVIy69AOOX93C6tjZDk=','B566606375',NULL,'VILLENAVE-D\'ORNON',NULL,'FR',NULL,'143@test.de',NULL,'Catherine','A1079242033','Labbé_test','05.66.69.31.14','33140','Sehr geehrte Frau','34 Place Charles de Gaulle','Dr. hc mult'),(387,'O+NT2xi7/zPmn8HVljMKGgO8F94VpAzvArFsvcTgcZg=','J/6Ah7GRDxN3dyN1Ll+kHpH0/SVcZNuq+/+XwZJ52Mg=','B-260763297',NULL,'Othmarsingen',NULL,'CH',NULL,'162@test.de',NULL,'Thabit','A-1561647047','Naifeh_test','056 550 26 38','5504','Sehr geehrter Herr','Valéestrasse 101','Dr. hc mult'),(388,'crxmuARPbH5Dp+UlAqvDMntg3UulNBLfrNHxG9aTZ98=','vbQbpRK1loGcSxzsQ7cTfFXKOYuJdlJr8AQIWcUs8uc=','B2137117705',NULL,'Łódź',NULL,'PL',NULL,'157@test.de',NULL,'Franziska','A1561533498','Walter_test','66 740 41 43','90-640','Sehr geehrte Frau','ul. Struga Andrzeja 19','Dr. hc mult'),(389,'k40zvChIIIu0xDVGWigkONCwmPkxmeD7eZjZjuJGYAg=','+26U62EBqXCmbk0mcBzffE4MrRxs9nYWIZ6Al3EfxZE=','B-301783777',NULL,'Lublin',NULL,'PL',NULL,'133@test.de',NULL,'Arridano','A114636144','de Launay_test','51 446 95 76','20-064','Sehr geehrter Herr','ul. Prusa Bolesława 56','Dr. hc mult'),(390,'IyubwZpNQBLfY6BUzH/k+MxtynAtILljCGDmlyV+rgc=','4mF0S+g+Cht2OR0xiT8CJ6fmiRUxgq6RcSq70FtNAsQ=','B1460525520',NULL,'Ponte Capriasca',NULL,'CH',NULL,'151@test.de',NULL,'Dorota','A-111437421','Sokołowski_test','091 237 71 11','6946','Sehr geehrter Herr','Avenue d\'Ouchy 26','Dr. hc mult'),(391,'3g7U3q/yVsNapDIkDEGZoXVFseLaCcJcg76XnoL0Z8g=','ukuoTkmTNxCaUJVoHv0Onqx92sA4Vi/GQWKoKVmkfCU=','B-1261805666',NULL,'MEAUX',NULL,'FR',NULL,'155@test.de',NULL,'Marcelina','A1666767788','Nowakowska_test','01.35.12.33.24','77100','Sehr geehrte Frau','6 Quai des Belges','Dr. hc mult'),(392,'F2LCZYJH/o7cvXgo2aycx32qSQQwxJMmUY62fAWUGJk=','AENsvDnFQa3n0eLZpfPgIQDRjDc0X3158r2HxHgJAFk=','B781809059',NULL,'Białystok',NULL,'PL',NULL,'143@test.de',NULL,'Miroslav','A227746145','Bařina_test','69 445 86 61','15-630','Sehr geehrter Herr','ul. Pajewska 141','Dr. hc mult'),(393,'S6QWdxP15QqQZvdzyqlKR19K9ozYnQRITnQxhapPsW8=','OCYOu2sfTf83AIXbd3jREQrV2qJIyxtcj5Sk8NXTAS4=','B-305357136',NULL,'Dörrenbach',NULL,'DE',NULL,'161@test.de',NULL,'Tina','A-1094239856','Medley_test','06343 74 86 61','76889','Sehr geehrte Frau','Brandenburgische Strasse 12','Dr. hc mult'),(394,'msazU8lSmIHvmfqtO2EiWfYLy4KPUd3xFAo/wkhUUIQ=','BZpypd8xnmeXqjbY47hU1i2VHJWraAlihU6LJn7QmCg=','B317610846',NULL,'Wrocław',NULL,'PL',NULL,'155@test.de',NULL,'Odelette','A2137729656','Lamarre_test','51 177 89 26','53-660','Sehr geehrte Frau','ul. Sokolnicza 53','Dr. hc mult'),(395,'WA7jazDqO4tSGsyP5HSxH2MXh/nULHgCIoJ2WmTHfVU=','6eySmWTrse3/m4CgCggSqyKEu5CXcX6jHDQR9ACpBmA=','B-208492968',NULL,'Soulce',NULL,'CH',NULL,'145@test.de',NULL,'Leah','A-282866246','Eichmann_test','032 570 58 35','2864','Sehr geehrte Frau','Via Altisio 29','Dr. hc mult'),(396,'XBMec3mV49nIXqVbB6W08FOhyL6EXSuuc6aJxOSEMfY=','guL+BjLvZoHcEPY59a85AoOvRCAORHHqnBgvCknfVV4=','B-2105496995',NULL,'Lublin',NULL,'PL',NULL,'145@test.de',NULL,'Jodie','A-426362115','Gress_test','69 946 12 34','20-442','Sehr geehrte Frau','ul. Szymonowica Szymona 150','Dr. hc mult'),(397,'DTRJ+Jwb3WtYppjC6hn6J2Rpbg6K2NMNRFkswMk4l44=','Ya6XlJdAjRDn0pvg6+J6v0xEWTgPZxOv1CpuNyAd5FQ=','B496404678',NULL,'Gdańsk',NULL,'PL',NULL,'162@test.de',NULL,'Ondřej','A1800574463','Sikora_test','88 316 95 83','80-306','Sehr geehrter Herr','ul. Kurzyńskiego Ignacego 4','Dr. hc mult'),(398,'yX+LPvIHZcE4dCEZy8P5vEtVyck7g/itK6iAVgolpWw=','0GF4x/5dcOgiuIHEYky8agvXIYTmZ8LAlkUmuLBUQNA=','B260249754',NULL,'Radom',NULL,'PL',NULL,'149@test.de',NULL,'Andrzej','A-1351916724','Tomaszewski_test','79 520 12 55','26-610','Sehr geehrter Herr','ul. Beliny Prażmowskiego 15','Dr. hc mult'),(399,'IHner1DSzHRoKnyHct2KRi5NOpHasD1ga+Dz50Fh0cs=','dbwqjy+6MtcZStxZaSll7mOT4Q5/p+RAeXSJSDadWk4=','B-1999103617',NULL,'Wrocław',NULL,'PL',NULL,'161@test.de',NULL,'Mathias','A1215454970','Trommler_test','66 274 12 01','54-609','Sehr geehrter Herr','ul. Szarskiego Kazimierza Witalisa 110','Dr. hc mult'),(400,'uUUvVF3aoTQq3IhQhDxDFvku7VbKoXBlsAQJ5wwANP8=','BaaMjHGFSTXDXRE9fkyGLu6aaJ3KF8QMAQBWgBjAkts=','B885668602',NULL,'Wrocław',NULL,'PL',NULL,'172@test.de',NULL,'Zelda','A764150556','Robinson_test','72 489 05 75','54-153','Sehr geehrte Frau','ul. Celtycka 126','Dr. hc mult'),(401,'ckEdvzrNAct+IC2aORYFup9oGo/+aDTcEZWuWGTiQbA=','drfXnyGdx/RO3wk5t/VEuPXuj3/fAmFKw9iIfUijqTk=','B2036916189',NULL,'Gdynia',NULL,'PL',NULL,'150@test.de',NULL,'Ralf','A-1760688184','Drechsler_test','60 106 78 47','81-353','Sehr geehrter Herr','ul. Władysława IV 126','Dr. hc mult'),(402,'0/8m5VvTu3sgcjMqUIIE+i907c7JV6RhauQf+7/liQU=','bYWOTnX4WNfYGfyiNku8ETn2J6bAxg/fjK7S2otpRrs=','B1261141731',NULL,'CONCARNEAU',NULL,'FR',NULL,'146@test.de',NULL,'Eleanor','A-79807263','McKinney_test','02.16.98.58.49','29900','Sehr geehrte Frau','50 rue Victor Hugo','Dr. hc mult'),(403,'Z9u4FCBkz4NRQni04yeg6TguS/WL/+lDzuPbSF3BHYU=','pMR/jH2SN1kwwG1ALLxDwXODAdJm2xjdAaHRsD/tUyk=','B1537227962',NULL,'Bad Ragaz',NULL,'CH',NULL,'169@test.de',NULL,'Virginia','A-1657291252','Smith_test','081 642 63 33','7310','Sehr geehrte Frau','Zürichstrasse 34','Dr. hc mult'),(404,'O3bmAEoYYDwec/akv9IKqmeD/zVCL9GetNLEKHs9TaA=','usu8IY6NXvHYglGHC5YNQOJq2tmKKKTOHXU/As0nYlw=','B-992368367',NULL,'Wrocław',NULL,'PL',NULL,'143@test.de',NULL,'Michal','A812694385','Březina_test','60 292 79 24','54-403','Sehr geehrter Herr','ul. Holenderska 57','Dr. hc mult'),(405,'AHU4t8RsFM8364ULswGb+EkNxzQDGO5JGkSdPqUWMaw=','sM8GZ4/wBc72dOm8exdhoJSeSi3Sr/2bBRAr9HzVlQM=','B1501542248',NULL,'NOISY-LE-GRAND',NULL,'FR',NULL,'143@test.de',NULL,'Eugeniusz','A-95586759','Jabłoński_test','01.67.35.52.04','93160','Sehr geehrter Herr','80 boulevard de Prague','Dr. hc mult'),(406,'w3HAnRNcTbTZJWISId4UmpLhPRXWw5Pith27J+IOGpQ=','kymjlK14leodaST2oZFD/ajQ7L7Vfz50OIEU5zWikaU=','B-905318998',NULL,'München',NULL,'DE',NULL,'141@test.de',NULL,'Kristin','A-1534939670','Bohm_test','089 84 64 81','81203','Sehr geehrte Frau','Rhinstrasse 12','Dr. hc mult'),(407,'dg7opQuCxAmRxqn2QXjsDGS5QYVcH63pE2vWiT5kvQY=','n2Kh6PNwdHTT8WAYGk1Qs2fq4x7byP61e+3ADEsOw0c=','B618309091',NULL,'SOTTEVILLE-LÈS-ROUEN',NULL,'FR',NULL,'154@test.de',NULL,'Sebastian','A928392207','Gersten_test','02.16.77.94.02','76300','Sehr geehrter Herr','46 avenue Jules Ferry','Dr. hc mult'),(408,'61we2M1o3c2OvvUnsxFkXe87PGyASRH9mpdi/R7u/nk=','+zJQJOsAHjaeXxTskOhymc6vOw/LoozAgMtFUn5M+JM=','B1397355919',NULL,'MELUN',NULL,'FR',NULL,'142@test.de',NULL,'Mubin','A-902488623','Amari_test','01.58.24.72.50','77000','Sehr geehrter Herr','8 rue Reine Elisabeth','Dr. hc mult'),(409,'BWf8GAu1YhtOdV2/256BuhQfHoa/4R6LVGWC10xXFWk=','rl8OjopJziog8W0oyM2WB8EyMWDVk9r7e6ugJ+gZLro=','B810787913',NULL,'Lauenburg',NULL,'DE',NULL,'136@test.de',NULL,'Abdul-Wajid','A131823461','Guirguis_test','04153 97 84 42','21470','Sehr geehrter Herr','Gruenauer Strasse 7','Dr. hc mult'),(410,'QsulUXKgvPmO9RmCDiUFPVe4fVM6QbzlY4Wu2P79Fx4=','O8uLZJJHXYixU5pIJ+KCvx5VMFEkpGgaQi0/ZOPU8RI=','B-878680844',NULL,'Wrocław',NULL,'PL',NULL,'151@test.de',NULL,'Paige','A1675166590','Gendron_test','78 631 82 98','50-114','Sehr geehrte Frau','ul. Odrzańska 102','Dr. hc mult'),(411,'L8eq2YAEHSr3vE+yB2GLzBtIVzQtDcFB77inPaRlDXs=','6+4F0t0kfoLsXdzuNGotO04VeZktGsCMm10WBUl5m18=','B-76181623',NULL,'Rzeszów',NULL,'PL',NULL,'153@test.de',NULL,'Sarah','A-216260311','Fink_test','53 681 36 15','35-231','Sehr geehrte Frau','ul. Równa 3','Dr. hc mult'),(412,'6Y1fumqjA97euSAE2SN6A8jFdUocfeD24aWRLdy2IKg=','j1Q6s3FOljTv8XLUCl0XkQGymtsnm/1nhg48+qLW42o=','B-736708814',NULL,'Remscheid Innen',NULL,'DE',NULL,'140@test.de',NULL,'Eugène','A-1860191048','Goguen_test','02191 38 90 24','42853','Sehr geehrter Herr','Fischerinsel 17','Dr. hc mult'),(413,'CNAHInf+O6Yl2NI62JP5kKx9GfghaQNRpmAYYann/vw=','YraLmrsoQslXCq8NONjxLm6ff/e7y8hdeL+ZJRCO/Q8=','B676656987',NULL,'Tarnowskie Góry',NULL,'PL',NULL,'162@test.de',NULL,'Wisław','A-256973659','Kalinowski_test','67 793 70 40','42-605','Sehr geehrter Herr','ul. Plater Emili 121','Dr. hc mult'),(414,'LOoxJQQJVWljZzbGi1sFaQOAOY7MbSFpUmDhUIUZYH4=','UnQMws0JONRnnBGYvRjhrhJ2nKwVfGIaLAaXx+yopPQ=','B-1125874725',NULL,'Winnert',NULL,'DE',NULL,'143@test.de',NULL,'Matthias','A-1238775397','Bürger_test','04845 31 95 64','25887','Sehr geehrter Herr','An Der Urania 77','Dr. hc mult'),(415,'lydyJg3IdH9Gwokp+I0exzpeE+iwGDAHdoxYtMbHYjc=','Y9X8h85bucLckhPIs3bSjxGhF+f0MOngWk7238OYacE=','B-696108177',NULL,'MARSEILLE',NULL,'FR',NULL,'138@test.de',NULL,'Izz al Din','A-428934909','Awad_test','04.03.16.09.34','13008','Sehr geehrter Herr','32 cours Franklin Roosevelt','Dr. hc mult'),(416,'ulcgcrZ9Ti+3wdtHcf+21Ukl+W7kSsB4YHUIkSgGdc8=','ae7GxrtZcMcdJUMDCrMEho53pMUSo9xdavNag7WE8RA=','B-882802417',NULL,'LE CANNET',NULL,'FR',NULL,'157@test.de',NULL,'Milan','A-1094061118','Pokorný_test','04.16.40.76.25','6110','Sehr geehrter Herr','22 boulevard Aristide Briand','Dr. hc mult'),(417,'xjWrObETtqruQef++F8DtjLMw+8rPYM2w/wQMDcBbwQ=','x8mvnqqpsvpN0VVHpUAlUdPTYUEaSytSUee6539XgwY=','B-1226586135',NULL,'Rohr',NULL,'CH',NULL,'141@test.de',NULL,'Bill','A-603029741','Kemp_test','062 241 41 35','5032','Sehr geehrter Herr','Neubertbogen 91','Dr. hc mult'),(418,'FZZ3sTjZ3BQmm9f3e0FLz6OA8uO52iceMIU1EcHhX90=','CZzoMHRwYqM+oBr9Kt8fU0a0hHX+d2oLUCBkJ+V6Rpc=','B543479565',NULL,'BIARRITZ',NULL,'FR',NULL,'153@test.de',NULL,'Madeleine','A-139377759','Lauzier_test','05.13.53.28.43','64200','Sehr geehrte Frau','33 rue Marie de Médicis','Dr. hc mult'),(419,'UoQKwyIr/uONImV/JRE06Ter1Rc8w2ZOl4oLHqnyQEs=','gPc0wnHbJB6SSdSxL05hejf8qYg6pFP3B4KRSXpRnuE=','B-1449974517',NULL,'TOULON',NULL,'FR',NULL,'151@test.de',NULL,'Kristina','A456396618','Lindnerová_test','04.91.68.64.07','83100','Sehr geehrte Frau','74 rue du Fossé des Tanneurs','Dr. hc mult'),(420,'84xPPFHuCNEc1oRDWpKZDUczxHCRgl2ebBaziPkAp8E=','67qyNZ7RFgARbkHTx9nWc4yEnxln6CLu2zsKwas5m1A=','B-1911711476',NULL,'ANGLET',NULL,'FR',NULL,'173@test.de',NULL,'Swen','A1939499058','Zweig_test','05.74.45.22.80','64600','Sehr geehrter Herr','50 Chemin Des Bateliers','Dr. hc mult'),(421,'jPHlK3wFjgypptkyBp1Mw7UGK6jOs7/e0NZZ8iZdgqI=','s0TbhaMn4lF9bvOfDtG3DJHRjvkrtaObMfcdtHQXAEM=','B-1588670925',NULL,'VÉLIZY-VILLACOUBLAY',NULL,'FR',NULL,'143@test.de',NULL,'Daniel','A-1915444211','Kuster_test','01.60.76.95.73','78140','Sehr geehrter Herr','36 boulevard d\'Alsace','Dr. hc mult'),(422,'6wpNrUwnrPwhKYKm63Q2UDtUP7KAQhQWTK+1a2uJgeY=','QzX+XqNxgxWkD4GCSgdT5ysBW9T9A78UJ94Cz27RcwY=','B2136569675',NULL,'Wrocław',NULL,'PL',NULL,'143@test.de',NULL,'Kunegunda','A-355371821','Duda_test','88 160 28 65','54-426','Sehr geehrte Frau','ul. Otyńska 30','Dr. hc mult'),(423,'hOZoS2OFrue02cIOUUA/wfyNqaXrXQYPkklPAPvJXps=','C41sXBWIo6J8Tx1khR95LKpUwfXjz3BTR3zW2eviksM=','B1522402312',NULL,'Autafond',NULL,'CH',NULL,'154@test.de',NULL,'Lucjan','A1070294063','Nowak _test','026 547 67 92','1782','Sehr geehrter Herr','Zürichstrasse 65','Dr. hc mult'),(424,'L438bKfYCqiYOljRGdBsfwpwX2WBHq+nCqp2HESLJUk=','N6YEJfND1+DEo2B9fjfsJs1ToOsHXPnI5irFaKEk2QI=','B749469287',NULL,'Bern',NULL,'CH',NULL,'139@test.de',NULL,'Elizabeth','A-1847649938','Fiore_test','031 852 45 30','3014','Sehr geehrte Frau','Erlenweg 38','Dr. hc mult'),(425,'6F4yl0r7Gzem0S61DCR5XtV+/4qJTyV/oxGkWB0exsM=','Jgh+v6P9HTVzlc0xjw0ORyS9s/3xCg0IKS4yXSKpL5E=','B-1896976',NULL,'Lalden',NULL,'CH',NULL,'148@test.de',NULL,'Geneva','A2026181048','Mackey_test','027 516 63 68','3931','Sehr geehrte Frau','Rosenweg 68','Dr. hc mult'),(426,'aWyDJk8jiS4TlI+aLC1HZPK7TawH9a9t+DR4w+FCus8=','zvsLQpW96UgY4pMU4a9POhaX/HvWEM2U1N2KqudpmRo=','B934934507',NULL,'Wrocław',NULL,'PL',NULL,'134@test.de',NULL,'Doris','A1189918938','Baty_test','88 439 37 13','50-306','Sehr geehrte Frau','ul. Miarki Karola 138','Dr. hc mult'),(427,'nCxVy7CSoU+kkIfuzxW0WeeGukUKttXeUmYtzGNqVYs=','D72HE0L+TyXLvvcOhcOL/xFNMAxXHBPo7SQgz32ZNhU=','B-1796497724',NULL,'Châtel-St-Denis',NULL,'CH',NULL,'135@test.de',NULL,'Erika','A-122871576','Bennett_test','026 722 38 59','1618','Sehr geehrte Frau','Bergrain 70','Dr. hc mult'),(428,'11fL3rSKmqWvj9ye/IYIO4xaGkOsmT0utdj61Qzsdhc=','GwQzJeoyy/eJlZuX4UCGTlOqK6JVRoiK7vnAv49019U=','B-999178195',NULL,'Kraków',NULL,'PL',NULL,'143@test.de',NULL,'David','A250151296','Kunkel_test','67 962 52 01','30-527','Sehr geehrter Herr','ul. Na Zjeździe 3','Dr. hc mult'),(429,'UMYkfngdJDiSvQtmunnTLzSdwEW9Gymz8u3+PjEpwpg=','88TDG3RUOOqCotfeG4K5tonIBt9shBFwz2B6dDmWfFY=','B-2108272441',NULL,'ROUEN',NULL,'FR',NULL,'143@test.de',NULL,'Nuhayd','A1193720699','Atiyeh_test','02.81.70.59.12','76000','Sehr geehrter Herr','89 rue de l\'Epeule','Dr. hc mult'),(430,'KBDqT32vJWZZNbZ7HfYaDsv1ctQ7hqOR2QpNJabq73g=','d9tP1TWNywtxBpVttDmaFPXCMIR91h2xfKz9dajIL0M=','B-1531796137',NULL,'Warszawa',NULL,'PL',NULL,'156@test.de',NULL,'Niklas','A1909124161','Neudorf_test','67 851 82 08','02-127','Sehr geehrter Herr','ul. Mołdawska 49','Dr. hc mult'),(431,'y0JrrO9t9Nf+JHpe0AzQLCU5LIcvBnJ2y/CAlgNp3Yo=','hHgAwIMszzt5vv30AFU5lYOmWjKd4RnTnX34SOB/sws=','B1683975379',NULL,'Kraków',NULL,'PL',NULL,'148@test.de',NULL,'Izaak','A243020845','Kozłowski_test','51 211 15 78','30-398','Sehr geehrter Herr','ul. Bolesława Śmiałego 96','Dr. hc mult'),(432,'2+IVzx4fzHFGkJz7yj2LvFzK5G2hcARUWfIkNrMCG1Y=','AzIocLF28YQoQnDWd9X0yeZJJudl7Z73xPjipWKrf3E=','B-281893949',NULL,'Warszawa',NULL,'PL',NULL,'145@test.de',NULL,'Kathrin','A1120617879','Fuerst_test','60 985 22 90','04-269','Sehr geehrte Frau','ul. Agrarna 63','Dr. hc mult'),(433,'zqi3hmtSEMWW0Vb/UfayxsXVc2EsSo3N4vG0eW+Wfzc=','pZjn4iSnybOl3ayMt3jasWL9rXIjkE7+R0ysWO7YdJ8=','B-1743359788',NULL,'VILLEPINTE',NULL,'FR',NULL,'148@test.de',NULL,'Noelle','A940813952','Fresne_test','01.51.43.76.78','93420','Sehr geehrte Frau','96 place de Miremont','Dr. hc mult'),(434,'w1ol14rj2w5M+7WiuqUPvn3We2F9GwBZoGm0Tn6TMJ8=','7idsZ5U0xxnEt7FlGYqvhdz4q/ujqxN5kygpddstygY=','B-1340927092',NULL,'Zürich',NULL,'CH',NULL,'157@test.de',NULL,'Joel','A-1807014662','Smith_test','043 595 77 41','8022','Sehr geehrter Herr','Strickstrasse 91','Dr. hc mult'),(435,'Z2viibsc2dJT4tS/UF1lwRknyPADdJRUY6D+vE2hCEY=','SU1rs0aJpRun5oqIYEfb57DSltgEffTGgeE51yENqok=','B-1633613446',NULL,'Gdynia',NULL,'PL',NULL,'140@test.de',NULL,'Jumaana','A203423419','Ba_test','66 225 09 57','81-316','Sehr geehrte Frau','ul. Urszulanek 59','Dr. hc mult'),(436,'rVgbiXPfPHoRguSAsf+8yLkbYqM5AcWkfEKLGNNKLrQ=','12v+flWRo12u1cyuHPmrOzAVwmaAE1+CWHuftaG2pso=','B1889147745',NULL,'PRIVAS',NULL,'FR',NULL,'156@test.de',NULL,'Roman','A1906308740','Jirásek_test','04.38.32.01.03','7000','Sehr geehrter Herr','51 rue de Penthièvre','Dr. hc mult'),(437,'oyyXghFfn4P5q8MU7GViOaLnzzOMjyZxmqDTmHbx3gA=','0XOxT+g8fjlQy4clAbQUXrjSSUpC0worQg4Xu7X1Lps=','B642216746',NULL,'Kappel',NULL,'CH',NULL,'160@test.de',NULL,'Shams al Din','A1278281270','Morcos_test','062 583 94 80','4616','Sehr geehrter Herr','Forrenböhlstrasse 104','Dr. hc mult'),(438,'PLGlBf99QC+DbYDVM8UqyKGUfMDbCK8G5KZ4/32BiF8=','MhR+Y1SjpgA+blUMdXvhhN5BThriP/hwhjdA3PgX1UQ=','B1418722460',NULL,'Gdańsk',NULL,'PL',NULL,'134@test.de',NULL,'Dorene','A-781976873','Busque_test','79 504 74 62','80-156','Sehr geehrte Frau','ul. Księcia Poniatowskiego Józefa 53','Dr. hc mult'),(439,'azqioZcWhv08ZS/5uGk6JhOlNql+Z9apxnMMGTGCSSA=','W+fWSa+StsvCptBeedEoPxC1mkSgAmEvHOZlXWxqWVA=','B1378973237',NULL,'Zug',NULL,'CH',NULL,'154@test.de',NULL,'Oto','A11997141','Kudrna_test','041 766 34 10','6304','Sehr geehrter Herr','Strickstrasse 26','Dr. hc mult'),(440,'t1bJ+QyHTGN4L/ESgX2RidXImP4MpvHfILtFmnxdQyM=','Pjnwppez4INb2gt4vZUPdvPHhjqnkKLCG00qNk//Az8=','B203197587',NULL,'Łódź',NULL,'PL',NULL,'137@test.de',NULL,'Frydrych','A-2089524930','Chmielewski_test','88 218 72 90','93-259','Sehr geehrter Herr','ul. Gersona 111','Dr. hc mult'),(441,'S95DE/gZeZ4myXTq0HhL+kQO7vza89hJsIn4qOTqRCc=','nCb8lXLL9p89W2B5qNd8qhcN517FRNyuiL9AXL29hQ8=','B612004427',NULL,'Rzeszów',NULL,'PL',NULL,'142@test.de',NULL,'Lena','A549515473','Brandt_test','67 645 42 07','35-322','Sehr geehrte Frau','ul. Księżycowa 66','Dr. hc mult'),(442,'U4tB33tkQJt0wqjItRuRQM03t5lCjVMV5PQGi9hdxcg=','SyD3+X4uTMBeeZK2ACz5lttjJD3VRhWDfuV+PN+avIM=','B-101552340',NULL,'Losone',NULL,'CH',NULL,'160@test.de',NULL,'Mieczysława','A-2068553710','Sokołowska_test','091 451 81 93','6616','Sehr geehrte Frau','Betburweg 51','Dr. hc mult'),(443,'uNqKDHNE1bcRYod4sUFOGsbeaMw8OmBdoMpfROgMm9A=','BkqdGazEs5L9AOwVl97uR397Ewjn6mXZMIEr7t5TXng=','B-575263439',NULL,'Kappel',NULL,'CH',NULL,'156@test.de',NULL,'Wolfgang','A24441278','Eggers_test','062 909 54 40','4616','Sehr geehrter Herr','Forrenböhlstrasse 143','Dr. hc mult'),(444,'w2ia96r5t8yghBXtidKLe6PZnybdzSW/YNj3AplTidY=','8JaUK7D/WRGVLNp6EPvdUegsSKADmn5lcmGgPG8pOjY=','B-1537546570',NULL,'Koszalin',NULL,'PL',NULL,'158@test.de',NULL,'Kuba','A-1572933794','Szczepański_test','51 917 24 35','75-702','Sehr geehrter Herr','ul. Wojska Polskiego 139','Dr. hc mult'),(445,'B9O995ew2lCF6dH0LRZRcJ82fWWm23qAihNi7mrXMy8=','Kgb+HOrN3OeyrP9hWckDxKt98JhqBR+4zIxLB4GwSNM=','B-798533454',NULL,'Bleichenberg',NULL,'CH',NULL,'165@test.de',NULL,'Ramadan','A-2076130360','Safar_test','032 360 14 94','4562','Sehr geehrter Herr','Semperweg 47','Dr. hc mult'),(446,'qx7K0NgjFOukdsuNQ4fzH44qcWpetU5RqF6HIcSLTrc=','jQ/tsvkbISaDOS51Q/ej52/ugcXjGoQMTPB8TeuuYaw=','B-577876745',NULL,'DIGNE-LES-BAINS',NULL,'FR',NULL,'150@test.de',NULL,'Krystian','A338102725','Kucharski_test','04.58.46.20.65','4000','Sehr geehrter Herr','83 rue des lieutemants Thomazo','Dr. hc mult'),(447,'TqQC54tqrBxfQlr/nS3hcKHN/3cv7chHQafXwdLf9sY=','ONVjAlQhYmAqJQiyRp8IkL3R/Vjkf7BusoIdnAS4xAQ=','B-645659694',NULL,'LA TESTE-DE-BUCH',NULL,'FR',NULL,'153@test.de',NULL,'Barbara','A-1212348864','Wojciechowska_test','05.24.66.99.69','33260','Sehr geehrte Frau','70 rue du Clair Bocage','Dr. hc mult'),(448,'yvCCTBlBX/X0fdPmzb+FEjjkDu/VmInC0kIIPPAqu+k=','Z11TZBIAPlayzkDGLmoJhCZ/JpTMG6SbD1Ct0HDVP/8=','B1643284865',NULL,'Karlsruhe Wolfartsweier',NULL,'DE',NULL,'148@test.de',NULL,'Abdul-Razzaq','A1065392035','Shamoun_test','0721 66 00 77','76228','Sehr geehrter Herr','Frankfurter Allee 24','Dr. hc mult'),(449,'MhzJC5OMU30wUesGKMGUTcAYh/ONMz/XxEXeZe8SbV8=','i05pG5PgXIJ0N8+4msSnskFt5U+dwuRWIqdvMTLKDx4=','B674458441',NULL,'TRAPPES',NULL,'FR',NULL,'162@test.de',NULL,'Rajmund','A1141186647','Piotrowski_test','01.19.16.04.78','78190','Sehr geehrter Herr','69 avenue Jean Portalis','Dr. hc mult'),(450,'8+g64IRWhBjA8v3f8vk+T8NbaeryLTF5Z7qQBttO8Bw=','urUQpYMbbZS32AuFDr26BcO1WQHvrVkpKzkp9nnqN4c=','B-358999735',NULL,'ANTONY',NULL,'FR',NULL,'168@test.de',NULL,'Teresa','A241854579','Theobald_test','01.03.72.08.71','92160','Sehr geehrte Frau','64 Avenue De Marlioz','Dr. hc mult'),(451,'tRpnOiStS/50iOTVQNMUbuh+as5RSWdZcNva7/pGVL0=','8PLSU6nPriD8b8QUyXlC7e07/amhv+j+97IGh2UGTXI=','B-1313612497',NULL,'Weinheim',NULL,'DE',NULL,'148@test.de',NULL,'Michał','A-1072925912','Gorski_test','06201 76 15 90','69469','Sehr geehrter Herr','Scharnweberstrasse 2','Dr. hc mult'),(452,'//b06JkdqP3LWWStbltZq/+EnLQEq0uhw+lEveyKEYw=','pwtMC/w4t+wqiTgCH9Zml0CvBM2wgTawkaDc42PJji0=','B-1527547015',NULL,'Giesenhausen',NULL,'DE',NULL,'165@test.de',NULL,'Zygmunt','A-713826704','Król_test','02688 13 70 25','57612','Sehr geehrter Herr','Knesebeckstrasse 98','Dr. hc mult'),(453,'f/EBYRa/KbsowNy52bW+oEIJF4IS7MHtBf0F7d+/IOo=','ph9e7ceIldXcbmGv7HOq6Vz4VzCO+oU1WPrwUpGrw+4=','B34513907',NULL,'Montpreveyres',NULL,'CH',NULL,'152@test.de',NULL,'Didiane','A1854285819','Théberge_test','021 756 38 29','1099','Sehr geehrte Frau','Spinatsch 117','Dr. hc mult'),(454,'tSG1uejmdrUcRebVwgNpFiq5awXBz+q0birbv29cRn0=','xlbbkttW7+Cqts/ym4Aez+cg+eNw0V48cLeNbjlCwqc=','B2135037828',NULL,'Genolier',NULL,'CH',NULL,'137@test.de',NULL,'Elita','A104804478','Dumont_test','022 218 50 93','1272','Sehr geehrte Frau','Glennerstrasse 74','Dr. hc mult'),(455,'Np4JTEnS5RyySWxYqyn8RqctVUzzofzkUHeG07vKKWY=','MUdZjWyKiwnxMkONox8sORgRpAQofLKD5CM/TrXU4ck=','B-1440011119',NULL,'Basel',NULL,'CH',NULL,'149@test.de',NULL,'Cendrillon','A-561701177','Ratté_test','061 711 45 69','4086','Sehr geehrte Frau','Breitenstrasse 19','Dr. hc mult'),(456,'tLVReDBULL3YmPOxEeOryZ5G5kBDJuc3G8TGb69bnrM=','iweUXaESyvYh/SmEAU/A8OiQDC8e+EQXEIi7eE0giZ8=','B-243863429',NULL,'DUNKERQUE',NULL,'FR',NULL,'150@test.de',NULL,'Honore','A-1846843831','Nadeau_test','03.48.00.87.00','59640','Sehr geehrte Frau','64 Avenue Millies Lacroix','Dr. hc mult'),(457,'DPNYSjlVekA1INuXV6en5XConeLccCwx6V66yreMzyk=','YMQJa6Dv9/V2gsCVjtJeFN+eUm9TcD9ExMLYOOZ7AUM=','B1731320835',NULL,'Viersen Beberich',NULL,'DE',NULL,'142@test.de',NULL,'Czcibor','A1246609656','Kowalski_test','02162 48 04 35','41747','Sehr geehrter Herr','Fischerinsel 23','Dr. hc mult'),(458,'PvJ42bzmJ78zqua+YDTwKwV0a53Zz0+q5/TR2myGVqA=','YXbJPR/9w8xOwJltkdo+1RV0avwBi0rDUGp2bzNzBGU=','B-1668236897',NULL,'Kielce',NULL,'PL',NULL,'142@test.de',NULL,'Benjamin','A-656444754','Lavoie_test','69 119 25 81','25-345','Sehr geehrter Herr','ul. Mazurska 87','Dr. hc mult'),(459,'B/WtLbhEWbNDvRHVGaVtlNkHOaOfL2C2A2tb/bdb+FM=','drP4b0tBUF8rDWbMqiHtm/BMFpRSxfZgev/nBbb9A84=','B155338744',NULL,'DÉCINES-CHARPIEU',NULL,'FR',NULL,'169@test.de',NULL,'Roksana','A371965043','Wieczorek_test','04.46.25.84.06','69150','Sehr geehrte Frau','25 Cours Marechal-Joffre','Dr. hc mult'),(460,'LO78PvVibAJtdYo9G9uQozwZSUGF09Aa2Ct3fwpz70c=','xI+RnEA6xA9iHBs2gNRpYLNlvRF0PXzKWgY2w8Y/ItI=','B-586145738',NULL,'NOGENT-SUR-MARNE',NULL,'FR',NULL,'132@test.de',NULL,'Christophe','A-79556518','Adler_test','01.83.71.88.76','94130','Sehr geehrter Herr','34 boulevard de Prague','Dr. hc mult'),(461,'pxEigBndNgdCUR6WG3J24rvMLPRqPkIx5jcSZZwJZ8c=','Q8c4KndBtfCim/PuGABpWwy49obgC8mLx2/xLdiRep0=','B-813185341',NULL,'Wrocław',NULL,'PL',NULL,'152@test.de',NULL,'Petr','A-1917195562','Hubáček_test','60 656 37 20','50-084','Sehr geehrter Herr','ul. Małachowskiego Stanisława 90','Dr. hc mult'),(462,'fxuc9yXI5isq+L0mcKk70N4q/7cLR3/ay7maWp2BUxI=','a5njK+46g1v7UJCLm1Tu85eG2yc66IZ+f5Ptz/5DRhM=','B-393847134',NULL,'Vufflens-le-Château',NULL,'CH',NULL,'434@test.de',NULL,'Robert','A-738179920','Šamánek_test','021 284 72 27','1134','Sehr geehrter Herr','Via delle Vigne 71','Dr. hc mult'),(463,'9du2c2XcpJR5D+T4p3n4vCYfTexyFVCAbXKgDPrry+k=','JptqXeugNu3uaBalq41NvpqmWYrltzxgxO9m41zAR4o=','B1358072470',NULL,'Niederbottigen',NULL,'CH',NULL,'130@test.de',NULL,'Adeela','A-2144671484','Almasi_test','031 598 71 59','3019','Sehr geehrte Frau','Boldistrasse 18','Dr. hc mult'),(464,'RsXBr/7pfRgQD9GP1ao5LFZ4m9dv1xytErD1Yvc6zgI=','53VqwwlWIi+tt8Dbn/Xhrbdl2syOyqfmR4jC/ulE+Bk=','B1074883758',NULL,'Sögel',NULL,'DE',NULL,'150@test.de',NULL,'Katrin','A-1979798288','Koch_test','05952 87 52 45','49751','Sehr geehrte Frau','Rudolstaedter Strasse 54','Dr. hc mult'),(465,'Q6wMeUlx6VMZ5hCXllWDCaN7jo8OCs7SMKujSo1xVNA=','c7hI+QGKgJNTVVj7ij/mU+I8FjZcYwqAqQYLXn6IkRk=','B2055912431',NULL,'MANTES-LA-JOLIE',NULL,'FR',NULL,'153@test.de',NULL,'Leonie','A-133881120','Mayer_test','01.38.85.25.94','78200','Sehr geehrte Frau','65 Rue de la Pompe','Dr. hc mult'),(466,'tKpQztja4Qd4OOnvwCFQhketm7PhI9/onEu1BBZtmTg=','jhmLpqhn6dZBVTtTUtBbKdonpR3XG+kpdF3hNmucGsA=','B-1157996245',NULL,'Aschaffenburg',NULL,'DE',NULL,'150@test.de',NULL,'Kardal','A2117073300','Kattan_test','06021 73 12 35','63718','Sehr geehrter Herr','Rudolstaedter Strasse 46','Dr. hc mult'),(467,'WxwOiytyKiW9XAUpugoNmZVPSZ/XF4jsPlXKBAf5kMU=','DCzzl/4BqNAmAnXMAsp3g5j9RexQRFpgG4LIY6ep+yQ=','B-1045018799',NULL,'Mainz Marienborn',NULL,'DE',NULL,'161@test.de',NULL,'Merle','A1487755095','Talon_test','06131 04 44 62','55127','Sehr geehrter Herr','Mollstrasse 75','Dr. hc mult'),(468,'qu44l+Vc3eplW1AgsAIfv3LG0mGP9tBoOYij5gGKRbY=','kR+HNazMzPTJRSnl7J7b0JOu9XearDtnfQo71XfSq7M=','B-1830823749',NULL,'Bytom',NULL,'PL',NULL,'157@test.de',NULL,'Monika','A604847101','Pincová_test','79 973 06 90','41-923','Sehr geehrte Frau','ul. Bławatkowa 135','Dr. hc mult'),(469,'93wlopmKIQEEDRNif4iVgd32pMhDNZ3lZ6Gh2VfsJPs=','F0mf47zbxCeWBM0tVNbFemsHkobmlGF4LUNctzs0+rM=','B1763791415',NULL,'Szczecin',NULL,'PL',NULL,'157@test.de',NULL,'Radomiła','A1212602532','Kowalczyk_test','67 166 79 02','71-499','Sehr geehrte Frau','ul. Macierzanki 25','Dr. hc mult'),(470,'VdtR8hFmakXUqjDGxntRtGQdI2+BfI4fk9B39ftedWs=','sukbGHZIdP9xZUZVtzfi2USjptHSCHRvxS1UjmlQTMk=','B656373228',NULL,'LONGJUMEAU',NULL,'FR',NULL,'164@test.de',NULL,'Wahidah','A-1701647793','Maalouf_test','01.50.65.79.48','91160','Sehr geehrte Frau','46 rue Léon Dierx','Dr. hc mult'),(471,'mJi+JL2+dayn5K1anZQmxYvsIU0cccIctysyaHWOHno=','QcDUnbHxZvave/iUfUSo5vmYGLH9YR6/G3iwE4XSyec=','B-578516155',NULL,'PALAISEAU',NULL,'FR',NULL,'148@test.de',NULL,'Joasia','A388041935','Jaworska_test','01.44.27.78.69','91120','Sehr geehrte Frau','46 Square de la Couronne','Dr. hc mult'),(472,'fu/7Ks3MFbd2x9VId3IX/AUnmGkqx9SDLeJW0cTfI6U=','jnc7zmIZi0Rm5f+auAuIILLlur8v3l+zkHUQDm7ElFs=','B1825492616',NULL,'METZ',NULL,'FR',NULL,'151@test.de',NULL,'Lisa','A1622130072','Kemp_test','03.11.24.10.71','57050','Sehr geehrte Frau','3 Rue St Ferréol','Dr. hc mult'),(473,'byFdZ8pkIWd6bLeCE70fG7OXPeVqVLce9o9QkmpSpbY=','nDOmWUGVm2PEyOAa3V7RV/kbHblgSzeCJ4FlFEgQ2NQ=','B1803798976',NULL,'Gurbrü',NULL,'CH',NULL,'151@test.de',NULL,'Sherril','A-1285688715','Dillard_test','032 740 22 36','3208','Sehr geehrte Frau','Scheidweg 13','Dr. hc mult'),(474,'VtB/We+XyqHpKuNzPlbcUwc9fuIj2pnW3zDjvHxkRHY=','0UWXkFIIXHtbe+qGvQy0M4gSWWdLrKIBPAT82m/b1u8=','B-1799005654',NULL,'Ponte Capriasca',NULL,'CH',NULL,'157@test.de',NULL,'Jens','A1598082615','Schmidt_test','091 502 76 32','6946','Sehr geehrter Herr','Avenue d\'Ouchy 13','Dr. hc mult'),(475,'N41I3h6nUIWAeUuIqP8S4bvFevIlhNWA+DK4oHdZrUY=','A1n8n2wMDAni6AM3a3+w+tTrJPfalmSZUthCqwGQ7Us=','B1150464064',NULL,'Kraków',NULL,'PL',NULL,'155@test.de',NULL,'Patsy','A-1879724593','Kelly_test','51 403 67 68','31-221','Sehr geehrte Frau','ul. Papiernicza 145','Dr. hc mult'),(476,'0pmssxfByRdIC/QfNodicBEX6ZQapafiqIo6BD1oPUU=','oSveVIRh4KiLpqxo5G8AnXPLo030L147yyj8tSk6ZNc=','B-1891748332',NULL,'Świętochłowice',NULL,'PL',NULL,'130@test.de',NULL,'Abdul-Hayy','A2122879611','Asker_test','88 844 13 35','41-600','Sehr geehrter Herr','ul. Pocztowa 88','Dr. hc mult'),(477,'guZA0t+iDwJykz+5kqYE5NApB9jbpDrw42k1vVLlcZQ=','2qX3Jm/fXRhwU5g0z0AtsGs8TMx4iwgP20mMIDU2OQ8=','B1299465892',NULL,'Sosnowiec',NULL,'PL',NULL,'157@test.de',NULL,'Gabriele','A1710711276','Vogler_test','67 742 70 17','41-217','Sehr geehrte Frau','ul. Krakowska 147','Dr. hc mult'),(478,'9jNfFjTXxzBPEI1KvUxEiOzr2Fdsg1I65YJLHuEWtGw=','EHDlJYHNRU2gucKIY8RuQhP691St6Ujp14lWwJd+azc=','B95539776',NULL,'Basel',NULL,'CH',NULL,'149@test.de',NULL,'Brie','A-1144740982','St-Pierre_test','061 648 44 94','4096','Sehr geehrte Frau','Breitenstrasse 29','Dr. hc mult'),(479,'HOFfMSIpEmk+N/RPQQ687xOj2s3R6vDCgQZnQjV4WIQ=','0aWVr9Ad4keakoSaqnPw+WL35X0MaCiyXhWVckXDR0A=','B281395013',NULL,'München',NULL,'DE',NULL,'136@test.de',NULL,'Ablah','A237492801','Gaber_test','089 02 48 72','80804','Sehr geehrte Frau','Rhinstrasse 27','Dr. hc mult'),(480,'Kv2vDEl1E+2Zgbk9Nwg8YwDbIfhzKrgAiQnn4aBf2ZI=','LCnUDkHLWzyQY/7nbBRWeOv88/Eb9YI9kTQ3omPmpG4=','B-990585932',NULL,'BEAUNE',NULL,'FR',NULL,'164@test.de',NULL,'Namo','A-10457981','Vadnais_test','03.11.22.13.88','21200','Sehr geehrter Herr','11 Rue du Limas','Dr. hc mult'),(481,'UJy+7z3a8w2QxMMm3xUl9GQxbrR1qBKtRQo1T/hiOFk=','XUFwDbdTJsT5HQ/2ZMwAlwNC+7k28qtJJ4okLXYBbDE=','B1783880557',NULL,'Bydgoszcz',NULL,'PL',NULL,'142@test.de',NULL,'Mahmud','A1411565667','Asker_test','67 664 23 96','85-406','Sehr geehrter Herr','ul. Gogolińska 25','Dr. hc mult'),(482,'MuKCfEDYWRtX3P8WA9TIs3HGJvEccCmgMQ8vr0axrcE=','l+abr1NbABzQz/Flp4RMvMUZ6QL05W+bcrjpSaZweAU=','B-1800734694',NULL,'Cresta',NULL,'CH',NULL,'166@test.de',NULL,'Serafina','A-75421721','Sobczak_test','081 963 36 84','7447','Sehr geehrte Frau','Bösch 46','Dr. hc mult'),(483,'eHOY1fLfIxLeLywz3CK+g7bAV4afdO+JQnztpX4mae8=','pz9lddYBpQIp42/FAW+Gb/62OKyikagf4rh9Q2ypSUM=','B-939678966',NULL,'Lutherstadt Eisleben',NULL,'DE',NULL,'160@test.de',NULL,'Pavlína','A187406866','Pospíchalová_test','03475 63 27 36','6284','Sehr geehrte Frau','Flotowstr. 2','Dr. hc mult'),(484,'DlxfzvfQFqzV33V84JWNuQlxXZIBiR8NQ/iwVAM8jlc=','pxUOYlIe3MYeGskzBRCOw/4IX6D+95UoXC9CXFHpY5g=','B586229391',NULL,'Kraków',NULL,'PL',NULL,'147@test.de',NULL,'Lotye','A-276181196','Gauthier_test','53 763 41 12','30-244','Sehr geehrte Frau','ul. Jemiołuszek 129','Dr. hc mult'),(485,'7OQjUgs6sBr68u2PA/0yQqRP/6Iyf6pcLiJV0aLQwaY=','PQmK+hMOFK21GJfxRWBs2mPL91qYGC6McjiGLaDIme0=','B-639736930',NULL,'TALENCE',NULL,'FR',NULL,'142@test.de',NULL,'Laetitia','A-1809372295','Boileau_test','05.27.00.41.89','33400','Sehr geehrte Frau','7 rue du Faubourg National','Dr. hc mult'),(486,'Acz+IT0K/6re9wxgdnSwSeYkckYqv9AFQmCb8Ky6L+0=','9AvzOdyYPdxVajuKk+oI1udZQ+d5FwkQ2iciWI5g+oQ=','B353163706',NULL,'Brzeg',NULL,'PL',NULL,'162@test.de',NULL,'Wojciecha','A100393170','Kamińska_test','51 868 88 47','49-305','Sehr geehrte Frau','ul. Żeromskiego Stefana 33','Dr. hc mult'),(487,'dgQbFXLymAK5HemBHThHhXVTLwPZOK3ke+lDHYwUhmI=','R/k/e8U3QfsQxhFSdATX4c6zXduFfw3ZyHADIl0sGp8=','B413411961',NULL,'Bielefeld Babenhausen',NULL,'DE',NULL,'151@test.de',NULL,'Stefan','A-1408771661','Dresner_test','0521 18 69 91','33619','Sehr geehrter Herr','Spresstrasse 26','Dr. hc mult'),(488,'ZZqhcV4ESlK8JZ7Xyo7C5KbKncJmYRv5sSU49x2lxfk=','lWl5LrrvogbdpWj23GBBqnLGNxPYvRR61pImDJPu1oU=','B-450224351',NULL,'Poznań',NULL,'PL',NULL,'148@test.de',NULL,'Jowita','A-117170125','Jaworska_test','67 444 63 32','60-546','Sehr geehrte Frau','ul. Świętego Wawrzyńca 113','Dr. hc mult'),(489,'2n4u4ejKCWC89C+St8+SPQIGQvsNepBgqOdHyS8HbSg=','iCtzfACtRpG8pvKiNqgRGSYEvmeTN56qu15PitDKU58=','B-174641622',NULL,'Zielona Góra',NULL,'PL',NULL,'164@test.de',NULL,'Růžena','A-964052591','Rubášová_test','60 192 08 86','65-128','Sehr geehrte Frau','ul. Błękitna 22','Dr. hc mult'),(490,'8xQx36ZOeWBdxSUTmCD9AXjvOrBp9P+eJ8gtRVnWexc=','9a368FQpGRy8M+Xws2SJ71/Jw1qgCjbSjBMG+GcWav4=','B-83597385',NULL,'Wenningstedt',NULL,'DE',NULL,'148@test.de',NULL,'Dorothy','A-45042635','Pierre_test','04651 56 17 19','25993','Sehr geehrte Frau','Hochstrasse 10','Dr. hc mult'),(491,'yJIDYJwRwR5WbrwaBnKjVXzpyUZCnqaFUgyoGKNSazM=','KfOimCZ1QUWNTWJK3osG/IBPXf1ckIawKMENpToi8MY=','B-685122766',NULL,'LENS',NULL,'FR',NULL,'143@test.de',NULL,'Mateusz','A1924462234','Borkowski_test','03.60.40.34.41','62300','Sehr geehrter Herr','24 rue du Général Ailleret','Dr. hc mult'),(492,'F3ujNfwTtQf6c0r82NJ1xI7nkDAUtyFceF09cd0zrAg=','esNm0wIVeJJcSgH8CziClPvcdnbx/wzM0M1ylg8DaJ4=','B922404280',NULL,'Warszawa',NULL,'PL',NULL,'144@test.de',NULL,'Lothair','A-2067773494','Dupuy_test','88 915 32 72','00-811','Sehr geehrter Herr','ul. Towarowa 8','Dr. hc mult'),(493,'BQcB/0CmNWw5CYHbkGixg2G+jUqcW5zOms82Wt6qjxE=','fCE3daAf/zJcOoW21FA6o8hpUqg5I1djSJLUR1xPO2s=','B774928379',NULL,'Krickenbach',NULL,'DE',NULL,'169@test.de',NULL,'Ubaidah','A-1720148398','Totah_test','06307 42 05 96','67706','Sehr geehrter Herr','Grosse Praesidenten Str. 71','Dr. hc mult'),(494,'l3DQANxPLW0R+6jscb/95+Pv31cKb8rtCwIWJkBcfAc=','EVSxN1bgRWpLV7sYfA76WiZmTDJGNCRmwE//kCVrQF0=','B-573983815',NULL,'Düsseldorf Flehe',NULL,'DE',NULL,'168@test.de',NULL,'Vlasta','A22024410','Rudolfová_test','0211 63 59 77','40589','Sehr geehrte Frau','Friedrichstrasse 23','Dr. hc mult'),(495,'D52p7EDo3alplDXezuoaY53vw+q523j+XVW41PfW88w=','h2zGfoNPU5jK6bw/mJREBJXpddgzasEiEfvJiupg21Q=','B509252616',NULL,'Stuttgart West',NULL,'DE',NULL,'155@test.de',NULL,'Michael','A-1559209025','Nacht_test','0711 19 43 31','70174','Sehr geehrter Herr','Ollenhauer Str. 13','Dr. hc mult'),(496,'gBei6qiQE/vnFT2chrh5Z5rfK0E6NVYi9dKwn2MvEec=','ub8uhK815nhpi59LWVC4Cf42sZaC3qsowuzyNgiWzII=','B-1271809798',NULL,'Wrocław',NULL,'PL',NULL,'149@test.de',NULL,'Stefan','A1453908327','Beyer_test','53 490 33 97','54-620','Sehr geehrter Herr','ul. Baranowicka 91','Dr. hc mult'),(497,'YyPhy22URqSOFG5MSZ6PeJehdc8QmPiZORtYWBrmuRo=','bNOYqzYcePQjbLW2C1kyl1YI1+Mm9jbq0d7FNrjeSME=','B125285996',NULL,'Łódź',NULL,'PL',NULL,'146@test.de',NULL,'Katja','A1242294056','Grunewald_test','69 741 30 39','90-007','Sehr geehrte Frau','ul. Piotrkowska 50','Dr. hc mult'),(498,'ShQY5VSX+vEyFSat5t8Nfgx3XgAolc+DbwupuuU+POI=','eUVUQ6prxBr/uXgFRIPUkFnhnBCDsdxIwciidO5853c=','B-160203010',NULL,'Poznań',NULL,'PL',NULL,'141@test.de',NULL,'Ila','A1812571890','Du Trieux_test','78 428 18 76','61-046','Sehr geehrte Frau','ul. Krańcowa 103','Dr. hc mult'),(499,'ChJbYp/eqMgDgI4WLdt0K0Ur/6WJpRgXFaTWhkBphLI=','qNmLke3TVeU0exzJu+GiQFSjaaNA4KBwc0Q3wHD2GxE=','B129236864',NULL,'Bironico',NULL,'CH',NULL,'156@test.de',NULL,'Lechosława','A-1292423649','Piotrowska_test','091 313 68 64','6804','Sehr geehrte Frau','Semperweg 110','Dr. hc mult'),(500,'GToDbs76LXOXo74yGVavyZM8zakHq8n2ZaVSaOF8YBg=','8H3D+uOv8DvnZ1K41eVydQKxgi++O6uzfViTOehwYD8=','B1426009181',NULL,'Potsdam',NULL,'DE',NULL,'164@test.de',NULL,'Martin','A1129315357','Weisz_test','0331 62 00 87','14406','Sehr geehrter Herr','Fugger Strasse 41','Dr. hc mult'),(501,'FEZM2JZIBBCxjklXKdTAycAO/ytfFQd98tQ9qDxAQJs=','JswR6V4a8uwmvrG/ebEJBq6l8F4hUm0ktfoaCQk8osE=','B-1735347760',NULL,'Hüffelsheim',NULL,'DE',NULL,'143@test.de',NULL,'Klára','A571373506','Dobrá_test','06706 88 43 88','55595','Sehr geehrte Frau','Guentzelstrasse 74','Dr. hc mult'),(502,'QROAJfOtlVNGFUkFE4HCLmCefQF5npO5QELGw1vrekM=','24kuiIZhi2t33Bm3hW3CTmIfocScyYiWFLLFXDDsHgs=','B-146925352',NULL,'LA ROCHE-SUR-YON',NULL,'FR',NULL,'144@test.de',NULL,'Leonard','A-221925231','Dickerson_test','02.51.83.60.27','85000','Sehr geehrter Herr','64 rue du Clair Bocage','Dr. hc mult'),(503,'JWVvAl9ROVcLwO5Ew5b1LU9KBmPKPahzUTdhNOeyCk4=','OL7DCSfdcENQbnuu2jR7VCmWSPVxAhAu4oib6yg69xk=','B740808277',NULL,'Quedlinburg',NULL,'DE',NULL,'141@test.de',NULL,'Brygida','A-1118172867','Kozłowska_test','03946 92 95 42','6475','Sehr geehrte Frau','Chausseestr. 99','Dr. hc mult'),(504,'mMOCPnmtn5RGFYvas24YzUbPEgPhS7rKeEzr92jZKQ8=','q+8vbGBBe7+91K0Z742pVAbX90h3rU3T5iKElWmZvo8=','B-1002754386',NULL,'RAMBOUILLET',NULL,'FR',NULL,'136@test.de',NULL,'Evrard','A-664507615','Couet_test','01.76.20.99.30','78120','Sehr geehrter Herr','24 rue Lenotre','Dr. hc mult'),(505,'q9pa+Uln/LvZDdD3WNkIVnJVTnUSQjoPKyeEtXSXqQg=','20PF9GmB3f/xoK/oJtk2J3iyPDL62TWKxm7Hj6Uk4Lw=','B495546345',NULL,'Lauffohr',NULL,'CH',NULL,'154@test.de',NULL,'Ludmila','A1430326930','Nováková_test','062 428 27 42','5200','Sehr geehrte Frau','Kopfhölzistrasse 99','Dr. hc mult'),(506,'1qMfBrQ0k6DBtEMy8EoMusJEeOIr6PH8ic7vB/zYLFo=','1UxFCVaSMioxf95EOhd5eZ558RxNErzP5SgNcGUOw4g=','B2019527981',NULL,'Bittwil',NULL,'CH',NULL,'163@test.de',NULL,'Peter','A-1263613393','Seiler_test','032 625 89 85','3365','Sehr geehrter Herr','Semperweg 69','Dr. hc mult'),(507,'bvwsLYuas/iDR+g6+mOOE74V+DE0eQbTDQvmjRGlG3s=','asSw9TkKk1XN1Lb3NMzNqMSnNm1b/wadp+L3Wk7rNXk=','B15987191',NULL,'Hüsen',NULL,'CH',NULL,'151@test.de',NULL,'Jaul','A1482410908','Mustafa_test','033 303 99 37','3860','Sehr geehrter Herr','Schuepisstrasse 37','Dr. hc mult'),(508,'wKw8CDKMvae5kCPyPvsSSzJX7aMTSFtiDzeZlNBm7eA=','5XL4uuiKvS6p8HVhgM+zwFU6K4te7aWcnsjy/Ht224Q=','B-725729141',NULL,'Heringsdorf',NULL,'DE',NULL,'147@test.de',NULL,'Max','A324052558','Fischer_test','038378 31 41','23777','Sehr geehrter Herr','Reeperbahn 99','Dr. hc mult'),(509,'5nKcLGpVWGAiCIeaG3nPctj7F96BMJa5U/1nCesREIs=','FLStp8jkmtXvJ6rqmA8aRl6mxX8TB9zgOrTXLDALj3w=','B-24056207',NULL,'Hofstetten',NULL,'CH',NULL,'151@test.de',NULL,'Christophe','A1296652624','Truchon_test','044 216 76 34','8354','Sehr geehrter Herr','Rägetenstrasse 20','Dr. hc mult'),(510,'IlZkccnIxEdu2lrD1lyomIkL/x2GRJZ6QXF5xtgeYs0=','9BH9a3hK1JC5hCJ4dkfZ7wGlnUgJsU0R0/tS1WB6K4g=','B12788470',NULL,'Wrocław',NULL,'PL',NULL,'142@test.de',NULL,'Lyle','A1722702632','Barrette_test','51 460 58 52','50-455','Sehr geehrter Herr','ul. Generała Kniaziewicza Karola 141','Dr. hc mult'),(511,'C6mtBfbB60s9snNFJ9ZYIuR0Z4D4TKj+G5BvS9BVlMw=','RZL+sV1L93oOTkK/lg0ot0RiHRley66zCSDz2lTDWEs=','B796536583',NULL,'Rzeszów',NULL,'PL',NULL,'147@test.de',NULL,'Markus','A1590522694','Fuhrmann_test','67 674 34 79','35-614','Sehr geehrter Herr','ul. Jana Olbrachta 110','Dr. hc mult'),(512,'hMUJgd7u886IUpbazrFLa4U9jl/90Xc7R/AwYbydQBQ=','kBghAgVn+6b/mYwXhWwMIdscRsW8pGLW8GU2ng6bqlo=','B-406439191',NULL,'Wuppertal Elberfeld',NULL,'DE',NULL,'164@test.de',NULL,'Jaromir','A-1952105822','Zając_test','0202 94 11 03','42113','Sehr geehrter Herr','Jenaer Strasse 79','Dr. hc mult'),(513,'PelgRWjCcsfAvqCT5UPKJxCUkIvHtbolumAGES2mEH0=','+bX7/K3Xe9EGrV3YaeqCbRtT9IKpbzHgyNB/n2QQP/w=','B811249045',NULL,'CRÉTEIL',NULL,'FR',NULL,'157@test.de',NULL,'Pierpont','A1740577143','Marquis_test','01.87.15.44.01','94000','Sehr geehrter Herr','90 boulevard Bryas','Dr. hc mult'),(514,'wSDFuQw/VafUswIWfYYN2DTfs2oeVGT4czT7/JFK1C8=','k3S1fYqEkNVp+uDnD0+c83TaAGhrlkV8aUpNO+f08rA=','B1648765632',NULL,'Łódź',NULL,'PL',NULL,'157@test.de',NULL,'Serafin','A2050854461','Jasiński_test','88 622 28 94','91-498','Sehr geehrter Herr','ul. Studzińskiego Zdzisława 23','Dr. hc mult'),(515,'LoXX+o70OvlBkVgBLQU/olS6sgH6NEpaAP4G7R/6jOA=','znbxt+5ZKHoJ+M4iEPd2nZi4ds5k5dKgIQPBqPTuRt8=','B977412060',NULL,'Białystok',NULL,'PL',NULL,'149@test.de',NULL,'Miroslava','A899222088','Hrazdirová_test','72 883 07 53','15-571','Sehr geehrte Frau','ul. Świętego Jana Chrzciciela 135','Dr. hc mult'),(516,'pURxqSeNIngJPvZgEXFlvsDMe9Dp+wRcrx6DKdq04JU=','8nMGnwvKRrueA5Rxin1vVSiqrCfrLT19NZElfLGPRi8=','B-1683913330',NULL,'Geroldsgrün',NULL,'DE',NULL,'156@test.de',NULL,'Petra','A-919549249','Lichá_test','09267 60 60 12','95179','Sehr geehrte Frau','Billwerder Neuer Deich 74','Dr. hc mult'),(517,'im+w9zGQHmoj55DV3n+Q52Ah784TGDkZjIOihjv0v8c=','dOysxZkj0WQd/w6vl0xX6OWqPB8j0hlWgVuMpzMzCgs=','B-126285196',NULL,'Bratsch',NULL,'CH',NULL,'158@test.de',NULL,'Sarah','A1711888583','Kuster_test','027 888 83 74','3957','Sehr geehrte Frau','Sonnenbergstr 51','Dr. hc mult'),(518,'ri9LFChZ6H2WYqhCpCTF/I7j+9frs54EVHQe/7589lc=','eq3D/kLJ8bkiyUX07cMYVrRT2gUF609yKzPuHgVXn5M=','B-1169154770',NULL,'LAVAL',NULL,'FR',NULL,'150@test.de',NULL,'Fayme','A1395448337','Plourde_test','02.53.61.14.68','53000','Sehr geehrte Frau','67 Place Napoléon','Dr. hc mult'),(519,'c0KZ8ToJYr0pZeumfmHgnA1UCfi+x1LORjasJHZommA=','UaKwG+KFk5FGDUU375EobR0SWW61KZ0CwwyhiRUYitU=','B479104769',NULL,'Schwanden bei Brienz',NULL,'CH',NULL,'140@test.de',NULL,'Erembourg','A-705846477','Guay_test','033 239 98 13','3855','Sehr geehrte Frau','Mühle 147','Dr. hc mult'),(520,'Y9WELcK3EI4m9pfe2fs9nuWTw7++dVJK7J+lEibH++8=','HeUDOnVbmHTOey0/FE8x8mPd+Xy30GzvzyHlrpK7Pkk=','B119184791',NULL,'Bad Windsheim',NULL,'DE',NULL,'133@test.de',NULL,'Christian','A-672686229','Bass_test','09841 38 60 13','91427','Sehr geehrte Frau','Heiligengeistbrücke 23','Dr. hc mult'),(521,'RNnPn9LJ7OPYZALcNhJFayQuhmWZNv1MLVBLg7Bnx2Q=','ugi2XyQ0M1+S12EwIbGLW/FttqQd4ORkj8vs8P2kDjc=','B-273127004',NULL,'NOGENT-SUR-MARNE',NULL,'FR',NULL,'136@test.de',NULL,'David','A1392356801','D\'Aoust_test','01.80.61.72.74','94130','Sehr geehrter Herr','81 boulevard de Prague','Dr. hc mult'),(522,'E+BeXxE0mL3Znu4QJOyC1dIuDsujwigw1VbLyhhwUr0=','1P4Q6dR15keR8usRhIse6q1dEZMf0z5RS3T4EqCnV/Q=','B-387970700',NULL,'Olsztyn',NULL,'PL',NULL,'165@test.de',NULL,'Sibyla','A1587812781','Riquier_test','60 679 43 38','10-812','Sehr geehrte Frau','ul. Ogrodnicza 142','Dr. hc mult'),(523,'BEUEA/9kL958zTs1O4WraY6/jh9lsJIMGFLfvlyLUDI=','c6XH17ev6OUc1aNQrHa/T5TjDbpA8lu27uz3iDrdtEE=','B355520948',NULL,'Opole',NULL,'PL',NULL,'160@test.de',NULL,'Sa\'eed','A1832805789','Malouf_test','67 125 47 39','45-631','Sehr geehrter Herr','ul. Dunikowskiego Ksawerego 126','Dr. hc mult'),(524,'wPSG2SuAb5Sv1zoWbWHWc117jZ8slSmYr+dnpl9eqIs=','MCaXSMZu5XEi68rIjtBWY/NTCuofR4z7lomMgOSZxaY=','B459140084',NULL,'Lublin',NULL,'PL',NULL,'151@test.de',NULL,'Jaroslav','A-1912813552','Mach_test','51 347 65 14','20-802','Sehr geehrter Herr','ul. Baśniowa 141','Dr. hc mult'),(525,'TAHt9NEgfWEn2Tdgj4djDMV3giigv48rPcuDOuR7F5c=','vsQSw3LFpHAf65ZR0KO8q/7lVNRP+sztiFr0MqsVrhg=','B-1815793234',NULL,'LE CREUSOT',NULL,'FR',NULL,'148@test.de',NULL,'Asil','A1853067310','Sleiman_test','03.14.05.08.43','71200','Sehr geehrte Frau','3 boulevard Aristide Briand','Dr. hc mult'),(526,'rIfr4fa+xeB0rvMQx6JgQcSuxgeGxq1KRV1uNA/qafs=','jfqY01mzTE1xWFezzegNPajdkz9CNweqtmImBSkHI1A=','B-1184279586',NULL,'CRÉTEIL',NULL,'FR',NULL,'429@test.de',NULL,'Marie','A601699581','Šuláková_test','01.34.33.53.09','94000','Sehr geehrte Frau','41 boulevard Bryas','Dr. hc mult'),(527,'F2etIoyCHIL7+SIucPTwCUgtuNtoexo0Lwyl9945raE=','AvlzQdo759mGvZkVRCf/CEMgbD9QbSoSIWQNKyZD03Q=','B2021911145',NULL,'Bad Wörishofen',NULL,'DE',NULL,'165@test.de',NULL,'Sabine','A-1268340066','Rouze_test','08247 02 08 42','86814','Sehr geehrte Frau','Paderborner Strasse 66','Dr. hc mult'),(528,'m9gQlvR0c8kadhw+zhA1L+y+CgZvhXXOlagWKGyzeRQ=','gcUulAWMi2HNanF3X2nJ0k/kOd0enQDUFva8VmoFCwM=','B-2091652121',NULL,'Poznań',NULL,'PL',NULL,'148@test.de',NULL,'Augustyn','A1657719612','Sobczak_test','79 661 36 38','60-308','Sehr geehrter Herr','ul. Grunwaldzka 82','Dr. hc mult'),(529,'md5HhjsBZogO02V9GOujRPXDrNVjZ+LqVaAnR9wHQRI=','kUcs/WckBGD/yT7JLLOmClru3nz3tQejMz0sJ3T5+28=','B-660171379',NULL,'Miesbach',NULL,'DE',NULL,'159@test.de',NULL,'Reginald','A-1019363943','McCabe_test','08024 94 61 95','83711','Sehr geehrter Herr','Gubener Str. 97','Dr. hc mult'),(530,'9la5fW7sCFw0OUL7vdXInTIxbbh+RjhqgKqBY9l7fws=','dZx3IwH8jYKmNY9pkPffOxR2VNpTjJUZ0kpdUDx0mGg=','B1243202631',NULL,'Dresden',NULL,'DE',NULL,'146@test.de',NULL,'Fletcher','A895179089','Lépicier_test','0351 12 42 98','1292','Sehr geehrter Herr','Charlottenstrasse 63','Dr. hc mult'),(531,'qPufUitFHtWrkFCgvoimLlAdDztfX0wyhB90c6BTXNU=','W81q0euuS5+z0u66riduJ5xHEJDj38cNVZKt9j9f4cg=','B951679814',NULL,'ARGENTEUIL',NULL,'FR',NULL,'162@test.de',NULL,'Václav','A931473748','Lošťák_test','01.17.30.63.24','95100','Sehr geehrter Herr','47 Avenue De Marlioz','Dr. hc mult'),(532,'nvI7lDbkGBy8HCqrbVMR6M9uGR1vAqADPS5oM0IfXqg=','VvSp0VZs9Ul69vSvEPi4m4cVebgOsAGaK60Qcrg8OPM=','B2091491721',NULL,'CENON',NULL,'FR',NULL,'456@test.de',NULL,'Žaneta','A663349026','Kubíková_test','05.26.12.33.79','33150','Sehr geehrte Frau','73 rue Porte d\'Orange','Dr. hc mult'),(533,'VpvsluTnIR416c4OHmKXv80N06YSV6zz1JcQUlk9hko=','G9rTPkQ54aQPB92IKwXdEsUM9JDPBQ+O2m8FwCO1l1M=','B-237490381',NULL,'RIS-ORANGIS',NULL,'FR',NULL,'147@test.de',NULL,'Mike','A1748741584','Furst_test','01.50.99.47.19','91130','Sehr geehrter Herr','65 rue Gustave Eiffel','Dr. hc mult'),(534,'4hxVzvW1x8BNBJ5J2PEm4X272O9oYGX04aSJd0JOPMI=','MMu2O3aPSF7RQldqM1CFPiUxQ6X6dsqk2bvGoKp+fAM=','B2002969762',NULL,'Bellevue',NULL,'CH',NULL,'151@test.de',NULL,'Marco','A1067499997','Jager_test','022 752 24 18','1293','Sehr geehrter Herr','Obere Bahnhofstrasse 136','Dr. hc mult'),(535,'6ndlgKMnwSkb0CjptWLu4jaR2+1+lqF6migNENsag+c=','G8MNeui4/DrJnvAO4qyW92/qfmCNY/szCQvZyG47tj0=','B-824014684',NULL,'Torny-le-Petit',NULL,'CH',NULL,'153@test.de',NULL,'Natasza','A-1470090401','Kaczmarek_test','026 513 94 95','1748','Sehr geehrte Frau','Piazza Indipendenza 24','Dr. hc mult'),(536,'CgavLU4/eqFf1pNJUlgTGeAGgnG/5+oYdWP6WpLOV8E=','HNl+vpMoEc0Ebzi/CAyi5ZtweNxByD2yIChuxNvmE14=','B-1274978235',NULL,'Rostock',NULL,'DE',NULL,'65359@test.de',NULL,'Petr','A1822548504','﻿Veselý_test','0381 28 65 10','18181','Sehr geehrter Herr','Kurfürstendamm 76','Dr. hc mult'),(537,'jdL1DA2CZka4+8PTI+SoJgWn5lk8XI4BDWdfowzNYaI=','Dy7sYp+ZmzUhAfQvNOmhPgLYFpGozzRcLWccw7KLoPQ=','B-99849723',NULL,'LA VARENNE-SAINT-HILAIRE',NULL,'FR',NULL,'149@test.de',NULL,'Jana','A292886375','Kolomazníková_test','01.77.45.53.58','94210','Sehr geehrte Frau','77 rue du Clair Bocage','Dr. hc mult'),(538,'Tef1RIdXk/v3SmLKQbfpeigFWmd6pULqUlk/UAq+H7o=','kuCmbqT5n28kqfCQ0GLlPVRj2le2tTmJ2UfeTaLNRUo=','B853585781',NULL,'ROMANS-SUR-ISÈRE',NULL,'FR',NULL,'137@test.de',NULL,'Aleš','A1352994873','Havránek_test','04.94.99.11.58','26100','Sehr geehrter Herr','71 rue de Groussay','Dr. hc mult'),(539,'uuLdJ4rMucUIGCuf28e//fFO2TU5ffnI74kj8jt189w=','SF5RKrQoeq8A5Qgx5fz6rTdR2bGpvQnj5G7uAu/jwYU=','B1381895060',NULL,'Magdeburg',NULL,'DE',NULL,'145@test.de',NULL,'Malwina','A-43712155','Duda_test','0391 90 76 92','39008','Sehr geehrte Frau','Unter den Linden 97','Dr. hc mult'),(540,'gvxszpBkrhSyWOZYrmCGChxoSIMHTJ1W7OHP9UneHog=','+w+AcLmB80Sa8vTemSuaziQgaQrd8VTk0THMbSXDZqU=','B587587931',NULL,'Nürnberg',NULL,'DE',NULL,'152@test.de',NULL,'Maurine','A-511349993','Kohl_test','0911 74 89 31','90209','Sehr geehrte Frau','Rathausstrasse 40','Dr. hc mult'),(541,'bB2Br0CmfCJkDstdToqkpFjJxyneAkdwYHQS3QOzlzI=','gf5PW1uppKZvDtah6JQtfGhKKPun0I2MC5KOkd+NEJU=','B937540954',NULL,'München',NULL,'DE',NULL,'143@test.de',NULL,'Konstanty','A-2106489804','Duda_test','089 42 74 47','80707','Sehr geehrter Herr','Rhinstrasse 29','Dr. hc mult'),(542,'Lr0HnlxSe7YFXjff1xWnh7XkxcXvY9q+krZkjOigdBE=','Y3BCCwfu7CW1OEwhMrmsM3gOptwi0ghpH0qwWAspTuI=','B-1242067367',NULL,'Rockeskyll',NULL,'DE',NULL,'159@test.de',NULL,'Leon','A-644991775','Sankt_test','06591 57 67 75','54570','Sehr geehrter Herr','Lützowplatz 27','Dr. hc mult'),(543,'edywVSKcPr3kmu6qiRM3AVdQ5FKoKTavCJEFQ8GFurY=','9WbPMQAU3YfuSgqr/1BKaqp2ZHp2nD3ccDZvS8e1u24=','B-677948329',NULL,'Marpingen',NULL,'DE',NULL,'154@test.de',NULL,'Tobias','A-1886122097','Furst_test','06827 46 63 67','66646','Sehr geehrter Herr','Meininger Strasse 32','Dr. hc mult'),(544,'HHf5fgTZxbIOmoWPlDIl0Q3C5g+VP965WZOk1p+TeTo=','mwKA+9krOvRNIHXdD6aO/TOZjfgw0tEy7SOcvsHIatI=','B1280944734',NULL,'Będzin',NULL,'PL',NULL,'155@test.de',NULL,'Sabr','A-2043868610','Hakimi_test','72 706 66 26','42-500','Sehr geehrte Frau','ul. Świętego Brata Alberta 112','Dr. hc mult'),(545,'j5rQJKe4f32uIG4DhtISgU3pcEQUS7EBJGdEqxcV8Jo=','GRRSi47FSVD/MYjd3DEK+p2JvMsLzHKtyM25iX/bsVY=','B2098509567',NULL,'Warszawa',NULL,'PL',NULL,'137@test.de',NULL,'Abdel','A-1489111596','Hakimi_test','78 679 18 47','00-745','Sehr geehrter Herr','ul. Stopowa 42','Dr. hc mult'),(546,'lerLtW0cOqSXaEXaaPCdx+nH1ILjX+gzvc+3vKLp33A=','1TYYUtzuFL5y9gThemUg5rAIag1I5saSDfKQ/8uGUp4=','B1908648060',NULL,'MARSEILLE',NULL,'FR',NULL,'161@test.de',NULL,'James','A-630331466','Woodard_test','04.10.86.02.72','13003','Sehr geehrter Herr','73 rue Beauvau','Dr. hc mult'),(547,'mztk2uZLJJjRVQnZo77kZFtGZp8LoEiGkfzjQUzgDQE=','hLwkm3O54m1xqjswcbWUv/X7IqVBVI6Vf1c4NNaVT/Q=','B-1572979483',NULL,'Kulmbach',NULL,'DE',NULL,'149@test.de',NULL,'Mahbub','A-1578333686','Hanania_test','09221 68 49 47','95309','Sehr geehrter Herr','Ellmenreichstrasse 71','Dr. hc mult'),(548,'XzUxPyFjgAhp9FmAgHWPHsrpzRGjm31Fqz41dmz2wFU=','cHJ2a714AM9UiN0zzYklQ7qV/oDmXt+w46vS+nCZA1o=','B-157498441',NULL,'Essen',NULL,'DE',NULL,'145@test.de',NULL,'Aimé','A409444687','Paradis_test','0201 97 78 22','45127','Sehr geehrter Herr','Jenaer Strasse 21','Dr. hc mult'),(549,'GfH0I+0jWYhYmYu/b8/0GwaG7ceiMsjFrzcVg32XHo4=','llpiaK+ZkSNE7eUXsnquQKodoWRqFEJhSLYbtOgHpwQ=','B-2064067146',NULL,'VALENCIENNES',NULL,'FR',NULL,'137@test.de',NULL,'Eulalie','A-1781360091','Durepos_test','03.02.60.56.16','59300','Sehr geehrte Frau','66 avenue de Provence','Dr. hc mult'),(550,'L6Dy4e/eApJ9+CaYLkUdj8FuGx+Rn51hCKXrOvya/bg=','22eao9NhGUbvdDH/9zsaJOFA6gimn802WtoCF1stc2A=','B1999864094',NULL,'Bremen Westend',NULL,'DE',NULL,'133@test.de',NULL,'Aurélie','A503689339','Dubé_test','0421 22 92 56','28217','Sehr geehrte Frau','Genterstrasse 69','Dr. hc mult'),(551,'pJigtAucw61SFOncToUiM/xVyN/N3fi+qVF8Wjb5q70=','YnlnTTDDQXi9Ga/pN5TMS0rd7LFN3oPIsJMS3Gz8OKE=','B1382230888',NULL,'Siegelsbach',NULL,'DE',NULL,'147@test.de',NULL,'Helena','A-1121400440','Kovácsová_test','07264 69 97 09','74936','Sehr geehrte Frau','Sömmeringstr. 12','Dr. hc mult'),(552,'jpma318DbYi0h0DnbJCMJPTdnm962oWgg4f1Mbn2AKc=','rwItQCgSemIjtXUrj+9BmWfXc4kfcC9ucoAOIia6IDU=','B-1258111200',NULL,'Corserey',NULL,'CH',NULL,'142@test.de',NULL,'Agate','A-1056539599','Mailloux_test','026 457 78 42','1747','Sehr geehrte Frau','Untere Aegerten 14','Dr. hc mult'),(553,'3KoVfRlRFi4+auAxVy+/vzmViLO5601nMlFLhe7QQ9k=','Avlm+ltAx+lkMDIXK7XhA+Duj3BpH4vqngcxQxD9lsg=','B1178743730',NULL,'Golaten',NULL,'CH',NULL,'442@test.de',NULL,'Šarlota','A2110427082','Zlámalová_test','032 902 82 69','3207','Sehr geehrte Frau','Bahnhofstrasse 146','Dr. hc mult'),(554,'8zjAwqXrmfOzpxsrOlE3KfxlRAmz0DeIa+PiwtJ6JB0=','+pB4p+ceDOcfdAAhk8TsBrBSCwQkSwWy9tr/kKnVLjo=','B-748165609',NULL,'LA ROCHE-SUR-YON',NULL,'FR',NULL,'142@test.de',NULL,'Diana','A1775468377','Junker_test','02.24.69.92.82','85000','Sehr geehrte Frau','50 rue du Clair Bocage','Dr. hc mult'),(555,'PgwiAzwNdz5ihm5P9O0p5G5fUr6J+N9Ifu5B8Uk/wc0=','eJMYfxNyLPf/QKedmb1uzW4cI5P1/q78e+WOpcw20w4=','B-148839234',NULL,'Staffelstein',NULL,'DE',NULL,'157@test.de',NULL,'Signe','A316530620','Jimenez_test','09573 33 52 03','96227','Sehr geehrte Frau','Borstelmannsweg 34','Dr. hc mult'),(556,'Gs4wcSGa75QU5G1rL+ZxPAtsqU3a+bQhlfeb6F+7IDU=','nYEFf9WKGjRvPgENOn23WdUQoEWYOKR9AqcKh9NTooQ=','B556994089',NULL,'Waakirchen',NULL,'DE',NULL,'161@test.de',NULL,'Václav','A-1488260756','Kahoun_test','08021 98 24 86','83664','Sehr geehrter Herr','Waldowstr. 46','Dr. hc mult'),(557,'2O/6r+kO+7fjXts6fSRXIjAP/gzVn5y+0S8fAJhjJis=','kS4B1p2VmQgveCAGYja/PQelRbyLt8d2L88m+RN3ywk=','B-479592164',NULL,'Moncor',NULL,'CH',NULL,'134@test.de',NULL,'Daron','A-1734362453','Brown_test','026 218 75 11','1752','Sehr geehrter Herr','Hauptstrasse 55','Dr. hc mult'),(558,'sM8/TTy32fUfHvsnog0kLMNprrLJegqKmUrlfJ6vN0c=','YXvEaMGVAX7qYTFCkVB0I7nrHp5YEl/3Arf06CYmrxE=','B95628880',NULL,'FORT-DE-FRANCE',NULL,'FR',NULL,'142@test.de',NULL,'Lenka','A216585563','Burianová_test','05.50.14.90.07','97200','Sehr geehrte Frau','83 Boulevard de Normandie','Dr. hc mult'),(559,'Na5tfxD9GEnylttErIDfWWTM4KYwwhU9InqJCUY2p1M=','bWtKruBC+SyREmQ6TZ6kM7BkuT9+mSGoATn+c7m41k0=','B-591515910',NULL,'Wittlich',NULL,'DE',NULL,'154@test.de',NULL,'Cyryl','A-1420807199','Wieczorek_test','06571 94 58 76','54516','Sehr geehrter Herr','Luetzowplatz 47','Dr. hc mult'),(560,'rzfPCzm3H5E3HWlAeEOc05f745H1EVxTZxo722cJrh8=','U2NTgy8FvaELA20Ax74UGtK5sc9hDyvHYPsWxh6sb7I=','B-1485985610',NULL,'Gdańsk',NULL,'PL',NULL,'148@test.de',NULL,'Rahaf','A-1153985872','Baz_test','66 545 88 13','80-807','Sehr geehrte Frau','ul. Biegańskiego Władysława 66','Dr. hc mult'),(561,'T5kwttpWoUPzwtSsqRcTeyVgNMqBW1SlgcjgIRkTK84=','xJAToVrFdjpxQ0uaMoew3zszLpSd12tSoiHAlf99itw=','B1144508050',NULL,'Tobel',NULL,'CH',NULL,'161@test.de',NULL,'Roch','A-2133022606','Ouellet_test','052 516 97 62','8634','Sehr geehrter Herr','Piazza Indipendenza 28','Dr. hc mult'),(562,'M0bautTXNkN6ZVQi1Gj+ueFzcVrVvthwVwUxwcB8Wkk=','000zM4Wfbl/9wArbf6vmXUH1Zhoaqzn7fbgJp3bH68o=','B1171376197',NULL,'Plauen',NULL,'DE',NULL,'144@test.de',NULL,'Bishr','A1179548915','Naifeh_test','03741 38 39 29','8505','Sehr geehrter Herr','Schoenebergerstrasse 41','Dr. hc mult'),(563,'Qje5+jG3KF8KsXnT+CvaQFPdwlLIyDu+h0L2sBRuCVs=','OLLiDQtjrNiZef4/eTL219dz/zxODAtPJTU1g5aprec=','B-9354270',NULL,'Ritzingen',NULL,'CH',NULL,'136@test.de',NULL,'Afra\'','A2039426868','Ganem_test','027 960 68 27','3989','Sehr geehrte Frau','Wolfensbergstrasse 74','Dr. hc mult'),(564,'hPbcgRrqVjOAXAuftnhwtygsPzmXDdTHCC4pAtUyX0M=','NOJ6ajfiCaFN1+mroyxZauhVy/Mm3+rrhQB2tCIf5zk=','B724435838',NULL,'Lüdenscheid Brügge',NULL,'DE',NULL,'149@test.de',NULL,'Henryk','A-1180242610','Michalski_test','02351 02 04 57','58515','Sehr geehrter Herr','Augsburger Straße 78','Dr. hc mult'),(565,'8IYMeAnz/b9E/yyaieQzlHE31NlTRlAVqTN5/SZ0PBo=','NIKIxg2zhoP+yN/H6VyzcQ80BitSozqGl+zjq8B0Q4I=','B1782163362',NULL,'Vuarrens',NULL,'CH',NULL,'142@test.de',NULL,'Anna','A-218725106','Mikešová_test','024 602 98 55','1418','Sehr geehrte Frau','Via delle Vigne 108','Dr. hc mult'),(566,'HYY3rstxdZF2lidNyS1lFZ3j1g3NyQ9bKerIF3ockT0=','vtfyZENdCsuD2nhiEOdhI+4BucgKUNQb+23/YLA6Tsc=','B-902424438',NULL,'Szczecin',NULL,'PL',NULL,'155@test.de',NULL,'Eva','A-1846095245','Veselá_test','69 312 59 57','71-713','Sehr geehrte Frau','ul. Sośnicka 137','Dr. hc mult'),(567,'Mf+8mp3MTOxw+JLj8xZ/s9rZAGinNA6qoBbjZ6p4zEU=','gs5dzPprBRAkjKTFDkmgkCVsFWUYZ5w4du4k5ePsqPg=','B1194267507',NULL,'PARIS',NULL,'FR',NULL,'169@test.de',NULL,'Robert','A-1851131531','Waterbury_test','01.07.57.60.33','75002','Sehr geehrter Herr','68 Square de la Couronne','Dr. hc mult'),(568,'jxdLWB/wRmNBrQQx3KP+ys9qvJORSIcHiMj2hqB2O/s=','s4/YeUhFhpWjBgqdNgHCHYo66mHyLva7dO52o0G3L/E=','B-1748609394',NULL,'SEDAN',NULL,'FR',NULL,'147@test.de',NULL,'Andrea','A659151549','Rousková_test','03.80.98.28.02','8200','Sehr geehrte Frau','33 avenue de Bouvines','Dr. hc mult'),(569,'8ugrungi+516O7nVqXhjio+a1zKfsPX5Z4KiXweSwr0=','ONvnKFb/3zjepo/YbsZTEG7EwX8OXDai6IWruucfKx4=','B1093991764',NULL,'Wil',NULL,'CH',NULL,'169@test.de',NULL,'Vilemína','A-557768908','Slabá_test','071 886 39 97','9500','Sehr geehrte Frau','Lützelflühstrasse 47','Dr. hc mult'),(570,'kF3PHwWe+G34RaS6rhwmO+CHno4/F1sSzR5vuC8uL14=','aEHH0LDzJs1wH2VS6pKhzgCWjHx5bvvKjC39DkeE6Z8=','B-1618892733',NULL,'LA GARENNE-COLOMBES',NULL,'FR',NULL,'154@test.de',NULL,'Rasil','A159423637','Haik_test','01.28.09.15.83','92250','Sehr geehrter Herr','30 rue de l\'Aigle','Dr. hc mult'),(571,'he0jPWiGlc2LU7kibb3gMFElx4KIepnWlnpBvosL+vo=','rRijmKjrR/8zlyST5HBSAHqmzasK0IVkZU6krmTKahI=','B338712153',NULL,'Łomża',NULL,'PL',NULL,'153@test.de',NULL,'Mariette','A-1525725845','Laforge_test','60 487 69 32','18-403','Sehr geehrte Frau','ul. Stanisława Małachowskiego 85','Dr. hc mult'),(572,'S+cPRVNmNVI4Mh9FhUI1itsBy5nbEQaWvNd3axHotu8=','n0Cs19U+skZaqZJUzKX5GmXkpPdQoGn02x6ftqkEde0=','B-1515375675',NULL,'Jastrzębie-Zdrój',NULL,'PL',NULL,'142@test.de',NULL,'James','A-1041276649','Digirolamo_test','53 326 07 49','44-336','Sehr geehrter Herr','ul. Spokojna 64','Dr. hc mult'),(573,'6P+En5K3HFw5ttJsKy6rMLJkfL+zsOZtdGkOGKTAxv8=','s2QCGOuNZwC0cYqf9rol1V2Fs5kILYho3aTHDvb1khk=','B64643229',NULL,'Nordheim',NULL,'DE',NULL,'148@test.de',NULL,'Kelsey','A-592511783','Ignacio_test','036944 03 16','97334','Sehr geehrte Frau','Pappelallee 63','Dr. hc mult'),(574,'LAJ6g4baO6OQyrI0o+c+ZfZRTEwxzqCq+70XxxKJ488=','0oj3nonzy5N4/vOZYrJIbEAzaU4Ek29jqd+aJ87Ue0U=','B-343563350',NULL,'ANGERS',NULL,'FR',NULL,'141@test.de',NULL,'Florence','A-1404275468','Guimond_test','02.31.52.00.86','49100','Sehr geehrte Frau','29 Chemin Des Bateliers','Dr. hc mult'),(575,'938vhseBRhVbHWa78+00f/b30Edmp+4P5r5Q4Cx+4vI=','gc1yce1A//LULYriEj+Yxyz8CtB3i0u5N+78n5oA39w=','B789999736',NULL,'Brücktal',NULL,'DE',NULL,'147@test.de',NULL,'Marco','A-1721094819','Freud_test','02692 70 57 74','53539','Sehr geehrter Herr','Augsburger Strasse 55','Dr. hc mult'),(576,'1z6OeM892+u6Ewgbi0N0bG+iPKfHCbguRAHHanmcnSk=','skl+wJNKDe+DBfIe6SIVQuVrCLV9KoFkaVGlyaKbyeE=','B-1166578347',NULL,'Gdańsk',NULL,'PL',NULL,'150@test.de',NULL,'Krzyś','A-1313332327','Król_test','69 963 87 21','80-557','Sehr geehrter Herr','ul. Załogowa 33','Dr. hc mult'),(577,'wkpeReKn6kAeh9pMMmN93gJittmlwYW5NjfKIePodY0=','NsGBlLyW5ImhlIxxLX4HfUKnU56Xc1/Y3pqDQhus2gA=','B1279659245',NULL,'SAINT-DENIS',NULL,'FR',NULL,'152@test.de',NULL,'Muyassar','A-1907392583','Khoury_test','01.01.12.33.26','93200','Sehr geehrte Frau','33 rue des Nations Unies','Dr. hc mult'),(578,'2umYUK8vosEwKpA1f71WpKbuiMqv75DMbt3ybBfxSFs=','jzGhmxJUA1JLD36ycSYR9HMg+oPvXKPPVOhcKCdZbOk=','B-1486575476',NULL,'Köthen',NULL,'DE',NULL,'166@test.de',NULL,'Sławomir','A-1868119920','Symanski_test','03496 84 31 55','6351','Sehr geehrter Herr','Flotowstr. 70','Dr. hc mult'),(579,'DEnFTyc0tETTcO6D1o77Ud+NJ1sZdB11T3vEq4uNdU4=','rC3mO2/UGe8tVM6CrqLeN2Onnj/08vMG7If/zqzB+8w=','B-489020570',NULL,'Westoverledingen',NULL,'DE',NULL,'158@test.de',NULL,'Lucas','A-2037506151','Rocher_test','0491 14 21 79','26810','Sehr geehrter Herr','Spresstrasse 40','Dr. hc mult'),(580,'WVEhGc7CtBpMX4N9kF9FROtMRkeC3IEm/M1H2QpVx7s=','nMmgoi72fFkkuNPeHDNo2HCXa/VOnSAQ62ZZTs/Wi2Q=','B-826782648',NULL,'Bad Tölz',NULL,'DE',NULL,'149@test.de',NULL,'Johanna','A-1776852186','Köhler_test','08041 74 29 86','83635','Sehr geehrte Frau','Gubener Str. 48','Dr. hc mult'),(581,'JDEBYtomEnuxpfHSARn+sOu2oJjvUPPye7idVz7KIZU=','+p3hL32VA2PBiPTRASNt7VgXOm6GFrh2Ur3zrJj5d1w=','B-1894301022',NULL,'Inning',NULL,'DE',NULL,'139@test.de',NULL,'Gabrysia','A767367635','Dudek_test','08443 22 96 18','82266','Sehr geehrte Frau','Rankestraße 44','Dr. hc mult'),(582,'/5VVh4AGRlHWFK8zn6ItnqH/+DQdY/Y2IdSfQVyjiZs=','Xgbz+OMqzqVxTjg93tkuTgxcRGl/FPhRBSMGV2VcclE=','B-173022004',NULL,'Warszawa',NULL,'PL',NULL,'147@test.de',NULL,'Christopher','A-1240975282','Petrella_test','78 285 04 06','03-802','Sehr geehrter Herr','ul. Skaryszewska 36','Dr. hc mult'),(583,'k45ctVkPeE86yDYviRjF/nNlskU0HJRNsffyPrSN3f0=','51qj83o9kGTnANhLWvu3/hjVAD5gHstGcwf8iC86L/k=','B-504491794',NULL,'Dąbrowa Górnicza',NULL,'PL',NULL,'160@test.de',NULL,'Michelle','A-1471948048','Stevens_test','78 264 35 51','41-300','Sehr geehrte Frau','ul. Świerkowa 126','Dr. hc mult'),(584,'257VkKR9IzVLAuwsd/hyNHO1qcTt09g1iPfCMaOyGlU=','R/NNYNiy51x5E7cBLiSaH9UCc0Vosr1VMWWMhmDVkRk=','B-1304291591',NULL,'LES ABYMES',NULL,'FR',NULL,'144@test.de',NULL,'Birgit','A1690537669','Neumann_test','05.08.61.74.91','97139','Sehr geehrte Frau','64 rue du Général Ailleret','Dr. hc mult'),(585,'eFiTy+ESQkVnbis4Ie5OYk0YVurl7gSoevZMEf7S02w=','iZMqRm38rp0otmc35anA9yJLpRxZIdjVFePNUCv8/38=','B254308754',NULL,'Częstochowa',NULL,'PL',NULL,'65356@test.de',NULL,'Max','A-1813147157','﻿Veselý_test','60 527 08 77','42-202','Sehr geehrter Herr','ul. Dojazdowa 113','Dr. hc mult'),(586,'wUNZGwlAqAVNFnNeHJHvKzFLQ4FBuviVw2HxNeZ+Z1s=','WhbRL2eZdmQhkjiK3koxHZdh7Ca+B5qHpiklwiXzLc4=','B983139551',NULL,'DZAOUDZI',NULL,'FR',NULL,'146@test.de',NULL,'Fanchon','A1856962934','Lemelin_test','02.36.34.96.80','97610','Sehr geehrte Frau','51 Avenue Millies Lacroix','Dr. hc mult'),(587,'Cwf4xbGFqr99bXZvDVfWlBcpZFgcOoxPk6AEU7bEyu8=','DYHemNp3dTcb6jh1HE+Mw3o3LGzcdODiTuAVYgxyqsE=','B-1690366578',NULL,'MARSEILLE',NULL,'FR',NULL,'148@test.de',NULL,'Ania','A-653690056','Sobczak_test','04.68.04.55.86','13002','Sehr geehrte Frau','58 rue Beauvau','Dr. hc mult'),(588,'m6T8L/PW92r+orBUVwG9bgz7EdyNP3FsFI+9kFLVlZk=','oubhnikyxohdNx/t+xAdxf92SQyrpQltm0zdz1CUD7s=','B-595531881',NULL,'Gdańsk',NULL,'PL',NULL,'162@test.de',NULL,'Roger','A-218602465','Pouchard_test','53 497 44 35','80-057','Sehr geehrter Herr','ul. Związkowa 6','Dr. hc mult'),(589,'0kpQLQfAwN0bmh3z/4vSZYdCu2Q3KEtyWen7KppZY3g=','i2p5pKln13Z8zZiPeRrGhh1EQo8iuiJYktAHW6UqBeU=','B1328690054',NULL,'VITRY-SUR-SEINE',NULL,'FR',NULL,'148@test.de',NULL,'Gano','A1242978311','Masson_test','01.32.00.55.63','94400','Sehr geehrter Herr','81 Rue Bonnet','Dr. hc mult'),(590,'yiTmVBsLyVF0/jjXIgPi014AM6iOrxnq3F0Yj84rl9I=','0NhGr2aNTgzlLGpOAmUFAtlMBceMEGrc95dE3iPWpvc=','B93745743',NULL,'Loveresse',NULL,'CH',NULL,'138@test.de',NULL,'Bridget','A487740979','Hartman_test','032 986 74 18','2732','Sehr geehrte Frau','Betburweg 103','Dr. hc mult'),(591,'qL2RMsBI9n7CAPDRCSVyQGtioxbccdmPuiQfg79s6fs=','UEFrqTP92qi7/Z3R3U62qbiRHNj4nMREEsZBksajQ7I=','B-822328583',NULL,'Grancia',NULL,'CH',NULL,'166@test.de',NULL,'Shafeeq','A-82340407','Srour_test','091 824 32 34','6916','Sehr geehrter Herr','Stradun 14','Dr. hc mult'),(592,'4hjxXWrRYLzW0OMDzLbmIkMZp1tfA0+b4uDOtMeYz/U=','psTPGHv06RMePaMTUpvWQiFO5MVIRdEPtIhDxNKobmg=','B870961829',NULL,'LUNEL',NULL,'FR',NULL,'147@test.de',NULL,'Lukáš','A-341008382','Giňa_test','04.13.04.28.82','34400','Sehr geehrter Herr','72 Rue Hubert de Lisle','Dr. hc mult'),(593,'+Mur9w2sSRq9EA059EtV2yq6CutWcSbGx3DWy7qVMvE=','FzoVOiKHpibGoGGvAJ+kuPw04Uhrn7UX5fEpimydIrU=','B-1511844167',NULL,'BASTIA',NULL,'FR',NULL,'145@test.de',NULL,'Edwin','A-828970509','Lawrence_test','04.17.79.52.80','20600','Sehr geehrter Herr','97 Rue du Limas','Dr. hc mult'),(594,'GqBDfwiazzLG6XnxDlAw28Xi739ig///3yzXJ27WL/A=','9Pt0LRYYcWKVVlY9M7wcKOpUIm1fEL8cWo64O0RGuAw=','B-1391893959',NULL,'Kraków',NULL,'PL',NULL,'148@test.de',NULL,'Adn','A1341308439','Samaha_test','79 901 67 24','30-124','Sehr geehrte Frau','ul. Piastowska 102','Dr. hc mult'),(595,'tnC2Z4ScjU3i8xqrvo9ooiq2v459SOoOwnfNU3bn0O8=','AhqafBHrHBz/y0Jbr91GSXDkZy533wz2tBy6TrnZqMg=','B-2041503081',NULL,'Langewiesen',NULL,'DE',NULL,'148@test.de',NULL,'Anja','A1295869441','Scherer_test','03677 27 30 09','98702','Sehr geehrte Frau','Eschenweg 24','Dr. hc mult'),(596,'TyFEf+RAXFJQJiMbc5esMj/uBokAU4B/0OeZgknMiKU=','SbDbo0q3nupj3JQokKe2QWHXGW1e5ZYfvKaTQcuar54=','B-591897219',NULL,'Jastrzębie-Zdrój',NULL,'PL',NULL,'140@test.de',NULL,'Abdul-Rafi','A-409125152','Koury_test','66 904 46 18','44-330','Sehr geehrter Herr','ul. Poprzeczna 23','Dr. hc mult'),(597,'eVPcchM3Wtpv0+g5avm+AOvVD3ER+Qm1aKLN5pbvqAc=','nX4VOe+1yTfjnWruW5jjqp53PLp5nLNbg2wjndehBaM=','B-533317539',NULL,'Mikołów',NULL,'PL',NULL,'153@test.de',NULL,'Izaak','A303777725','Piotrowski_test','66 568 71 20','43-190','Sehr geehrter Herr','ul. Staropodleska 122','Dr. hc mult'),(598,'t0LknAKe8HAfnwZLx+uv8eCBq5/FVJDXU9u+bHzR+kM=','FErOIUDQLEYZB09at74oQdd9Mmy3cNZj2zSRAuWwQHs=','B902902734',NULL,'Gdynia',NULL,'PL',NULL,'134@test.de',NULL,'Burnell','A503895700','Dostie_test','69 503 63 46','81-601','Sehr geehrter Herr','ul. Westy 106','Dr. hc mult'),(599,'jzTXmmULk9Mxu/KSSaikESSrNFlZm8f1BwNQ3reKlaE=','uL4+dIgFoQkVkLWSNeWLN4aIm+hGOeBw1YwNs1hOf14=','B209397760',NULL,'ÉCHIROLLES',NULL,'FR',NULL,'152@test.de',NULL,'Tabor','A157682112','Déziel_test','04.35.56.81.76','38130','Sehr geehrter Herr','17 Avenue Millies Lacroix','Dr. hc mult'),(600,'uUJgb/dD4i+okZJuZ/Wxh3XxIW0xAZilfTJkoh0oZP0=','8iZNadSNbCmzS/UntNG224rQNpNKk7OfHstBEOS+R+c=','B745817288',NULL,'Bydgoszcz',NULL,'PL',NULL,'136@test.de',NULL,'Blahoslav','A1448103248','Fiala_test','72 206 03 26','85-792','Sehr geehrter Herr','ul. Andersena Christiana 103','Dr. hc mult'),(601,'ejpn6FXdylfKlY/qHFjmORlri/R4uaZl3byplkbOr+E=','WhQjbfU9Pg/cU0myCw4c/6UWLyyvA3ch4PYeZTiVkK0=','B-854413546',NULL,'Ruda Śląska',NULL,'PL',NULL,'153@test.de',NULL,'Kajetan','A1441298489','Nowak _test','72 492 97 49','41-706','Sehr geehrter Herr','ul. Dziewanny 54','Dr. hc mult'),(602,'AxKS2qnTPUPbcGKgcNWRo8dnQFaCuX1k23ldWVPxdYQ=','v8ez6T63iCfkcxSwtWxUZ1OdvFwNXEIZyqmibaGKuJc=','B-1043030315',NULL,'Horbach',NULL,'DE',NULL,'152@test.de',NULL,'Michelle','A9743235','Klein_test','02602 71 05 72','55606','Sehr geehrte Frau','Stuttgarter Platz 16','Dr. hc mult'),(603,'QSdUwxAHlLufyC0IdO2UvWDOAzi3IaBhCpTASy2klJE=','2ZOPfaaFOlFOxsEYNKKGi+43VFL3ssyNROjhKGIM+YE=','B719678341',NULL,'GAGNY',NULL,'FR',NULL,'156@test.de',NULL,'Rościsława','A-757543444','Jasińska_test','01.31.47.71.79','93220','Sehr geehrte Frau','5 rue Saint Germain','Dr. hc mult'),(604,'CLbtCJRFb6IJHFnMtLU+8LqLExlQ7OvH/PEKlBdrrQo=','GEkP8LBc1cmCGiTz1knOduYBiCatrb2PRFKcvdH3QuI=','B1425642247',NULL,'Esslingen Oberesslingen',NULL,'DE',NULL,'151@test.de',NULL,'Karen','A-378451828','Lyda_test','0711 86 76 76','73730','Sehr geehrte Frau','Neue Roßstr. 22','Dr. hc mult'),(605,'gn5kBJKU2XON5uXPb4ONIx4KVzTXHO3xFCCpDneLswQ=','5CI+T0JS/9Mp6nyRgauWZ2ELdcX9XsaAoTYt/SUnojc=','B612222333',NULL,'Warszawa',NULL,'PL',NULL,'159@test.de',NULL,'Ralph','A8723837','Möller_test','79 746 34 24','04-533','Sehr geehrter Herr','ul. Cedrowa 42','Dr. hc mult'),(606,'k2Py564uabRsb+2XgIiPfUziYlqX8XEBTdtqOFfdXiI=','1kap0tbvedtBlSWtyBaFiZn513nMeR+0QSr4Tpi3004=','B1239757352',NULL,'MAISONS-ALFORT',NULL,'FR',NULL,'159@test.de',NULL,'Tymon','A1380949921','Kalinowski_test','05.43.76.22.96','64700','Sehr geehrter Herr','84 avenue Voltaire','Dr. hc mult'),(607,'JaFyob2PpslNJc8MadJXNrC4hCgyzkaUtt/JyidfGxg=','ThGoQc+2BZrk6rS7dzizaHUJ/lkEldF2turfvYetRwA=','B-1254882137',NULL,'Gärischwil',NULL,'CH',NULL,'149@test.de',NULL,'Chad','A1787202287','Ryan_test','062 543 36 55','5645','Sehr geehrter Herr','Via Schliffras 98','Dr. hc mult'),(608,'c9ipbAoYpv8vEPejGn+MT0TUaPPUBZdmFN+XuKrGcG4=','oWaW+zwKd/EuyW9zhNLHpUoN7cV3/suIYlE79XOqHR4=','B922552078',NULL,'Wrocław',NULL,'PL',NULL,'144@test.de',NULL,'Denisa','A1042878194','Lindnerová_test','79 478 33 25','51-687','Sehr geehrte Frau','ul. Kosynierów Gdyńskich 105','Dr. hc mult'),(609,'5NB7Lb37u38d6WRfymHnZTLYdLxFB5vM30cij8aWs/E=','aLNuQdjAQFAkWjKVMAbwt6hVsV/MJRl9uts5ImcSrPg=','B2078934174',NULL,'Świętochłowice',NULL,'PL',NULL,'149@test.de',NULL,'Ma\'mun','A-1305470618','Halabi_test','72 191 61 84','41-605','Sehr geehrter Herr','ul. Zubrzyckiego Franciszka 100','Dr. hc mult'),(610,'r5U8tcVG8uAYqBJDQmPf6WUD3Ub30xotLELut+R0S6E=','JSCLSot6E4AmKggQKCVGenFmPsCfhH5CRbx9bgx05Go=','B-661413326',NULL,'PESSAC',NULL,'FR',NULL,'145@test.de',NULL,'Agramant','A109241613','Petit_test','05.54.86.11.73','33600','Sehr geehrter Herr','74 rue Clement Marot','Dr. hc mult'),(611,'pFHnAe65N3JN7HqQ+Y0OluLTzrIA2vkYyBrhYN14UxY=','yYVUJs2s+FWr524grecx0Hr32/nQEep2D8C7GvG+rKM=','B1701395613',NULL,'Helmstadt',NULL,'DE',NULL,'162@test.de',NULL,'Urszula','A-671739596','Majewska_test','09369 14 58 15','97264','Sehr geehrte Frau','Alter Wall 95','Dr. hc mult'),(612,'tQaCyEwgP4sSd7nSN16R7vfdA/XRCJsBfrq+boY/WFk=','6OrOuktmtPTftGroJh3Of8F/9A2yYjQVhmcnubOyG+w=','B289852035',NULL,'TOULON',NULL,'FR',NULL,'159@test.de',NULL,'Kulthoom','A-1840029564','Totah_test','04.42.89.63.86','83000','Sehr geehrte Frau','17 rue du Fossé des Tanneurs','Dr. hc mult'),(613,'DQ5oOQTn6H5IqsbMWn7Jp/6sgJ/7vTmnyTbBhcSV5xg=','V4x0RdPZYy/bRof+QCvID5cZ2Qd69/GbPEoNrpMEoVE=','B-529723782',NULL,'Kielce',NULL,'PL',NULL,'149@test.de',NULL,'Maysaa','A-556318190','Hanania_test','66 546 71 31','25-359','Sehr geehrte Frau','ul. Zagórska 68','Dr. hc mult'),(614,'fMRgE5yuuw1h7Z4mnJUkR0xoqqRuy7e1hqyqdRPWnxM=','h9lru3xxL3VaPFMvYP4bFSKbhWG5KcRUxstYF4oEZ1U=','B-724605064',NULL,'Arnstein',NULL,'DE',NULL,'136@test.de',NULL,'Azza','A574916044','Gaber_test','09363 88 47 41','97450','Sehr geehrte Frau','Alter Wall 3','Dr. hc mult'),(615,'MhLOq3bTrRZ/Gt0UUI00JeUIwHAlfzMjdd5vrcs0xII=','yxXlTyOrMSiWYwSiL3CjifX3v0EtlrXZu6SXQlwF3wM=','B596545747',NULL,'CHÂTELLERAULT',NULL,'FR',NULL,'154@test.de',NULL,'Patricia','A-1247697491','Jost_test','05.73.61.30.19','86100','Sehr geehrte Frau','62 rue du Gue Jacquet','Dr. hc mult'),(616,'YgeG7IHjjBL6My8oOgZynsAMg/HwPzf0FqUvph9IJ10=','L6lT1nEt1Ow7CslhYlJ6V20/H8DmrzDBiwI5q31doKM=','B1864202339',NULL,'PERPIGNAN',NULL,'FR',NULL,'158@test.de',NULL,'Gabriele','A1840508776','Wechsler_test','04.20.49.19.34','66100','Sehr geehrte Frau','52 rue Clement Marot','Dr. hc mult'),(617,'hz1WvMYBwd1JrXRQuXbg3BHnrxQOrcdFBjvjSTbyaqM=','Sg4MOtt7RGG0Gg/bGLiuPpTCXlpT0ZfLJbdRvelECnw=','B1055279238',NULL,'TROYES',NULL,'FR',NULL,'153@test.de',NULL,'Stephanie','A2004887140','Faber_test','03.74.06.56.26','10000','Sehr geehrte Frau','63 avenue Jean Portalis','Dr. hc mult'),(618,'ejfU4QJBqliNNJzsbCC4xfmZ+EacQ5z/ID8WkEBQzrE=','rvF6kgdVxlTa3qothAzdoUaoOtezl/AiOI2Ej8nKszI=','B745254157',NULL,'Białystok',NULL,'PL',NULL,'171@test.de',NULL,'Tina','A1899589','Whitcomb_test','78 362 46 47','15-777','Sehr geehrte Frau','ul. Działkowa 115','Dr. hc mult'),(619,'EGMZWqL9/l+1FjbkLz/GSEmAbXLZKvR+it+W+8gbUSA=','95gh3jGeYwmvzTxttNk3W2yvGZ7yBnWGTS8gHb0std4=','B395019622',NULL,'Nunningen',NULL,'CH',NULL,'146@test.de',NULL,'Leah','A-1747481008','Fleischer_test','061 667 97 56','4208','Sehr geehrte Frau','Caltgadira 148','Dr. hc mult'),(620,'8viVFpDHgEdHXDHm7v91KhQ2ewAug58hBXtxwyl0mr8=','KoAZehs1q2eCYEfSbII68kVFhCaPdFU5swXgp+RzgEE=','B-845450370',NULL,'Magdeburg',NULL,'DE',NULL,'162@test.de',NULL,'Zdeněk','A1233977448','Havlena_test','0391 02 04 19','39012','Sehr geehrter Herr','Unter den Linden 6','Dr. hc mult'),(621,'lFGtP44R0WNloeRsEmnRSC4zdbj/TfTLlI8lsv3sn/U=','vZZkiRilEHH25HSyNfsFmHzALmlNvgbJ5Wegk98K69I=','B-111126998',NULL,'Kędzierzyn-Koźle',NULL,'PL',NULL,'153@test.de',NULL,'Nuwwarrah','A-1185619324','Kanaan_test','78 697 04 81','47-224','Sehr geehrte Frau','ul. Odrzańska 150','Dr. hc mult'),(622,'6vOuohVcxKPgtVt91ZXvxQvS3mnwoD2gof3z8+drJ9Q=','FXNnWyVLowUgNr7Gg7n5YOO7OVBC2wyxTJ/SBlJl/Qc=','B1474531099',NULL,'Uznaberg',NULL,'CH',NULL,'148@test.de',NULL,'Alfred','A1821858758','Sandoval_test','044 854 55 21','8730','Sehr geehrter Herr','Via Verbano 41','Dr. hc mult'),(623,'oRx2FS+W8/cmgIdR+x8F/puafhNqki12JfMHMcaNpWc=','WKATd70tbL3nB/57xUHdLeJDNx6wZXOtjPMAK1pY98Q=','B1326729128',NULL,'Hegi',NULL,'CH',NULL,'150@test.de',NULL,'Ruby','A-1787842923','Duffet_test','052 921 14 93','8400','Sehr geehrte Frau','Höhenweg 43','Dr. hc mult'),(624,'fWNxPG9ZZfidVrL48mmi4EGYt5Ma7sOV3NMhk9Qx32c=','uNWRMKe63/nXhXH9Jo+sHeBA9SpBMVG796v4EkseWK8=','B-320303882',NULL,'Brieselang',NULL,'DE',NULL,'158@test.de',NULL,'Sandra','A1798937458','Kastner_test','033232 70 11','14652','Sehr geehrte Frau','Schmarjestrasse 38','Dr. hc mult'),(625,'YB/84MZYK29A5Zf8xQpcqskEUP685byOkTYKqR5p82s=','1b54kn/k+alBKrpj64CqijW4iR0NayA01MzBN3HjVZ0=','B-399023292',NULL,'Detmold Hakedahl',NULL,'DE',NULL,'154@test.de',NULL,'Xarles','A214369372','Boisclair_test','05231 45 71 81','32758','Sehr geehrter Herr','Bleibtreustrasse 29','Dr. hc mult'),(626,'kBN6yGr+91hFYpHOgGDC0eqnZcD9MsuRrgTwzP3ShJs=','VUD21bb9coNPnTpR9/z5m0uV+DNYKsjhK8rITP5tJQk=','B1106749793',NULL,'Warszawa',NULL,'PL',NULL,'160@test.de',NULL,'Umair','A947783933','Kassis_test','79 464 32 70','03-255','Sehr geehrter Herr','ul. Zbożowa 95','Dr. hc mult'),(627,'TUqSLiAihGvPhaeabbpqg23H+Fbqm4+BiqAX8qb+9ac=','o6ppmGnLRj84xyK5lluhed9y9sZQyZ3XbD/Bj4Mkm0U=','B1423581346',NULL,'Bardonnex',NULL,'CH',NULL,'154@test.de',NULL,'Honore','A-773311494','Richer_test','022 964 34 25','1257','Sehr geehrte Frau','Wiesenstrasse 27','Dr. hc mult'),(628,'jIvYv1fniO1c38dio2kyB9mxq5Vrr4D2K7yDCLsbc7I=','oQsg2Cnwgmu0+hEQj/VdCCo9fOSwvRFW4fBaCt/dUI4=','B-1483605308',NULL,'Wartmannsroth',NULL,'DE',NULL,'138@test.de',NULL,'Ilona','A1487752217','Andrlová_test','09357 13 76 61','97797','Sehr geehrte Frau','Alter Wall 44','Dr. hc mult'),(629,'hXvNVw4Ig1RTPeyeKW1bm5vfpgaADsVkvJbKguBI2N4=','JpUjVLHXP6irb8CGK5AQJJyIIfgPr2iSNLwyTG4zJBU=','B-1932640606',NULL,'Siemianowice Śląskie',NULL,'PL',NULL,'140@test.de',NULL,'Asia','A-75857892','Król_test','53 195 31 72','41-100','Sehr geehrte Frau','ul. Brzozowa 30','Dr. hc mult'),(630,'3FysUItWNOpUIC8wQnUhWnD5KpvE1lA2/A0v3Tz08zU=','eGKZ0GhPMH4mLlwEtb5aKunjJ0GdsrQCQGWK5FOd9ww=','B385807792',NULL,'Kestenberg',NULL,'CH',NULL,'158@test.de',NULL,'Nicole','A-205127041','Propst_test','062 752 87 48','5642','Sehr geehrte Frau','Seefeldstrasse 129','Dr. hc mult'),(631,'+JOQdtQy0SA+WFv9tyyNHkS6WkGj5VxFDJu8pG2e3EQ=','+Kg2tW6J/Lv4LuLGD/xeLTEYRf5B8UXvBsjqem32Hug=','B-781731955',NULL,'Kindsbach',NULL,'DE',NULL,'158@test.de',NULL,'Su\'ud','A-2000989569','Koury_test','06371 12 92 43','66862','Sehr geehrter Herr','Anhalter Strasse 16','Dr. hc mult'),(632,'NkE2te5EeYO9v8EmvdWkUxZtfi6EdIxcIiwAvTR91h8=','NKV180bUqwHe8oc0CEKXyCg4Ok8ON9KEH1Jde+FeEiY=','B2004524595',NULL,'Brandis',NULL,'DE',NULL,'159@test.de',NULL,'Tarub','A-2013564398','Kattan_test','034292 08 59','4821','Sehr geehrte Frau','Hoheluftchaussee 1','Dr. hc mult'),(633,'2QX/NVGAz88rcRzZMxSMHAG9MVQfMYBylEyRyioDRMQ=','jE7cxfA5tzYO+l8EP8MY+Qljuu6uYLzVzB4VNlXUwqA=','B1792820363',NULL,'Neunkirchen',NULL,'DE',NULL,'281@test.de',NULL,'Étienne','A-1477790538','Plourde_test','02735 67 22 37','91233','Sehr geehrter Herr','Augsburger Strasse 22','Dr. hc mult'),(634,'PZs/3H6F17CKCJxZII7QPWvdv4GoQNglXAsyDN5O5Us=','5fp0KJaQoywYZy4CYguTm0XqNe68M7yKhT3eY26fUoc=','B-519767443',NULL,'Reichsthal',NULL,'DE',NULL,'139@test.de',NULL,'Andrea','A577419588','Jaeger_test','06363 34 19 32','67759','Sehr geehrte Frau','Anhalter Strasse 12','Dr. hc mult'),(635,'2a7lwt6nkodTCsxbcHE4iWe7NrMbYl3wsjLcrKqjCCg=','v0tC38BPy+Ijg3brPOXLhHtnca75cLttPu1SmltJn8Q=','B827532376',NULL,'Gladbeck',NULL,'DE',NULL,'133@test.de',NULL,'Bogusław','A-2113924822','Czerwinski_test','02043 47 08 72','45966','Sehr geehrter Herr','Rudower Chaussee 18','Dr. hc mult'),(636,'8jj8UvkeSZcN9B1rhB/j9dU+M8S2Azdd59EYF7qAE00=','Qbd0riFLw5qTRilmUp9OevPcbLlGuGgul6VbPI/uLpI=','B-2061657501',NULL,'Husen',NULL,'CH',NULL,'168@test.de',NULL,'Uwe','A759701944','Schneider_test','056 666 99 82','5426','Sehr geehrter Herr','Schuepisstrasse 87','Dr. hc mult'),(637,'I2/hLYWCrmCV20PV/QVJW9xqdQKe5ODE1RP5H/6VgWw=','7c5CDtip/itjCBi9rGNTjvX5bJUkToGAAZ2devN2iyQ=','B1419647287',NULL,'HAZEBROUCK',NULL,'FR',NULL,'153@test.de',NULL,'Frank','A-570720158','Sankt_test','03.59.74.23.28','59190','Sehr geehrter Herr','45 Avenue des Tuileries','Dr. hc mult'),(638,'pDLKLe/lt0Qsad5UtM43lKNTh0Rl9DiGf/H4sFWuqaw=','K9OOQ45tRTEC56BJaq5/JCwqTRMvALh6r+NM1U3BhOs=','B-1626388205',NULL,'Gdynia',NULL,'PL',NULL,'131@test.de',NULL,'Aymon','A1656518953','Brousseau_test','60 162 19 83','81-593','Sehr geehrter Herr','ul. Karwińska 32','Dr. hc mult'),(639,'vLL9yxDNuIzJm5/ZrlRjdQfLqv1WAk22iHjGfVeYiBk=','sYe7yGzf0z/StI/8eS04V54+HCxPtTR669MAPeHiNb4=','B1471140390',NULL,'Düsseldorf Gerresheim',NULL,'DE',NULL,'155@test.de',NULL,'Sandra','A145237637','Hartmann_test','0211 73 41 79','40627','Sehr geehrte Frau','Friedrichstrasse 8','Dr. hc mult'),(640,'24lwlcozs+rMkIIfTbhID2tCIptfHX7OmKVCqY3qRRE=','RPzjuZAfat4EY0tEOoaCUX5M3KvHypWHIgZaKP7XJaw=','B991771335',NULL,'Kraków',NULL,'PL',NULL,'149@test.de',NULL,'Susanne','A1422169225','Bar_test','51 858 12 22','31-321','Sehr geehrte Frau','ul. Fiszera Stanisława 21','Dr. hc mult'),(641,'bEM0rNrJdkCBfB2sNaaSI8v+xzxRuAWT3RzVFTRYYU8=','2/DeJK4IjsAumBnIEH8J20uU6c38dccTfeNR9Il9P5g=','B-176999598',NULL,'MONT-SAINT-AIGNAN',NULL,'FR',NULL,'169@test.de',NULL,'Vítězslav','A-941071076','Svoboda_test','02.99.16.47.37','76130','Sehr geehrter Herr','29 rue des Coudriers','Dr. hc mult'),(642,'FkeCJIx6dIG8vBrSDUl9AfZrb0iE3ygP19IxyRglN30=','luhaDeQnq/QukzbsCdzEXY+XqNXdWT7RVd+68Cy3ta0=','B925125806',NULL,'ARRAS',NULL,'FR',NULL,'159@test.de',NULL,'Luqman','A-1427938963','Shammas_test','03.97.61.57.97','62000','Sehr geehrter Herr','57 rue de Lille','Dr. hc mult'),(643,'svbby5qQDW6ywkHPYpBKfYkTRmbXZVhe4FxW6jrAgpY=','Sy+9FkWJGii5Z/pAReZurak9kldiLBvNeM6SO8WPA8Y=','B-1763036723',NULL,'NOUMÉA',NULL,'FR',NULL,'145@test.de',NULL,'Franciszka','A1928127771','Kowalska_test','03.73.80.88.07','98800','Sehr geehrte Frau','93 Rue Roussy','Dr. hc mult'),(644,'lzFeytaU94NwA2UDTK3tVTRpI/tnPWZz7ygj1YOEktU=','igFsdAbg/BCRNRnFt0qF+zAZbyXSDpZ8DiU0AcGbs9c=','B-581424728',NULL,'Alliswil',NULL,'CH',NULL,'133@test.de',NULL,'Constance','A-929486425','Berthiaume_test','062 551 53 62','5706','Sehr geehrte Frau','Postfach 131','Dr. hc mult'),(645,'1jhsH0PK9+rfXtqJA6osnSGjPJQeNcN8Ciyma16wV7M=','hU0514rcbOkxpYKeXbPm4h9DhYZRxcC/KgRvQx9+qzU=','B229783165',NULL,'Ecublens',NULL,'CH',NULL,'177@test.de',NULL,'Zdzisław','A-1891386079','Woźniak_test','026 556 22 61','1673','Sehr geehrter Herr','Casa Posrclas 142','Dr. hc mult'),(646,'qPER0ICPrURGFVtii1rQNqTSHCuIdrQB9OlKYkcsXOU=','BEqmapTur3TACk52YJGi1UmCjVatfRw90XWyIWPIjhc=','B1005414496',NULL,'Neuchâtel',NULL,'CH',NULL,'155@test.de',NULL,'Denise','A-107418316','Wilson_test','032 417 10 79','2007','Sehr geehrte Frau','Casa Gielgia 120','Dr. hc mult'),(647,'NZ9DVAI43fCW3Xe0+Cp7skwMHCuQvPVC+WZGVcOqM1k=','OrsPNjYymBmgpgWDkJfiHAV4X79PluekQegAnC00DBw=','B-2055783337',NULL,'Witten Stockum',NULL,'DE',NULL,'150@test.de',NULL,'Radomiła','A230504446','Duda_test','02302 86 01 49','58454','Sehr geehrte Frau','Augsburger Straße 57','Dr. hc mult'),(648,'EQl6tHpMP5flmENIyDKBX6BRVw9sgVYDBSOlMQS6p6Q=','q7bA6V2Nu3/52A4bG3636tbeoQq2h38LQ1jhyrkgzXY=','B-1879116129',NULL,'Białystok',NULL,'PL',NULL,'138@test.de',NULL,'Brandy','A-1663109544','Hammond_test','51 431 45 91','15-537','Sehr geehrte Frau','ul. Żółwia 77','Dr. hc mult'),(649,'/Tdk06QXUjaHDgL3UgsoMnyJR7nGrrkDrPODM+Ckzrw=','TT67eU3xixc2j8DvnhKnG9yYy4tYT5nWmIzJeTJFg/0=','B-1581376051',NULL,'Warszawa',NULL,'PL',NULL,'141@test.de',NULL,'Federico','A-1242038410','Graham_test','51 957 99 84','01-162','Sehr geehrter Herr','ul. Wawrzyszewska 7','Dr. hc mult'),(650,'p5cfJ+raLSn2J+w7CZ1DWn0F8UVojqDqz4QcGG5RYIQ=','KvKdLQbGHxG5tKq8ZFhwR6pxe5NkaO0Cot2+QdqHJDI=','B943583',NULL,'Alberswil',NULL,'CH',NULL,'133@test.de',NULL,'Donna','A-1806038009','Aaron_test','041 258 12 20','6248','Sehr geehrte Frau','Postfach 101','Dr. hc mult'),(651,'3vEoezUO06TCG28HUCcHV8oKTaN1auCxg5KRqBZqriM=','h5xuoWygxr0EERldqzEHRzuQVotb0DLIib7XYxO0aaY=','B-956185212',NULL,'Pohlern',NULL,'CH',NULL,'136@test.de',NULL,'Christine','A-1002524860','Early_test','033 373 23 50','3638','Sehr geehrte Frau','Avenue d\'Ouchy 47','Dr. hc mult'),(652,'Z9g/e+9BNGMwOC1fdmzmAgf6ANXeptMaa/7pMyQVuao=','dnl4yCptanmSJ42OPfJ1n6I+tCaH2NHZr5y4r+S51L8=','B-1872499425',NULL,'Warszawa',NULL,'PL',NULL,'138@test.de',NULL,'Christina','A-1643452793','Garcia_test','51 148 06 31','02-843','Sehr geehrte Frau','ul. 6 Sierpnia 150','Dr. hc mult'),(653,'WOpybD+f4tQ4T1ydu41Xr/mKV9KrR8yDcBAzsrPcczw=','PbKZp3/o/GUpkmWKVqaFVqSfMTuXGbdlgqkwsJLJN2M=','B-710527414',NULL,'Engi',NULL,'CH',NULL,'161@test.de',NULL,'Zakiy','A-1082321823','Guirguis_test','044 386 89 11','8765','Sehr geehrter Herr','Wingertweg 37','Dr. hc mult'),(654,'pOFFf9xC7aekUg0TDP9hKtMk0P8adiWdGt4v25cocnc=','gHh7IjsO7Kcr5H5zxIb3mT9gqYKait2BQZMJAE4cPFg=','B-628345867',NULL,'Warszawa',NULL,'PL',NULL,'147@test.de',NULL,'Hanna','A865323602','Kaczmarek_test','60 974 12 27','04-558','Sehr geehrte Frau','ul. Korsuńska 119','Dr. hc mult'),(655,'Qhu+SaVsW8gFXpS3uhSKsn3Ax5Nw4AwDqKNWVtYWlsQ=','V8VxXJKS5nimt3qABzJLI3fjCL2AvEsbXFyItio2fCg=','B-1912627641',NULL,'Wrocław',NULL,'PL',NULL,'139@test.de',NULL,'Johara','A749968517','Antoun_test','79 744 10 26','50-146','Sehr geehrte Frau','ul. Łaciarska 19','Dr. hc mult'),(656,'ACIiLAWt77zvmcgEaOikb2jvEQeTzmRFgugeqAEJ20I=','lpGnYuP1265fRa5T/EHbcwGVVkgNwJMEIslUTsA/8QI=','B511654633',NULL,'Summaprada',NULL,'CH',NULL,'137@test.de',NULL,'Christina','A1215065408','Freytag_test','081 572 65 27','7421','Sehr geehrte Frau','Via Muraccio 72','Dr. hc mult'),(657,'ADmZmX037qUOiCsK3wH1rfiojeRRXjQQQb8mtnsDTVI=','IgpNA7/HJndVR/PsRlY6TTnyoeaRF34mPoklZ/UjGco=','B1306192241',NULL,'Saal',NULL,'DE',NULL,'142@test.de',NULL,'Arber','A-692864530','Morel_test','03822 56 97 85','93342','Sehr geehrter Herr','Schoenebergerstrasse 43','Dr. hc mult'),(658,'UPqRAOiznEasj+MNz3lTROLIiAURv5YWzufQrETMlYo=','vFNp+COYTkdZ5NqqtRQCf7yS38zQ8tb3Kl+O5bSPhI4=','B-790825729',NULL,'Oberönz',NULL,'CH',NULL,'152@test.de',NULL,'Elita','A1267501541','Sacré_test','032 626 45 42','3363','Sehr geehrte Frau','Damunt 65','Dr. hc mult'),(659,'cmU0p0JCjeVpxiHbxkAhvotiwBY2OtoYE88AOalVH/Q=','aplhxGDoEt9+vXgwfEUT0D5IpUwzRwzGJIFZCNpg5BA=','B1826129733',NULL,'Warszawa',NULL,'PL',NULL,'154@test.de',NULL,'Steven','A-1135067297','Graham_test','66 455 51 35','02-172','Sehr geehrter Herr','ul. Gładka 107','Dr. hc mult'),(660,'eCXY1aAuag3gsZWRic+d0l/o/ETFBuBXfpE1NaZCSzk=','K6fYGL1+JB1BgntsS4zYXrl11Lrm4HcoayaS2ilxbCo=','B-1151244651',NULL,'ROUEN',NULL,'FR',NULL,'148@test.de',NULL,'Philippine','A1637991735','Desnoyers_test','02.33.38.52.57','76000','Sehr geehrte Frau','46 rue de l\'Epeule','Dr. hc mult'),(661,'YnyQ0ca3cOC/QrL2GJ2RqFjiNbrKmxTAbUgbgUdXl9Q=','Z+Zars2V3f7NaCP43v/AF2P2F+B6dQjHy0kdsnP6jG4=','B-1262397517',NULL,'Łódź',NULL,'PL',NULL,'169@test.de',NULL,'Rajmund','A2031679595','Wysocki_test','60 700 36 48','91-180','Sehr geehrter Herr','ul. Flandryjska 29','Dr. hc mult'),(662,'KTKEdA6vuRXd2pVt8bjmb3v6Bm7aS1ZMPqMY/fs13m8=','TxC0BVxJsgkNOTwC+YN8l8f+fP6boBZBtY13y5Gfvno=','B343629167',NULL,'Raat',NULL,'CH',NULL,'160@test.de',NULL,'Jiří','A-150222220','Veselý_test','044 863 53 27','8175','Sehr geehrter Herr','Herrenberg 141','Dr. hc mult'),(663,'UIUTzT2DaUK60rMbOFztyLPyLgLBM2ibajgj0wO0lks=','weaUoSEz34l4HlmUE7Q24DbIIHyUHpMlvNipJDNL9+w=','B151581529',NULL,'Lindau',NULL,'DE',NULL,'154@test.de',NULL,'Mary','A-1006042638','Morrow_test','08382 40 60 06','88106','Sehr geehrte Frau','Potsdamer Platz 85','Dr. hc mult'),(664,'DTUWBDmA4ezwN83V4gPxoRjMg7hcebU5RXqFFRXNNZc=','uOL6zS9qbCDtUJ+dZMUioMkalEQWfrWKIIeR/KeueoY=','B-301066736',NULL,'Bydgoszcz',NULL,'PL',NULL,'139@test.de',NULL,'Hortense','A-953958078','Charbonneau_test','66 561 43 95','85-145','Sehr geehrte Frau','ul. Malborska 16','Dr. hc mult'),(665,'Jtx/ALL5jDm+5xnC4dTD8Jna7ilU2ewGq5jgHapzZrk=','HlMfL6KdkiILcgedvwiZozIzvYUfv1fkah+tZ2m5M3A=','B1949287156',NULL,'Wrocław',NULL,'PL',NULL,'141@test.de',NULL,'Bolesław','A-733763860','Kozłowski_test','69 955 38 45','50-308','Sehr geehrter Herr','ul. Lompy Józefa 25','Dr. hc mult'),(666,'N/W16MBNM+IHLKMiBsMDS0TkSxY9gNBwrbYasdFuZCU=','ZTIXKMH4Q7zg5NRSHP0SVSAujplehTGQBmBbXEbusBc=','B-485006773',NULL,'Heiligenberg',NULL,'DE',NULL,'161@test.de',NULL,'John','A-419266025','White_test','07552 77 82 51','88633','Sehr geehrter Herr','Hedemannstasse 93','Dr. hc mult'),(667,'l7WBQ2xSnADYvTsoUdO4eXJPQ9TfT6rktbWHII1CBIQ=','iwJIBsWzP3s0/zRoLuQfsWzmOuQftt2SGaigp1918D0=','B1709873683',NULL,'Deitingen',NULL,'CH',NULL,'147@test.de',NULL,'Kateřina','A2143536485','Hořejší_test','032 576 91 15','4543','Sehr geehrte Frau','Via Camischolas sura 143','Dr. hc mult'),(668,'mdb4LjSP+npjXoP6xq//96JjJTCzsXDBWJvyc0t6Dqc=','OcT70FE/TWsU3rJz8N8MkIJkylZYCCQdo/IEcQTHUWw=','B-1250351848',NULL,'Tespe',NULL,'DE',NULL,'145@test.de',NULL,'Miroslava','A-2025116453','Dušková_test','04133 63 04 19','21395','Sehr geehrte Frau','Inge Beisheim Platz 47','Dr. hc mult'),(669,'U7WE71riZiYHlGNDTDR11QCVQy1ZZ2FvM7HCFINFgSw=','plnGfbpEhLWd8splQtwngvqR2QhiOHrZ1dyfW9KW9qE=','B-920860403',NULL,'Kobiór',NULL,'PL',NULL,'155@test.de',NULL,'Kamila','A1860042696','Pazderová_test','78 731 15 05','43-210','Sehr geehrte Frau','ul. Centralna 35','Dr. hc mult'),(670,'sA9j4udycm4lNcs09FdOddsfImCF36ClqFP+2+ZKies=','NDaUtftrqmEwq6oDVaz9HE0I7e/MB28H6UJKHFrDAlc=','B1639856043',NULL,'Lens',NULL,'CH',NULL,'132@test.de',NULL,'Blanka','A548799946','Borkowska_test','027 803 50 80','1978','Sehr geehrte Frau','Im Wingert 133','Dr. hc mult'),(671,'mgHvNELcvkT8FZh6zKLw7uXdg89ACEgHg9A7HZEBAsU=','wsrFn+t/I6hiilTbNvKTmTBz918Q+TmCWDQGeUn9iU8=','B-938681804',NULL,'BASSE-TERRE',NULL,'FR',NULL,'139@test.de',NULL,'Hilda','A-212451745','Clark_test','05.35.42.66.51','97100','Sehr geehrte Frau','46 Rue du Limas','Dr. hc mult'),(672,'+teJvVE2lRfSC8dGRbX93QrqzULHvVhG0q3zPvGIrBg=','jY3IO1wmhn3T5+g89Y/VcEKWIgs9qYZwTeSs26MMYqE=','B731909058',NULL,'Katowice',NULL,'PL',NULL,'143@test.de',NULL,'Katrin','A-462308193','Decker_test','79 326 33 93','40-674','Sehr geehrte Frau','ul. Kostki Napierskiego 134','Dr. hc mult'),(673,'uqQ82F4q5iugKCuemLeMVPFfRvbYcnK3OV/jHISOzAw=','8Rj2afqY59UuesckY9u7aNoBmWdWouAafvKvT3gEL0k=','B386625098',NULL,'MAISONS-ALFORT',NULL,'FR',NULL,'135@test.de',NULL,'Evelyn','A-359840486','Bruce_test','05.14.96.81.02','64700','Sehr geehrte Frau','39 avenue Voltaire','Dr. hc mult'),(674,'sZL68gS8XoulVv2nKIkoCb7ciRg4MOZJPEBuXuhK3Rc=','6+HeS0QuRkEcVmB/RJEBndtgcgXuznPIIB+HugWCSQM=','B-57434306',NULL,'Cudrefin',NULL,'CH',NULL,'154@test.de',NULL,'Celestyn','A1110409710','Wojciechowski_test','021 420 37 30','1588','Sehr geehrter Herr','Bösch 125','Dr. hc mult'),(675,'8syyzlQ01xwdwcYgTS4OE2OeiPtLNaMJJXXwdmqyQpA=','WsaS+yEwcXlzbgO/VB0U9AeJVwqEvl0Bri1ZfJbGDlo=','B-1522078669',NULL,'Warszawa',NULL,'PL',NULL,'153@test.de',NULL,'Ruqayyah','A-2033491570','Ganem_test','69 349 78 88','00-844','Sehr geehrte Frau','ul. Grzybowska 34','Dr. hc mult'),(676,'CKVFZqDlWbc9BaviGD+3UbsVu6DXR1G6LNJ0zCr/BQw=','poBCtMmW79fhhoc4vWvarIRAzxYWMenGboF6yHcATu0=','B-1560701707',NULL,'Herne',NULL,'DE',NULL,'161@test.de',NULL,'Monika','A1947242193','Toufarová_test','02323 01 95 24','44649','Sehr geehrte Frau','Augsburger Straße 32','Dr. hc mult'),(677,'0NFZa6YGcUDnGTFTiBnFiDk6CjKCRiqJ7VycBLT3HQo=','NyrYhozaza5Eq1zgSEbmETw+/rAyLM31joVgm4auhy8=','B-939657236',NULL,'AMIENS',NULL,'FR',NULL,'143@test.de',NULL,'Carole','A679048512','L\'Anglais_test','03.22.73.77.25','80000','Sehr geehrte Frau','64 rue de Geneve','Dr. hc mult'),(678,'5O1FIuULBNVY6dMQt1565YTpAJn3i/STeoq2Y273Zso=','YVgdvj4Sbg6qdqUdqWtOOaSLCyadW3/Jt10RVdCu9RE=','B-1376352570',NULL,'Świeradów-Zdrój',NULL,'PL',NULL,'154@test.de',NULL,'Vachel','A2062680774','Desaulniers_test','78 922 25 25','59-851','Sehr geehrter Herr','ul. Konstytucji 3-go Maja 39','Dr. hc mult'),(679,'pOX/Kvx8s4IOZFTf5NB9nqBIkgKOo/PSRLQ2QenZOsg=','AM86velqWCVAJdT206wZxX3MMDlargbzrrKIo+/jmY4=','B-1326586693',NULL,'Bassersdorf',NULL,'CH',NULL,'144@test.de',NULL,'Jörg','A1433002020','Feierabend_test','044 504 45 89','8303','Sehr geehrter Herr','Obere Bahnhofstrasse 16','Dr. hc mult'),(680,'uXQvdvtzAPDpep2KzGt59r1n6qmfkYh6lfEhr03+QRQ=','hvmXG2ziku3nTeOukqECg3BcZBBh4nHy+SZvrqHNgmw=','B-1263147796',NULL,'Bettingen',NULL,'CH',NULL,'141@test.de',NULL,'Campbell','A637418455','Jacques_test','061 584 51 97','4126','Sehr geehrter Herr','Grossmatt 87','Dr. hc mult'),(681,'RCmZMiMfeuom95HNNh/AiT7CI3h5FoB9oZn8CgrmSIM=','Hn4uLx1UtePCdATcW1tNt+hugudq9RMBNIz8L9Jo2S8=','B351901351',NULL,'Reutlingen Efeu',NULL,'DE',NULL,'145@test.de',NULL,'Jan','A-563671200','Gersten_test','071 56 77 80','72766','Sehr geehrter Herr','Bayreuther Strasse 75','Dr. hc mult'),(682,'Z3ua5uaBG/t19vrtQzlCM0jXxI45tFf1gVKMW8eBB4M=','VI3DGJsUbNxl/TC9j+jCzsO/uTxuaj9xLYC59YCnBrA=','B1361770135',NULL,'Preist',NULL,'DE',NULL,'151@test.de',NULL,'Lucie','A1698237691','Kuchařová_test','06562 77 11 37','54664','Sehr geehrte Frau','Rudower Strasse 93','Dr. hc mult'),(683,'siIemWbFAa0qqCi3uVyxWFXhW9ICpidqF9Z5N46RNgQ=','3LpSHSw+3izt0o1PWzgj1gUilJND60zK5bxqGMPftkY=','B-690452693',NULL,'München',NULL,'DE',NULL,'151@test.de',NULL,'Lisa','A-363482027','Krüger_test','089 10 79 96','81313','Sehr geehrte Frau','Rosenstrasse 69','Dr. hc mult'),(684,'b6hyuZVVQ/Gb/q/yul420L86zZUkAkfQuWC+q5nEbX4=','2EQuX2h4Zf66rGD9uCUkhDQ1X9Hb46+s1PVIGS+KpWk=','B1267257272',NULL,'Szczecin',NULL,'PL',NULL,'148@test.de',NULL,'Roger','A-1574013252','Burton_test','67 660 87 09','71-156','Sehr geehrter Herr','ul. Fredry Aleksandra 119','Dr. hc mult'),(685,'CWHFzJBSl6HaevuXPTi0MBH7DvpxLCfFCe8WZo53/Y4=','wPDnS2vsklQ9Q7ZK9oxmvZ7Ceigwh4ImvzlkxXYavYs=','B-899358426',NULL,'Gdańsk',NULL,'PL',NULL,'149@test.de',NULL,'Stanislav','A-1231755298','Brus_test','51 259 68 79','80-723','Sehr geehrter Herr','ul. Powalna 62','Dr. hc mult'),(686,'EYyBXHLhnXVQ09bthsXc/+NU92HK0wxraO4qqHVNAKU=','/zmWVGUVHXafWAwyvRKQwvFRQMQ5AqfF19yIdCBR/Js=','B-840740836',NULL,'Lembruch',NULL,'DE',NULL,'161@test.de',NULL,'Tempeste','A1916913177','Ménard_test','05447 39 38 94','49459','Sehr geehrte Frau','Meinekestraße 10','Dr. hc mult'),(687,'9jnlpKoX9PrIYG2rF1VofQkJBzh36SabMuSfdJx+MmU=','G+NcRLP9x8+dU4EAFfqs2vn0Qys+v2AO0gaUyS72dkY=','B-484775916',NULL,'ÉTAMPES',NULL,'FR',NULL,'167@test.de',NULL,'Tibor','A-1238975014','Strouhal_test','01.24.02.77.46','91150','Sehr geehrter Herr','76 Rue du Palais','Dr. hc mult'),(688,'C+XGc37X8QRyq11Jj3qyuQK1kFjC62uK6Aw+aCPGhMw=','0QGMOyxj9BdDmYNJu0utsRustTb3A660yqhe7n0j3FQ=','B-1275560004',NULL,'Warszawa',NULL,'PL',NULL,'164@test.de',NULL,'Tabor','A362102189','Parrot_test','66 332 57 38','01-927','Sehr geehrter Herr','ul. Głowackiego Bartosza 141','Dr. hc mult'),(689,'K5t4UCoSdfTYA9lH2i+BDdyGPEKucHG3Tjmt2EuBYDI=','yAsl3zTV5nz2h6FBU5nf1zHkcPkSZZn7VngAAZPJPuw=','B2060131971',NULL,'Warszawa',NULL,'PL',NULL,'147@test.de',NULL,'Georgette','A1758465255','Lizotte_test','66 877 67 49','02-893','Sehr geehrte Frau','ul. Perlicza 100','Dr. hc mult'),(690,'SQclG5NADFUrADZJJPTW6An5ZeFBtxZ15AR2CpPJvWc=','hck7rA2xO9NEgxOJqyqW5XeXP43VkKX+/dA3vpwOcr8=','B2067979346',NULL,'ILLKIRCH-GRAFFENSTADEN',NULL,'FR',NULL,'149@test.de',NULL,'Kasia','A-1436504816','Jabłońska_test','03.70.27.82.80','67400','Sehr geehrte Frau','98 route de Lyon','Dr. hc mult'),(691,'wOuwoQ10FC0R3qAWtO3Qa5JEBlvAeayldEdG50lbjKc=','lMMsIoTRxeXtqFI58EjTWba+ahCX/uE4KJBVm1nUJm8=','B-1482432577',NULL,'Nordhalben',NULL,'DE',NULL,'138@test.de',NULL,'Brie','A-519672207','Hétu_test','09267 16 65 01','96365','Sehr geehrte Frau','Billwerder Neuer Deich 8','Dr. hc mult'),(692,'OfMFfeO73ZSmrTANMgxbp13x5+Y8VZdzH5Fv8saXrkI=','HP3YvorYOZOYUyk428po0l12eFu0dHQmhgRI1/FxYFM=','B543845423',NULL,'ROANNE',NULL,'FR',NULL,'173@test.de',NULL,'Yvon','A957323900','Tollmache_test','04.71.53.17.80','42300','Sehr geehrter Herr','5 rue Gustave Eiffel','Dr. hc mult'),(693,'SFZnLRYL/iNwsM+S2oy523EY0izcktAH0DDkDFlmV/Y=','fI666rL9EqCe1+pK6oSGhle5j1DxJZlhe6znlBN0TPk=','B-1714528049',NULL,'Kappel',NULL,'CH',NULL,'166@test.de',NULL,'Rami','A-680543510','Tahan_test','062 407 95 21','4616','Sehr geehrter Herr','Forrenböhlstrasse 143','Dr. hc mult'),(694,'E2ExPhJv/9FOLdY4MBuHz+pk20YFs2Fdn5VAPvMMJVs=','yju33nQnLlvVjU4GE4Cw6vIGloVhh2ocu0y7P/vu6xQ=','B-1842107829',NULL,'Modautal',NULL,'DE',NULL,'131@test.de',NULL,'Amjad','A400941747','Bazzi_test','06167 93 34 46','64397','Sehr geehrter Herr','Mollstrasse 28','Dr. hc mult'),(695,'t8puKa2kL7PawOipOAM1wsAIYHmcA5TywjmvJa/NOc8=','m2PbUS29jXtuTONvX6R+l3lgwiCPA54W4umesYM5D3s=','B-1406776155',NULL,'Częstochowa',NULL,'PL',NULL,'158@test.de',NULL,'Zuzanna','A1025934938','Dąbrowski _test','78 731 06 56','42-202','Sehr geehrte Frau','ul. Bociania 50','Dr. hc mult'),(696,'kRDikfWTgniyf1MnGqI3Zq503prPnZId3viyDx/aYgw=','Sdp/iLy3mE66FmH87pJO521EoAsBJV4uFFbuaHNHyIw=','B-597123170',NULL,'Wutöschingen',NULL,'DE',NULL,'153@test.de',NULL,'Naheeda','A393474848','Kouri_test','07746 93 79 27','79793','Sehr geehrte Frau','Bleibtreustraße 26','Dr. hc mult'),(697,'CnzQ9bBR2VRnhiTxcXEZnu4dCeV2pQZPpX4ECiGaf6I=','q81HSCSglH1CUrJ3uTkvZLoj1U2ziKNlLF7Y9yeZkdE=','B-1470992496',NULL,'MULHOUSE',NULL,'FR',NULL,'152@test.de',NULL,'Tymon','A522936602','Dąbrowski _test','03.38.47.74.03','68100','Sehr geehrter Herr','41 rue des Coudriers','Dr. hc mult'),(698,'4bKpsicVgpmyQFkr2D10d8Xg6iDag0JAVy7yzZtqzUA=','2BWoG554JIEJ8DO9ZzhEqg4yf62lhaj+yI1rNuNr5MU=','B-399917651',NULL,'Hätzingen',NULL,'CH',NULL,'152@test.de',NULL,'Aleksander','A1376911932','Wiśniewski_test','044 348 29 82','8775','Sehr geehrter Herr','Brucknerweg 131','Dr. hc mult'),(699,'oGQ0hi1MroCdnyDYCwsRcqA1UyncTjWccBvPcCahte0=','08bX/UlQZeF2ckeOukfFbMX6bsAqOA7Wpzmh3SWZdDo=','B-671603212',NULL,'Selbitz',NULL,'DE',NULL,'148@test.de',NULL,'Henriette','A94560475','Laisné_test','034928 24 40','95152','Sehr geehrte Frau','Holstenwall 80','Dr. hc mult'),(700,'4zOSxec5FAdFQyQC/6hHjk4ppCnlyFUhC/pU6Z7Ef8o=','gjEoQfN53TivxGfamrIJkQzXjyGF9gxzjykUOW8JHo0=','B-1613148569',NULL,'Rzeszów',NULL,'PL',NULL,'144@test.de',NULL,'Karen','A-634656205','Edwards_test','88 918 33 61','35-001','Sehr geehrte Frau','ul. Świętego Mikołaja 138','Dr. hc mult'),(701,'rF/ofpNaR7Y6bdK8VnvmfH41pXiLxsFnZ6PsYv8w4GQ=','f6ymmU9l7iTz5gZgh/BTPQwNmjFJZIazeFjcFNwX7pw=','B-232095171',NULL,'BOURGES',NULL,'FR',NULL,'149@test.de',NULL,'Tammy','A-1258506771','Andrews_test','02.57.81.80.24','18000','Sehr geehrte Frau','55 rue Petite Fusterie','Dr. hc mult'),(702,'yDE+OkmLXb3j3RBpjRD6bV2abeikaSYru6yz94rhNGo=','tRUmyxCBViV//XJGiCBBBDMY/qOjVdtyf1y22ppQ2Js=','B1957530929',NULL,'BASSE-TERRE',NULL,'FR',NULL,'147@test.de',NULL,'Maik','A1134397894','Fried_test','05.05.65.58.22','97100','Sehr geehrter Herr','51 Rue du Limas','Dr. hc mult'),(703,'S/jwwRGW9MRWMnDb1II7ntIux7qPRkRg4c2SEWOiqFU=','JnzLiPWAl0sWGg+8RUPyDhyKLTcZjFhQ8zCOYuvBxeE=','B282156561',NULL,'Frauenfeld',NULL,'CH',NULL,'144@test.de',NULL,'Humam','A-970960706','Haik_test','052 943 70 64','8510','Sehr geehrter Herr','Im Sandbüel 140','Dr. hc mult'),(704,'9T7hSPG/wfAm98U9PnQUln9HTNoOmiREVggpUyGyqgI=','7Fj+1o8o5YZutH42FA5PDgfWUPgFR8clpN8Pn6lp+4Q=','B270712126',NULL,'Langendorf',NULL,'CH',NULL,'144@test.de',NULL,'Dorothée','A-1376137357','Lafrenière_test','032 934 39 10','4513','Sehr geehrte Frau','Rosenweg 139','Dr. hc mult'),(705,'YSwyBcHCdo8uTWydIaZdjX8AhUj+UeZ6cKgyCj8Ifvg=','BTtB42A0oEk00QAgW1Zuj16SURhFxO8oxG4+15P1iuQ=','B1557383876',NULL,'Gdańsk',NULL,'PL',NULL,'152@test.de',NULL,'Harry','A562027424','Parks_test','88 980 94 89','80-180','Sehr geehrter Herr','ul. Dąbka Stanisława 83','Dr. hc mult'),(706,'bMoyQ4Lbcjg29uvjEgJvKBvF7UUn5Esnx+XC4DIGLAg=','R/y4UeHoFW/l6gQlDio4nu8SPArWCEEQ5P+kpCm3i84=','B1430769956',NULL,'Püttlingen',NULL,'DE',NULL,'143@test.de',NULL,'Jamal al Din','A1989464786','Essa_test','06806 53 25 53','66346','Sehr geehrter Herr','Meininger Strasse 88','Dr. hc mult'),(707,'Bn51EX/J1GKYDi3n6Dja5cys5H318y+gTdeKsWAbPpE=','Yp27+Mdc4KRqmbsbY7PJVjm8BS9wESIBtlPWHba9TrI=','B2090112272',NULL,'Magdeburg',NULL,'DE',NULL,'142@test.de',NULL,'Harriette','A1069190350','Fontaine_test','0391 18 01 10','39038','Sehr geehrte Frau','Unter den Linden 72','Dr. hc mult'),(708,'eF66kVAvlKqP6VJE5HswWRegiL4HoIJmNcjjRuRxgEY=','0gQYsmJ5mYx7YN1blgIv8Oc6QMz3GGI3QA9QjG1anUI=','B-2106230868',NULL,'SAINT-BENOÎT',NULL,'FR',NULL,'153@test.de',NULL,'Thomas','A-1546936255','Eisenhower_test','02.97.91.50.61','97470','Sehr geehrter Herr','53 rue des Nations Unies','Dr. hc mult'),(709,'hiidJ85uhmxd/DZgskbgdLw2FbXkBCvAOh1Yo+HPXf8=','vUO+sJYU3RSox/OTFtZnYriz05NBOXAkpn0pblYIEPQ=','B1845940229',NULL,'LYON',NULL,'FR',NULL,'358@test.de',NULL,'Zdeňka','A-1518103376','Čadková_test','04.04.87.64.99','69007','Sehr geehrte Frau','97 rue Banaudon','Dr. hc mult'),(710,'vRRKvDAMx4wWKFxkaarT5LDjfu477e27SPJYBHeNIWE=','WKFJzpXlsNrgscDfkZQoKvtfS6HEUyy1UMEzTkCuZRk=','B480813545',NULL,'LA GARDE',NULL,'FR',NULL,'146@test.de',NULL,'Joe','A-443901245','Horton_test','04.90.34.90.37','83130','Sehr geehrter Herr','32 rue des Soeurs','Dr. hc mult'),(711,'R+/nIRlB5O/NaIz/j03LSS4Px1GVUVw0JoERjUZZtiU=','xw96gLFXPwYoBRakhvuVLof7hyIOwVeeav5Fw8pRsKQ=','B-276063426',NULL,'Zabrze',NULL,'PL',NULL,'144@test.de',NULL,'Frédérique','A1611869277','Jacques_test','60 127 58 75','41-808','Sehr geehrte Frau','ul. Komuny Paryskiej 143','Dr. hc mult'),(712,'EXnbs4r+9ZmY9fJqTOgprmYMDaxclwg9YmEEYKhAxyM=','6wKVN68icul9ILBxDyWt0DeBU6ckKkGateLptPcfzIM=','B2142688907',NULL,'Breite',NULL,'CH',NULL,'144@test.de',NULL,'Fanny','A1270716453','Jackson_test','044 519 59 24','8309','Sehr geehrte Frau','Sonnenbergstr 130','Dr. hc mult'),(713,'h27LM019CkVZyay5L0WPmIkN4FOWA4RUgfWGLpShlXI=','iTxUrzwERV9v8C8cSqrnYQrXyFXerSXCC2IAjbEDMN8=','B2725973',NULL,'Poznań',NULL,'PL',NULL,'168@test.de',NULL,'Vincent','A398166114','Rocheleau_test','51 421 48 34','60-650','Sehr geehrter Herr','ul. Piątkowska 59','Dr. hc mult'),(714,'sgxymiivf62MKIp0M4qBvj9HyW1IBE5KU4NNsy6s9es=','zEHlfqFDz0G60WqR0afYxJ8MplbP5zq9IqEAbCVspCY=','B992208500',NULL,'TOURCOING',NULL,'FR',NULL,'152@test.de',NULL,'Miron','A-1872553118','Kamiński_test','03.91.35.38.10','59200','Sehr geehrter Herr','8 quai Saint-Nicolas','Dr. hc mult'),(715,'dbPabF6ykDDpnAuwLQisxE5hOmw2bVhBJh/Xog/+6ws=','lclApCZCkKXbd8VBv2+yf+2oz84PQ9ah+DF+uO38i9s=','B331465624',NULL,'Eschi',NULL,'CH',NULL,'157@test.de',NULL,'Katharina','A1737733057','Reinhard_test','031 362 31 29','3766','Sehr geehrte Frau','Fortunastrasse 19','Dr. hc mult'),(716,'vjFrDkcvRuJSnq15N7dl64vpOqKx4RxCJanyZpmasHw=','QijIArUzS4fG5ZO5+QqietlHFAyTB1lH4g1L7bJeQtM=','B1606801035',NULL,'LAON',NULL,'FR',NULL,'150@test.de',NULL,'Jiří','A-1431416504','Lysoněk_test','03.15.84.16.55','2000','Sehr geehrter Herr','44 Place Napoléon','Dr. hc mult'),(717,'AUG2SWjYq03X0N2uJJTcwFtMTnZ3gWo0rdsdOzBlHdo=','LIkZEBg6MVoc3rF8VmeSvoB4hnb3frJiOzFtW226D7E=','B300721148',NULL,'Flumenthal',NULL,'CH',NULL,'149@test.de',NULL,'Ranger','A-1748592836','Cartier_test','032 713 40 18','4534','Sehr geehrter Herr','Kammelenbergstrasse 54','Dr. hc mult'),(718,'m7U+ldfRIjlicqyteOA4UPK21ufAQm4982Bgy2BOxnM=','TOyU1T+Yfb++B9HgSHOVmDQTXpYiQchHNcSsG6NfSHo=','B937235152',NULL,'VESOUL',NULL,'FR',NULL,'154@test.de',NULL,'David','A-650529958','Verner_test','03.97.29.05.27','70000','Sehr geehrter Herr','92 Rue Frédéric Chopin','Dr. hc mult'),(719,'MSiKfBXVoPKJO+/qMV8/nHunYQBU3bHkpIYqwS98cbk=','h8Wk5eLy+m5vIE2+PDbVeiwwA4BNhmmumIFPvwyvuis=','B23463505',NULL,'CALAIS',NULL,'FR',NULL,'133@test.de',NULL,'Anaïs','A741650642','Deschamps_test','03.38.34.94.32','62100','Sehr geehrte Frau','8 Chemin Du Lavarin Sud','Dr. hc mult'),(720,'nuuhQwDEnguarJA4mNiG+cJxQO9pW76zGjatIJa1gzs=','7FSRzX8kR6r+MwybBqGXw1DwUxU6sws9ab60CmoQLbI=','B-1894498639',NULL,'Ingolstadt',NULL,'DE',NULL,'166@test.de',NULL,'Tomáš','A352744696','Rožnovský_test','0841 84 28 77','85025','Sehr geehrter Herr','Albrechtstrasse 72','Dr. hc mult'),(721,'dIHqZ0vUBFXIe2u9IQQS0xlj8DTqOrn+hpLDfoJqjRY=','8HTHqPHYwYNjfRL5HfwJLBFDcHHfPZdvYi47Q3YRRsY=','B-1113802825',NULL,'Wildeshausen',NULL,'DE',NULL,'149@test.de',NULL,'Emmanuel','A1190870922','Pinneau_test','04431 96 57 38','27793','Sehr geehrter Herr','Nuernbergerstrasse 54','Dr. hc mult'),(722,'TvWUe3pBu5+CohcZeQokPaQWhHQpwEYsUfC/Ls2mV38=','gPedK7E6r14a4smoKCKcQ7MMIqflMFDNrTsEvu7/VW4=','B1128019611',NULL,'Augwil',NULL,'CH',NULL,'150@test.de',NULL,'Christien','A-64807235','St-Pierre_test','052 244 24 23','8426','Sehr geehrter Herr','Zürichstrasse 91','Dr. hc mult'),(723,'Awa1XvuLeIBHiklsebBPMAE7iMt48J/4sja6HoqmeH8=','Bxpu9cSGBc6H6n4FLRUgtxN85J2ugxdcqvzFzQES1q0=','B1398731600',NULL,'Wahlern',NULL,'CH',NULL,'156@test.de',NULL,'Luiza','A-27531410','Piotrowska_test','031 643 86 24','3150','Sehr geehrte Frau','Via delle Vigne 92','Dr. hc mult'),(724,'kzi6yiCnNGvWww1VHpChPr54uKrwK2b4A0UY47zYOKU=','kqGKfZqS8edVnks88f21DqnAC0sXblwcKMJolqLTUeM=','B-1228007725',NULL,'Chiggiogna',NULL,'CH',NULL,'146@test.de',NULL,'Legget','A1804991528','Favreau_test','091 798 32 34','6764','Sehr geehrter Herr','Loorenstrasse 109','Dr. hc mult'),(725,'t5FQdbJz89Mn/ag2wbMgQ65h0iJcP+VshijT9nv86d4=','Cd2IZK/yfN9aWjSGzHYTWgNsPnLg0JgEFd0cB61ThXs=','B-1410107594',NULL,'TOURCOING',NULL,'FR',NULL,'141@test.de',NULL,'Avent','A330043866','Laderoute_test','03.17.58.48.25','59200','Sehr geehrter Herr','89 quai Saint-Nicolas','Dr. hc mult'),(726,'c2I8K52v6PPgnw5I9f3WnoR+e6VYCtVjIA0gdtK3DB8=','PabuqsafPP4y6urvKgxAfjTb5AGdYp96FLYWztsAo2Q=','B1686526853',NULL,'VERTOU',NULL,'FR',NULL,'151@test.de',NULL,'Robert','A-892452995','Eakes_test','02.22.74.73.68','44120','Sehr geehrter Herr','8 Rue Frédéric Chopin','Dr. hc mult'),(727,'js9Cf19YtukQELSrAiSPsOdepeTxHKMbEGlj65ms03w=','FSwWI09l3Tqi2USROTmtBwtzMtwKN+pFBp6ffc5JmGs=','B1048212655',NULL,'Düsseldorf Gerresheim',NULL,'DE',NULL,'167@test.de',NULL,'Tereza','A363040246','Slováková_test','0211 30 36 66','40629','Sehr geehrte Frau','Friedrichstrasse 35','Dr. hc mult'),(728,'zurlbD0s6Pmo1DQcJbn6810QSZ1+/wiVYNsLi32Lhuc=','+CB2rmDUf4+MXqQsFshFqpJUp+rYg55mgJL6ILVXjgg=','B218721821',NULL,'Kraków',NULL,'PL',NULL,'150@test.de',NULL,'Carol','A833159149','Sedlak_test','66 519 10 14','30-049','Sehr geehrte Frau','ul. Chopina Fryderyka 110','Dr. hc mult'),(729,'NNKOBjxbbkf9FvRCNzZpLX2L5A6B8VMGDPqYSt3aMoo=','ysU0Yo4hchgveGF0ddPLE2DMn7/U2o5qlIGwDpj983I=','B1165021087',NULL,'BORDEAUX',NULL,'FR',NULL,'148@test.de',NULL,'Paul','A-942262912','Dennis_test','05.94.71.13.49','33300','Sehr geehrter Herr','86 cours Jean Jaures','Dr. hc mult'),(730,'vgvdXk1zyWxUTc8Pm9nk+yvYyhsn4xmrupyzYqbFn3w=','oeXf+7TTmmNcbUEL+9+ZZ5R61fIi97lBZDUIGyDetbU=','B632501205',NULL,'Katowice',NULL,'PL',NULL,'160@test.de',NULL,'Thiery','A860190196','Lavallée_test','60 179 90 96','40-765','Sehr geehrter Herr','ul. Koreańska 8','Dr. hc mult'),(731,'lfhdIWcBoPyk3gbfqqTs3rLxjDjoUcqQX9Tm0e8Vzys=','Sm8D5azW7Jgqpj2Dt1M2BzMmMfn5oW3hHA8HG2jenWQ=','B-723295939',NULL,'Messen',NULL,'CH',NULL,'152@test.de',NULL,'Vanessa','A-1818453554','Bosch_test','032 954 85 53','3254','Sehr geehrte Frau','In Stierwisen 54','Dr. hc mult'),(732,'UgOsGwZbma0hInJafDN/fJU01ZIDXMZRkFP4qkUQoQ4=','+nVJ6eWdqTOglgL/qGcQ3CPqJOPiN3C3RlXZkSrny+I=','B-2017955442',NULL,'Ellenhausen',NULL,'DE',NULL,'156@test.de',NULL,'Jeannine','A-172615166','Roussel_test','02626 67 29 91','56242','Sehr geehrte Frau','Storkower Strasse 73','Dr. hc mult'),(733,'urldLi0IB/3qUt53Xta6UWokBmuDabWxvN/HrlUK600=','5uI5Uy1OWc3P13Aad4nUpsEBAHkdDD7Zwqe/0ycL0xM=','B2089234953',NULL,'Kanderbrück',NULL,'CH',NULL,'153@test.de',NULL,'Lamis','A-127140589','Mansour_test','031 376 76 95','3714','Sehr geehrte Frau','Forrenböhlstrasse 13','Dr. hc mult'),(734,'1R8tMGJ7eS7KQOgiEEYqCeQp5WvvJ+9PGT+r7ABWmQQ=','wEJHbqtsdisc5jOpsHmQEMxD04dJFfMjYZUiU8B+6S0=','B702159075',NULL,'Alveslohe',NULL,'DE',NULL,'144@test.de',NULL,'Merlin','A-11368099','Chnadonnet_test','04191 82 92 89','25486','Sehr geehrter Herr','Karl-Liebknecht-Strasse 69','Dr. hc mult'),(735,'0LiH6uuWj8Mg40ACHlgYB9/xkghDpygcCzrvEZnwTbs=','It5fex0ChKpGDzGPMlp5oBuvlpaQE89N64Bb7gaP4Ek=','B1791418109',NULL,'SAINT-ANDRÉ',NULL,'FR',NULL,'170@test.de',NULL,'Scotty','A450763744','White_test','02.91.39.87.96','97440','Sehr geehrter Herr','96 rue de l\'Epeule','Dr. hc mult'),(736,'Jd2AMav8OVQZMPraMaper0GWUVKzEgz3jl7tgYG/4f0=','1wMcm95oQCkaYmAtQDmAj9Iyne2Xpux+hrYkPECDVh8=','B-1973955973',NULL,'ALBI',NULL,'FR',NULL,'158@test.de',NULL,'Sylwester','A-1874307771','Kalinowski_test','05.75.50.76.51','81000','Sehr geehrter Herr','78 Chemin des Bateliers','Dr. hc mult'),(737,'sbWZ8bVwklXUeZpnikCYIO6Yf1xaIkWxCB7035kKSwk=','d2pxDl9QySv6yDhKR6dW4p/R7o3WkXb1Sc5phsWFtuo=','B1243913730',NULL,'MAUBEUGE',NULL,'FR',NULL,'164@test.de',NULL,'Thorsten','A648907502','Probst_test','03.50.31.18.03','59600','Sehr geehrter Herr','11 Quai des Belges','Dr. hc mult'),(738,'TEJuy70jhZsFQMuKmw3UND3pjc/XC935ovocDwQx6iQ=','SaJZpuenRGgWVuQlkKCRyiT8e3GgMasRws3Ty+ZeMg4=','B-1949279841',NULL,'Grafenau',NULL,'DE',NULL,'131@test.de',NULL,'Bayard','A-1471733672','Allard_test','07033 46 91 63','94475','Sehr geehrter Herr','Hallesches Ufer 94','Dr. hc mult'),(739,'iIO15qstN8EjlMgRVYeudfVULGQnyWtFeytdPunSxmY=','5ILw2PJKJdgyy+H3p1u9cUUfLLMz+p5X9FCnM+QpDwI=','B72586661',NULL,'Wegenstetten',NULL,'CH',NULL,'146@test.de',NULL,'Kevin','A-1326207718','Gruenewald_test','049 967 78 41','4317','Sehr geehrter Herr','Tösstalstrasse 92','Dr. hc mult'),(740,'KNmjE1BIJMve7tx1EpFW1rmxJdT/0egnCyLOkzdSkzE=','k2/IMvm3GEMo0WcAjhiKNaCMdX6yZsCKSSJewDGslQg=','B-342655732',NULL,'Alpnachstad',NULL,'CH',NULL,'148@test.de',NULL,'Honoré','A-821645769','Legault_test','041 996 53 10','6053','Sehr geehrter Herr','Postfach 58','Dr. hc mult'),(741,'LOqC4RvoCH/ezKM/leJIbTNaTsWkE5J3kZYMa4Mb/FM=','xnFFAIFi0N66N5hx33WtRPyjKztddpPUiLhFkMArLm0=','B-580748278',NULL,'CHÂLONS-EN-CHAMPAGNE',NULL,'FR',NULL,'152@test.de',NULL,'Martin','A1631684016','Kratochvíl_test','03.34.66.06.41','51000','Sehr geehrter Herr','70 boulevard Albin Durand','Dr. hc mult'),(742,'MGwaQl1Inl7OFX4KIIf9VXX9RSxly1F9kyYJnOphrHY=','HhrLdX74/XFNUP0aL7HFQEeXUo6ekzOMBJ5HAZ4rs7A=','B1003673865',NULL,'Welle',NULL,'DE',NULL,'137@test.de',NULL,'Garland','A288082282','Bois_test','04188 84 02 02','21261','Sehr geehrter Herr','Karl-Liebknecht-Strasse 96','Dr. hc mult'),(743,'vqberC4n49hVDDh1js8DytcMOvafPRNvRXagBZNeJII=','3RLtvGQ4yW+tW3js+IZM8UE1nDOIycx2Tz2vVjsf5Q8=','B-797134560',NULL,'CRÉTEIL',NULL,'FR',NULL,'421@test.de',NULL,'Eliška','A570223339','Štěpánová_test','01.02.76.00.00','94000','Sehr geehrte Frau','97 boulevard Bryas','Dr. hc mult'),(744,'NLEAz1Sfs8msglON2e4GE6y4W0pDbHqYM7gWpwH8IPI=','o3fy+ByB99btbRK/POJrPMIkWIKzj64pMxz6BHo/KOQ=','B-581198150',NULL,'Poznań',NULL,'PL',NULL,'150@test.de',NULL,'Fiacre','A1006314368','Poissonnier_test','88 571 43 77','60-408','Sehr geehrter Herr','ul. Latwisa Stanisława 98','Dr. hc mult'),(745,'gfPQHspUqFMKQSaYVYiUkN+b1IFFSAdwPay6QBV5UM4=','HKrGWZiMBLo4TaqvNdB7r+5tIQ789AWS3esz2pGPFzE=','B241584150',NULL,'Fuyens',NULL,'CH',NULL,'135@test.de',NULL,'Denis','A-151003972','Cousteau_test','026 593 80 15','1690','Sehr geehrter Herr','Via Schliffras 81','Dr. hc mult'),(746,'jX20p5onyDTwEfR/zAGTAX5LhJY1nvYgQDXXTAQyXow=','Pu6Yp2OlC/wBB2UbE6C6LHVZ+osq6U9WNgnb8o6MAJ4=','B-732627786',NULL,'Warszawa',NULL,'PL',NULL,'149@test.de',NULL,'Sirin','A2006422394','Baba_test','69 482 05 67','02-939','Sehr geehrte Frau','ul. Zalew 37','Dr. hc mult'),(747,'fOlK/uc44AZL8J8V/DFZOlZsZwUqW3xbUAUka40QNh8=','BPUnn1aWbyUPScWQZBBjDGY67POz6U2rfj+QN2DUBqU=','B-148196339',NULL,'Hamburg Bergedorf',NULL,'DE',NULL,'149@test.de',NULL,'Asma','A1695548362','Tahan_test','040 20 59 04','21029','Sehr geehrte Frau','Waßmannsdorfer Chaussee 93','Dr. hc mult'),(748,'DSVHeyUVBNsLD94udJeWBEEZxEM9DDBYiq/nC9b9N0Q=','K2r7igMELsupQysz9d+uSdKc56rlovjauDv4atjr11k=','B1461976280',NULL,'Zabrze',NULL,'PL',NULL,'164@test.de',NULL,'Zdenka','A-746891671','Janků_test','66 172 29 09','41-800','Sehr geehrte Frau','ul. Dębowa 17','Dr. hc mult'),(749,'OesEdgnZjZRMvBVzmlxbahbkeakbygJxS7YSbqaDVqs=','3NvAVSeRLKe4YP/OJzjEPcijqezabsi/CLIB11qlPh8=','B-608367602',NULL,'Wrocław',NULL,'PL',NULL,'137@test.de',NULL,'Florismart','A1503698106','Camus_test','69 455 48 20','50-239','Sehr geehrter Herr','ul. Kazimierza Jagiellończyka 106','Dr. hc mult'),(750,'UYpqPSEebrrVc9HwdpJZBanFIxj9j66fFpu0osqmyTA=','/zZLXjN088ayygsI9Q0LzSipMw98Fd2XkzKzho5B6l8=','B-2024871086',NULL,'Lykershausen',NULL,'DE',NULL,'161@test.de',NULL,'Vít','A-239978922','Králík_test','06773 79 00 54','56346','Sehr geehrter Herr','Koepenicker Str. 84','Dr. hc mult'),(751,'voEyzoI0KpZgclHo6MW3H3gB/vicThEV7hxpWHNQgWI=','9ztw/HvbmcheyHImTuiZdKoSmh8PaMNxx4DJBGf6CFc=','B1824791101',NULL,'Bydgoszcz',NULL,'PL',NULL,'137@test.de',NULL,'Hadiyyah','A-1867426897','Atiyeh_test','72 440 30 04','85-754','Sehr geehrte Frau','ul. Dźwigowa 106','Dr. hc mult'),(752,'K+ySnDCcH27Mo/GAbsvsjyp8QUMha0cG4X+YVpfdRPQ=','rD+kBEIRa2NVkTwJw//ruz2ChPt3xvrjAXNTkfOGhpw=','B524786439',NULL,'Rosshäusern',NULL,'CH',NULL,'135@test.de',NULL,'Fawziya','A-1521173663','Attia_test','032 807 96 16','3204','Sehr geehrte Frau','Brunnenstrasse 141','Dr. hc mult'),(753,'2xZo6WndAT1nyMQLlFii5ZtAwmN46r05zFS/0IyGajs=','subyAZbQMZIwZ5iEMSWbVjTYdqeO1Vzyw6sq8rbPJGE=','B-1732531633',NULL,'GUÉRET',NULL,'FR',NULL,'148@test.de',NULL,'Rafa','A583062548','Baz_test','05.34.55.41.27','23000','Sehr geehrte Frau','31 Avenue des Tuileries','Dr. hc mult'),(754,'dj6HF2zFT4GeKPfqcTIIgFMoF/g2xzkpBvvRlYd79nU=','zmfaYemmDKxc0KvojA3g+iiFM096njD5igWBZCIsYAQ=','B-693822696',NULL,'MARSEILLE',NULL,'FR',NULL,'156@test.de',NULL,'Saidah','A1579338540','Issa_test','04.97.89.99.60','13009','Sehr geehrte Frau','48 cours Franklin Roosevelt','Dr. hc mult'),(755,'QHeCussLETy5jKnyx6YOjRlgc9rMZAC7yMcFtwo89U4=','mLI56SWvWMjdRLVrVU/zIAP4IRcDHZvg2PajByA80ak=','B272091960',NULL,'ÉCHIROLLES',NULL,'FR',NULL,'162@test.de',NULL,'Walenty','A-957214568','Kwiatkowski_test','04.98.87.63.29','38130','Sehr geehrter Herr','92 Avenue Millies Lacroix','Dr. hc mult'),(756,'JE+HWYRmW64sYsRIJDzMacl4I9Prsdm8Za3zeiKReus=','yhaCk93Pmby5o/uWcNilxVlyeB0rLJzW4uLWgSZg7yg=','B1976218047',NULL,'Berlin Wittenau',NULL,'DE',NULL,'147@test.de',NULL,'Celia','A-1877058951','Pitchford_test','030 90 00 75','13439','Sehr geehrte Frau','Waßmannsdorfer Chaussee 24','Dr. hc mult'),(757,'dVS6Ym2GjSNig3c86sAwdZU6vKNimYHL4GJeo5IjLcE=','chswo4OO7F3mhDt15L+UAl2YuDftS8h6tncD92PzudQ=','B-89262039',NULL,'MIRAMAS',NULL,'FR',NULL,'158@test.de',NULL,'Joseph','A1240434554','Thompson_test','04.67.47.13.71','13140','Sehr geehrter Herr','37 rue Bonneterie','Dr. hc mult'),(758,'h6ukhXPNYWuVDqDWWKiUzNXS52fIfdS4XDA+Acw1veI=','9m1/sn1wNU0hw05ejr1EYCgmmLaSPjrSwsyKCUvPaCA=','B-1014812580',NULL,'Gersthofen',NULL,'DE',NULL,'429@test.de',NULL,'Marta','A-1058204399','Škapová_test','08230 66 36 66','86368','Sehr geehrte Frau','Paderborner Strasse 41','Dr. hc mult'),(759,'+slPnGnuy46MDsqXt5+M42qXn8CU1yTWusSO0pEletM=','xiPOOEagBcvJa1ojz7SOufr2K38XZUPbeR0FQpNH6mg=','B334716089',NULL,'Benningen',NULL,'DE',NULL,'142@test.de',NULL,'Lowell','A554174214','Bordeaux_test','08331 36 02 58','71726','Sehr geehrter Herr','Ufnau Strasse 15','Dr. hc mult'),(760,'WxBYaBjLYC6FfMV7XGD2tXQk+bk4oJJmxlDgsuZHerI=','5FEmQhAMKqRYIQveJ4oMZ8YQuPilnDpJjRoxNX/sfw8=','B-1342901043',NULL,'Les Sagnettes',NULL,'CH',NULL,'144@test.de',NULL,'Carole','A2144477159','Massé_test','032 273 93 86','2124','Sehr geehrte Frau','Studhaldenstrasse 10','Dr. hc mult'),(761,'oIUn8kvcZPvk98wCh9R6TjWhz/A3C9IslKAmuEzEhRU=','4/NfJXdQeLxRwg1v5VmjoaY3yXeSJwzCai5byKdMOIc=','B1641982049',NULL,'Zabrze',NULL,'PL',NULL,'155@test.de',NULL,'Paweł','A-21711266','Kwiatkowski_test','60 197 84 49','41-800','Sehr geehrter Herr','ul. Biniasa Pawła 21','Dr. hc mult'),(762,'LCgZCZLnod/HMKaQyfp9aPRkL4jbIG9RjlC1DGknapg=','D68OOCANT4Y8ehQidbwsQxd47vo8SBhZjmh1ongQVRo=','B29633538',NULL,'Landshut',NULL,'DE',NULL,'166@test.de',NULL,'Wisława','A-1501603459','Ostrowska_test','08707 99 26 24','84007','Sehr geehrte Frau','Neuer Jungfernstieg 43','Dr. hc mult'),(763,'Br70yZcTGQuXdLsecZOExsbCkHMJDoftqIVGfQSFIjw=','OIDXZipfF2Z+CsMLRZ0qP68JHkSKNltwlinG2cbODxc=','B-1787878098',NULL,'DIJON',NULL,'FR',NULL,'150@test.de',NULL,'Klaus','A175138429','Krueger_test','03.83.59.82.82','21000','Sehr geehrter Herr','4 rue des lieutemants Thomazo','Dr. hc mult'),(764,'LxHVw7DlD+glPhfaWfTMwv5Kme/sY8AuFOsfmmJAVb0=','EercjqMMHYjLEPxTlIEqj49Mthw3f/sDxt7oJU81t5U=','B-914478641',NULL,'NANCY',NULL,'FR',NULL,'153@test.de',NULL,'Beverly','A-619725689','Williams_test','03.43.52.88.83','54100','Sehr geehrte Frau','42 place Stanislas','Dr. hc mult'),(765,'e18reFmhhcHT2CxJh5R1Qg3h7rEpVW4BioSC/Mh7teg=','5QoFweOkuodYq3r66w3mw3a39JKzqz0zLiWrYgN8sKo=','B-1832778319',NULL,'ÉTAMPES',NULL,'FR',NULL,'160@test.de',NULL,'Milan','A1170501497','Slivka_test','01.13.44.31.78','91150','Sehr geehrter Herr','65 Rue du Palais','Dr. hc mult'),(766,'cXJFcfClAvgBq9yIAYa/uQmIiOMREnWbb7ZKc6pcYtk=','DuzrjNiU+2KLcdVa1dB7WkZDAscXkNNyHewzgSBxNrE=','B-2050889212',NULL,'Oeschenbach',NULL,'CH',NULL,'151@test.de',NULL,'Johanna','A1282590925','Mehler_test','062 525 88 52','4943','Sehr geehrte Frau','Jakobstrasse 52','Dr. hc mult'),(767,'V/xwg8akET3W1sw7rFZnT8LZIuwski8hOIIDxs67Kqs=','tBAUoHkc2SMyDnP4aEGaCbe+68EzCjV0uuujbIwDgyM=','B1379540537',NULL,'Pregny',NULL,'CH',NULL,'148@test.de',NULL,'Doreen','A-1410359800','Peters_test','022 333 93 28','1292','Sehr geehrte Frau','Herrenberg 71','Dr. hc mult'),(768,'17POJJIlqcobB+HGjy047dx7rBnjdd2kEe1dvQDEnxM=','7dOE2rrB1Wx8WUs+0zP9P89zzz+9tAq5o2FZmThSH1A=','B222760634',NULL,'SEVRAN',NULL,'FR',NULL,'176@test.de',NULL,'Vlasta','A346756693','Závodná_test','01.81.27.30.46','93270','Sehr geehrte Frau','24 avenue de Bouvines','Dr. hc mult'),(769,'eD5Og67VsCgUEwbN+SlQk9JY+CuQizN7dCtVB5qpF5A=','SjQNM5yTWklNVVbA60eBTmc6Z0QgvGRbzNNGPTBk/Bc=','B-1832026812',NULL,'Sosnowiec',NULL,'PL',NULL,'148@test.de',NULL,'Lubabah','A1825568068','Halabi_test','88 805 14 26','41-219','Sehr geehrte Frau','ul. Cienista 27','Dr. hc mult'),(770,'UiVJFH3Ty4KOnqygPfRVtI1EefEaX0RbOBBvaWsKfSw=','YmrpseEVBQQp8Ttgmdv0bsBy8/tehkbfdOgkOXNe00E=','B1948643311',NULL,'Schnaitsee',NULL,'DE',NULL,'154@test.de',NULL,'Nicolas','A-37718336','Leclair_test','08074 52 73 71','83528','Sehr geehrter Herr','Jahnstrasse 47','Dr. hc mult'),(771,'QLiBJjJ6yOBDxXLvLsAzqzz0VIustfzJDuncvQoHEfg=','sN36NhrmXtJNb+kHwl5CfuFj1q6u5dDgNxiqNWO6zcc=','B-1666214095',NULL,'Jaworzno',NULL,'PL',NULL,'153@test.de',NULL,'Lindsay','A-16758606','McDonald_test','72 287 86 73','43-603','Sehr geehrte Frau','ul. Kolonia Artur 66','Dr. hc mult'),(772,'O5w70qc9gJWW/D1XTRZ3KO1TpoEctIglTFSBQERBwjI=','9Iz408Y7qRw84aaTS2ouzRtLzWVcZvuIYbHNvE95d/Q=','B2094567509',NULL,'LYON',NULL,'FR',NULL,'150@test.de',NULL,'Phillipp','A-1452783372','Farber_test','04.16.91.60.54','69005','Sehr geehrter Herr','11 rue Banaudon','Dr. hc mult'),(773,'WF1QSuasJnIa89q/iBLWjszf8A7c98f+tNsZsA5PAx0=','+ydjD24i9irjQ2DBWTYpnhwZFbF7+YskkUPYXCdUDEY=','B-2084177606',NULL,'Lublin',NULL,'PL',NULL,'145@test.de',NULL,'Marion','A-1532562816','Dominguez_test','53 134 74 73','20-211','Sehr geehrter Herr','ul. Gospodarcza 48','Dr. hc mult'),(774,'qw+fgPzXKMC2aSK/p4WtyZyNQSTS9Ddz/rsGQSuLU2g=','d6BVBxXn3mndTA98zlSDXMBqtoXGyEwR7+5dvDJ5zgE=','B345344870',NULL,'Zgierz',NULL,'PL',NULL,'149@test.de',NULL,'Mariette','A1181541115','Hervé_test','53 490 91 51','95-101','Sehr geehrte Frau','ul. Piłsudskiego 148','Dr. hc mult'),(775,'VJcAI7Ek0Cc2plV/fkum8TE0RCYR6fT4ph1diy4wIEE=','XjdNud2W77BaFaiMh+IuB9kye4m//oWGRctZJIKUsXo=','B230733730',NULL,'Neunkirchen',NULL,'DE',NULL,'142@test.de',NULL,'Mundhir','A-494720499','Abboud_test','06821 75 95 38','66522','Sehr geehrter Herr','Meininger Strasse 70','Dr. hc mult'),(776,'Ta3gaCYUWNY+tNqeAoAxZSuIL5giQ28IyuXS08VT3DQ=','XN1D5gFamQCa06mUAxoDGFWHc4k/1rJcRiPpboUFSzk=','B-1960619845',NULL,'Elzach',NULL,'DE',NULL,'148@test.de',NULL,'Jadwiga','A738670122','Jabłońska_test','07682 01 24 57','79215','Sehr geehrte Frau','Schönhauser Allee 46','Dr. hc mult'),(777,'Hkdb9MD2EyHr91Ov0MOZhaSG3BdHnKy1yi8K/KMU9lg=','8G4k/p9E72qsV+I/hEKeqDoVRQoi4OKF7HTyt2PTkrI=','B663685930',NULL,'Tiefenbach',NULL,'DE',NULL,'144@test.de',NULL,'Carine','A-1785020753','Mercure_test','034322 82 37','55471','Sehr geehrte Frau','Hoheluftchaussee 6','Dr. hc mult'),(778,'sDRPm8yN4L5aYyeXAxDjaBMuGqLVlXfWFnI0Y2VaPBg=','GYGaRhLjOoOCWP55yLtuH1Wx7v1wTZf7C0F5cS1tepE=','B-380419938',NULL,'Gross',NULL,'CH',NULL,'143@test.de',NULL,'Barbora','A1626083717','Malá_test','055 328 23 97','8841','Sehr geehrte Frau','Sondanella 134','Dr. hc mult'),(779,'urKbONNViGle8cA+htkOIKQZ+FgA4oAeD31D59tjego=','G1RI0gsHyGC80AcJem/auVe4sIDYp/6Q8oWAf4xVxXU=','B-193211959',NULL,'Brügg',NULL,'CH',NULL,'153@test.de',NULL,'Maria','A297941679','Leblanc_test','032 633 25 94','2555','Sehr geehrte Frau','Üerklisweg 68','Dr. hc mult'),(780,'HemsUHFe8sGOJxjMo4SCZcO+FQIrbtpzM+vytIaL++s=','qlKjr6agGKhT+3C9dNz+2DaTIBKSnfwa/8cFstsJphQ=','B339312093',NULL,'Poznań',NULL,'PL',NULL,'146@test.de',NULL,'Kunegunda','A1677764194','Gorska_test','79 270 84 66','61-038','Sehr geehrte Frau','ul. Gąsawska 116','Dr. hc mult'),(781,'UMfxlLS6W5a38nUBmvwTJAFc9o0ryvWno4Kbe/Jn118=','esSk3a/sjQ73DcA/7BjePj9SnNdj8ryNAjfRBKdptpc=','B767878811',NULL,'Auenstein',NULL,'CH',NULL,'149@test.de',NULL,'Bernd','A-1906986344','Seiler_test','062 946 99 69','5105','Sehr geehrter Herr','Zürichstrasse 6','Dr. hc mult'),(782,'8z/gJHsZN57lAYX7rNEva+fvcoHhzFcpuOeUTU96LxA=','E5AeUD21K4YF68MZwi988IAbLmTekHODdyGP3mI1FIg=','B1999603937',NULL,'Wrocław',NULL,'PL',NULL,'159@test.de',NULL,'Mieczysława','A-2051001525','Rutkowska_test','88 921 00 61','50-383','Sehr geehrte Frau','ul. Joliot Curie Fryderyka 62','Dr. hc mult'),(783,'iAU6k6urS1BPXfi/9bWR8jGF4V5RECp3zo8f7bMqOZU=','94lybfqWV80kfrMcI3DGzQw6c0Qx1WEKsOQnKYtwR6I=','B792429848',NULL,'Kappel am Albis',NULL,'CH',NULL,'151@test.de',NULL,'Uwe','A790152369','Bachmeier_test','044 323 21 92','8926','Sehr geehrter Herr','Forrenböhlstrasse 142','Dr. hc mult'),(784,'es/6bB6qZMMrvR0djVdU8ogaG+bblPDgAP3VIlv7pH4=','+hbHd5kQEnFrvvDwRjC1/na+e+Fc17VGgmi7FcxBVzs=','B956102654',NULL,'Wrocław',NULL,'PL',NULL,'171@test.de',NULL,'Walter','A-308872920','Terrill_test','67 601 67 86','53-133','Sehr geehrter Herr','ul. Kampinoska 129','Dr. hc mult'),(785,'ObfDPvoMkpt8ZiiW2gys9dEjqkWBweV0WxB4gwHz/C4=','d5q5f/mwbgxcLBW8eN8OC0qUkhybBAWyzq4gaYRrA+M=','B-1951716471',NULL,'Denens',NULL,'CH',NULL,'149@test.de',NULL,'Jana','A26774727','Kubínová_test','021 569 58 29','1135','Sehr geehrte Frau','Via Camischolas sura 116','Dr. hc mult'),(786,'vMm7+oKMWK5S2veG21FsPzWWOespDCjHwXnJr8ojHMw=','ed8X8HlW641DG4DSVCKubaS3YOm84ORoqjFSERCTpnI=','B-1704795893',NULL,'Mazembroz',NULL,'CH',NULL,'153@test.de',NULL,'René','A-1810571619','Gregor_test','027 975 37 21','1926','Sehr geehrter Herr','Schuetzenweg 100','Dr. hc mult'),(787,'5R4GwM6tOLgY6yhHc2xReDae1rSRf2wVLePse4hNQpo=','WejtQdEwSP7yNXHNpPIgZd5v1PhJFLLP6JStAOb9S+Q=','B-307777352',NULL,'TOURS',NULL,'FR',NULL,'143@test.de',NULL,'Corette','A735219759','Lachance_test','02.95.59.82.82','37100','Sehr geehrte Frau','87 quai Saint-Nicolas','Dr. hc mult'),(788,'YmBtKss6K1rulOazxbgqlVKcF35kLN9EYGK03vP+prs=','qrOdFyD9aeRy2Ic9jpHOWZV+F/hG8O9eRBAHoX5x8qw=','B-352597963',NULL,'Eutin',NULL,'DE',NULL,'142@test.de',NULL,'Josef','A1008494001','Dirda_test','04521 99 94 72','23692','Sehr geehrter Herr','Nuernbergerstrasse 64','Dr. hc mult'),(789,'34AuyM/VJQXgxOg8qcSLEyNKJ3U7mtZ+cxY7jApTgxM=','OEuSafa7RPhCWTK+s++NOs6X28Xw7j33kwAKaI96WwE=','B-432373529',NULL,'Częstochowa',NULL,'PL',NULL,'143@test.de',NULL,'Langley','A1670374922','Clavet_test','60 427 17 49','42-202','Sehr geehrter Herr','Al. Najświętszej Maryi Panny 122','Dr. hc mult'),(790,'LiEqSewZPL2Xs+YsZ4d/c9r9U4ocyNURcAfVIxNGqVY=','oXimlv155P977ER4S3K8y2L0TqLUGacBW+KUGhWOYk8=','B2116757520',NULL,'LILLE',NULL,'FR',NULL,'149@test.de',NULL,'Scott','A-531048529','Buchanan_test','03.17.21.58.07','59000','Sehr geehrter Herr','47 Chemin Challet','Dr. hc mult'),(791,'e+mUyFFnZ3jTFxiatYHsch6ivG/fHqIuKsgr2PRu08g=','a2sktsuQDB7xBHBLqKoyplIpMyI7SDCWt7UFNjrVpec=','B-705546750',NULL,'Kielce',NULL,'PL',NULL,'154@test.de',NULL,'Heike','A924065738','Reiniger_test','66 631 24 65','25-621','Sehr geehrte Frau','ul. Piekoszowska 45','Dr. hc mult'),(792,'lA/dANOIsg1PJYw41Z8FkSsYXgIVn7QAAd5BJnRW80w=','ATdemwl9yfHexqtzmlbGElMlEqwrZhBHthspyH3qZc4=','B-2114656530',NULL,'Friggahüs',NULL,'CH',NULL,'166@test.de',NULL,'Věra','A1502661456','Procházková_test','081 336 66 62','7136','Sehr geehrte Frau','Im Sandbüel 105','Dr. hc mult'),(793,'k4QDdY/fIR39H4VzJ2tS59WvH/VAxWm1ECcgC8Ioh+4=','aVEalMkNnPKH/NrQT9uqbesC+g/AegdCG80K0X/AUxA=','B-2057896169',NULL,'Barcin',NULL,'PL',NULL,'142@test.de',NULL,'Afrodille','A464762357','Mercure_test','66 981 97 61','88-190','Sehr geehrte Frau','ul. Artylerzystów 51','Dr. hc mult'),(794,'0ZNbzya7bKwSdUD5TgpTsrlJk5miJQ0rjRbogZ0WM20=','ZOu1kdHCWXRQsM6/gHxX0SIQn8lWkEC3rn2+bZSCTwI=','B1850101108',NULL,'Wrocław',NULL,'PL',NULL,'154@test.de',NULL,'Czcibor','A-736597735','Woźniak_test','72 169 06 86','54-060','Sehr geehrter Herr','ul. Świeża 90','Dr. hc mult'),(795,'O0qXMIEa+fEL6pygtB9QtIHoY+ooN5gWZvPlrMJjXoI=','aCTkdaNJmGzYMmP8MJu//qbXMoEtqk4LEtU6XGGdrZo=','B720997125',NULL,'Katowice',NULL,'PL',NULL,'163@test.de',NULL,'Pascal','A98434345','St-Jacques_test','60 152 90 97','40-171','Sehr geehrter Herr','ul. Modrzewiowa 128','Dr. hc mult'),(796,'Ga2mSw+0A4NlpMeaVit5KgU7v0fAoE5haKvxJguuJGs=','MQgHy4xhzWOORiY+RghQjdSS1mRV5l5Fyz+xmea736o=','B-1447079319',NULL,'Hamburg Bergstedt',NULL,'DE',NULL,'132@test.de',NULL,'Cecelia','A1090064898','Amador_test','040 61 87 24','22395','Sehr geehrte Frau','Waßmannsdorfer Chaussee 51','Dr. hc mult'),(797,'LvSjYZiSenbZP1c9dDCKX+2Kq5vRcKXoiK3UNSyLMyc=','4MveayPVpjeqE4eCWYrsGk00mJAzY3q1aI4o5udbLlA=','B1585015411',NULL,'ÉCHIROLLES',NULL,'FR',NULL,'172@test.de',NULL,'Uta','A744679263','Winkel_test','04.33.59.98.28','38130','Sehr geehrte Frau','59 Avenue Millies Lacroix','Dr. hc mult'),(798,'gYohw3UUolDG/n4BGi+xDkKgLimiwC9rT9laDiHuALY=','V5zi1C+2o5XTbcrQvYtvq6OXBrUA3IXiv82Om45TV/s=','B-1029419055',NULL,'Lausanne',NULL,'CH',NULL,'156@test.de',NULL,'Lisa','A1889160280','Perry_test','021 656 42 85','1006','Sehr geehrte Frau','Kopfhölzistrasse 134','Dr. hc mult'),(799,'gBnw+omJ8JNL5vmgBxEpYTYw1QNgfxmSTymP2WazbRE=','uujzFtBc+oYEW16AHOieeijepRtgOiFd4m5XKjuvky0=','B-600105724',NULL,'Wrocław',NULL,'PL',NULL,'147@test.de',NULL,'Kateřina','A-1233316493','Hanzelková_test','60 916 28 89','50-123','Sehr geehrte Frau','ul. Przejście Oławskie 86','Dr. hc mult'),(800,'Ncn8px3ewexf8d1yTYDjXIBFkRiWAMKKFmJdqknUCvk=','6VUP6fXCum9guxWbJongXErKXV/8ntYa/KIqzlauShU=','B1418556730',NULL,'Rostock',NULL,'DE',NULL,'147@test.de',NULL,'Leal','A991042275','Grignon_test','0381 32 71 53','18001','Sehr geehrter Herr','Kurfürstendamm 54','Dr. hc mult'),(801,'9eRZbJKlhPbuUL55H6OnWSA3ZgFn+QkEa3yg80D6Z8Y=','FNq9PJARs1XfGWwwnpjjCXB9kSeijIUsynjvQyw0IKI=','B-2074788408',NULL,'Stuttgart Süd',NULL,'DE',NULL,'155@test.de',NULL,'Nadhir','A1705835747','Masih_test','0711 97 90 51','70184','Sehr geehrter Herr','Ollenhauer Str. 49','Dr. hc mult'),(802,'svyixd0HoVj9t4He2LRIv2froAELj+3chc4cgI3emuc=','cR+vVIZvkZrCX62BwWJkLm1N6+92zjpg0+iADWxsjNg=','B384469845',NULL,'LE MANS',NULL,'FR',NULL,'163@test.de',NULL,'Michael','A-1274994101','Ventimiglia_test','02.95.93.09.65','72000','Sehr geehrter Herr','4 rue Goya','Dr. hc mult'),(803,'KxC5Ni0XbVka8blL3SPNmiviQ9ND+ElBUkYUQ+gV+QA=','1gC6sLMABsRgEd+HRbyY99K/eyE6V+zpqzujNzWc39o=','B-608206091',NULL,'SAINT-LEU',NULL,'FR',NULL,'144@test.de',NULL,'Crescent','A-906353194','Mouet_test','02.36.22.58.64','97436','Sehr geehrte Frau','30 avenue du Marechal Juin','Dr. hc mult'),(804,'Pxb6oOhne0pMi9J2BO3fMM3B3wrcAEVbV2si1NIlsxE=','3mZc/8xegvZwqppbFBp0Xr43zoFOhUox3TQ3PPpfaI4=','B583457991',NULL,'Lourtier',NULL,'CH',NULL,'171@test.de',NULL,'Věra','A927023287','Urbancová_test','027 530 41 84','1948','Sehr geehrte Frau','Betburweg 74','Dr. hc mult'),(805,'DemavlOke60xQxktqbOWt8iuxKcKPIxcPawjqyZh0Ik=','oJmO+fLfHazEteaG1XFIYqs5po+/Emw5lFDhFfGutcA=','B-1337621290',NULL,'Szczecin',NULL,'PL',NULL,'156@test.de',NULL,'Lora','A1962657120','Perry_test','88 888 07 80','71-838','Sehr geehrte Frau','ul. Bajeczna 110','Dr. hc mult'),(806,'iyYyuwsI2GwPHi48OqJskhNTWfSj3dA3lXC8ER51nyI=','SbmJapBrh6rM8SyO5cjqlezMkib6t/Q4ccag0pMk1dM=','B-660449215',NULL,'Hamburg Francop',NULL,'DE',NULL,'139@test.de',NULL,'Demi','A1458797494','Goddu_test','040 09 70 55','21129','Sehr geehrte Frau','Boxhagener Str. 61','Dr. hc mult'),(807,'CTRE4ZKObDbJlyQQ070wm6duO2NqwajM8hK8Es65+iw=','Skub5uc7Iiw4aPsAc5NrW5zhBgg28booOJ8Lk7aRLdU=','B-1318420478',NULL,'Ciona',NULL,'CH',NULL,'151@test.de',NULL,'Théodore','A-1369819132','Chevrette_test','091 438 34 53','6914','Sehr geehrter Herr','Loorenstrasse 144','Dr. hc mult'),(808,'4CtOxnKjst/lt2/vFZnjbvEkimozvJEKJyWXgLYvgGY=','dULj6GlhzX+AKgxA1lD0OyCrTpLLOh5m0jhcs5bh6nI=','B-554549299',NULL,'PAU',NULL,'FR',NULL,'154@test.de',NULL,'Josef','A-1260099486','Paclt_test','05.84.24.34.59','64000','Sehr geehrter Herr','74 Faubourg Saint Honoré','Dr. hc mult'),(809,'VZ4itb81LzYSh2z578V4RHuOm0j21oZ+be6SuK1r3W8=','TlBR9nke1TnHILH7WRROOvH20h1r597v1g/ZnUzDBTw=','B-1450539311',NULL,'Warszawa',NULL,'PL',NULL,'153@test.de',NULL,'Merci','A-410050439','Langelier_test','53 680 32 76','02-676','Sehr geehrte Frau','ul. Postępu 79','Dr. hc mult'),(810,'RTW7dyNrse5sMNAEPRx4+wphunJcd56+MkFTNzlKt/4=','f1ki4ZcwTIqFy9vmQ2fmv4GhGy8KD/oSuqhXrsceL44=','B-131270293',NULL,'Courchapoix',NULL,'CH',NULL,'166@test.de',NULL,'Ubaab','A1460433346','Qureshi_test','032 617 96 22','2825','Sehr geehrte Frau','Bösch 4','Dr. hc mult'),(811,'DLFz05VWkHBYL7wrvKXOgWNhWdZLw7qiDkSFmBXFMfU=','mzfoSw7HWs4cCthbozmnXvQhBHcgs+DCk27+xJmdby0=','B106485260',NULL,'Dangio',NULL,'CH',NULL,'155@test.de',NULL,'Shumayl','A482487985','Hakimi_test','091 762 76 41','6717','Sehr geehrter Herr','Dreibündenstrasse 24','Dr. hc mult'),(812,'Y7yGuJdLBzBzJ35jOjCKAMjAQE64sW4trpPhC3tF+Bw=','0yltH/hd4M3pg3JxyJOlfVGLp0ynM+69cDXgHvH4ekg=','B1097454812',NULL,'Wilsum',NULL,'DE',NULL,'157@test.de',NULL,'Zahrah','A1935909232','Cham_test','05942 24 67 01','49849','Sehr geehrte Frau','Lietzenburger Straße 90','Dr. hc mult'),(813,'SBSYVIjTULpor7s0WeK/Ri9uaoVNjNixLluwSS2NFFM=','wE+vfXzo/tYxgF812frN73zPAxD2dDWF8/azomTKKC0=','B94519523',NULL,'Bydgoszcz',NULL,'PL',NULL,'171@test.de',NULL,'Zakariyya','A1107088150','Qureshi_test','79 670 10 62','85-374','Sehr geehrter Herr','ul. Prądy 16','Dr. hc mult'),(814,'abujr+345kad+ySLZIstZXIRa29ioAJ1p06Gd01P5Vc=','e5CTLpMIduhngijg0k8fHYN73U11SXqzGwteShFU5sU=','B836164285',NULL,'GOUSSAINVILLE',NULL,'FR',NULL,'164@test.de',NULL,'William','A1217842811','Mitchell_test','01.22.59.12.50','95190','Sehr geehrter Herr','84 rue Jean-Monnet','Dr. hc mult'),(815,'ugvm7gI5MBEo6z5n3W3JAciW9Ma7VD2XGkGi9QPxvpE=','/nhTahGTBotxWWugsVvIXfIG7vPp2r6fXoQyS7vkbPw=','B-835327965',NULL,'Weingarten',NULL,'CH',NULL,'137@test.de',NULL,'Elita','A516907542','Ducharme_test','071 893 35 92','9508','Sehr geehrte Frau','Langwiesstrasse 142','Dr. hc mult'),(816,'e8Z+kklzGHGXtDvVuBs/oAzS5MoNyfaC7yMJQtqUROE=','zjGJr6toRw4yehW2EMkSyQFHrrUVWp9f6TRXtI5s+cM=','B752089302',NULL,'Radelfingen',NULL,'CH',NULL,'150@test.de',NULL,'Katarzyna','A-911845746','Kamińska_test','031 460 69 95','3068','Sehr geehrte Frau','Herrenberg 148','Dr. hc mult'),(817,'SslFRQ/32+9qJUHg+4u1sPuf4DTLkSIrrovgm6a04ws=','5R3QzZrBKEcPfdrdvQM2VBT1A9X2JTLXks+5QPTVwuM=','B474329256',NULL,'VERDUN',NULL,'FR',NULL,'154@test.de',NULL,'Ray','A-1557763103','Huppé_test','03.27.67.64.54','55100','Sehr geehrter Herr','96 boulevard d\'Alsace','Dr. hc mult'),(818,'YAx8FaMnSTrr1bSc1OUxKD4KstzbHIkLOXeg6FNKemg=','IsYH2T4ah6OgB1PhkCtZq9+tzg83G+dHiPGYE4fsIGQ=','B-173793357',NULL,'Weinböhla',NULL,'DE',NULL,'152@test.de',NULL,'Mario','A2018821457','Kastner_test','035243 30 42','1686','Sehr geehrter Herr','Amsinckstrasse 95','Dr. hc mult'),(819,'ywPDY1ccblaX2vB2VPLz3MQw7Rb4F5Ty6yr2wwUsrc4=','NFGf1yTA1Hdq3TWuMxX/FNDyMxYepmdj0CAVIhmfLeU=','B-944558833',NULL,'Kellenhusen',NULL,'DE',NULL,'148@test.de',NULL,'Georgette','A-424194959','Mireault_test','04364 69 42 68','23746','Sehr geehrte Frau','Schönwalder Allee 52','Dr. hc mult'),(820,'CMJ5Qvt7+zsO3WLPUBWF3p5ie0NH/Yz7HqrIvjLqCA8=','eJW0+f9OS43Z5cTQ/7SDguyz2HJO0ywxnpJX0Y1AE/g=','B-107338380',NULL,'Seglingen',NULL,'CH',NULL,'151@test.de',NULL,'Tymoteusz','A936250895','Czarnecki_test','044 777 13 56','8193','Sehr geehrter Herr','Allmenrüti 147','Dr. hc mult'),(821,'4+1KxowNnJ+RfG/jAFDvMGguuq6NC4KiQTGZpUmOHCA=','wnAZDmoBb7hQUqifXDj8YvajtzMdiuH/CmrwEYXqf2s=','B282390192',NULL,'Bytom',NULL,'PL',NULL,'158@test.de',NULL,'Ralph','A89601994','Lowe_test','88 250 82 12','41-907','Sehr geehrter Herr','ul. Generała Roweckiego Strefana Grota 27','Dr. hc mult'),(822,'PH18U7Liflr8VNvTiTY/paNjygLRFwooovyElmlW7Ww=','sqd22vL9g60LUxQyqjz07NafQOCU9Ek80u1gxoich88=','B1840284129',NULL,'Esslingen Wäldenbronn',NULL,'DE',NULL,'137@test.de',NULL,'David','A2086026136','Ebersbacher_test','0711 45 90 51','73732','Sehr geehrter Herr','Neue Roßstr. 52','Dr. hc mult'),(823,'yUNwFwYMpeEFKqMnzSmCNj1cw7aP0VrsuylLNXXW/wQ=','BZL8+AYH0pWKkIRrHYgnm97l2If9vjpuw3FtWD0tFpk=','B1217098187',NULL,'Flurlingen',NULL,'CH',NULL,'162@test.de',NULL,'Karol','A-973060477','Wieczorek_test','044 951 76 58','8247','Sehr geehrter Herr','Kammelenbergstrasse 76','Dr. hc mult'),(824,'yiJCQHqG1rIrBVUzD4U/61RbtJcigrgCaVXR7ym8Vvo=','rArXLX+3/T9g3Kyg+uKSuhU+5tZVR0rjKsSb1+ZMCdo=','B869808065',NULL,'Radom',NULL,'PL',NULL,'149@test.de',NULL,'Bara\'ah','A-2141668760','Shalhoub_test','72 843 83 93','26-610','Sehr geehrte Frau','ul. Ciasna 108','Dr. hc mult'),(825,'F5ja6xELzVHVEi5r9hGA6/LSRLXrhA6PTd6s5umTpro=','vq47oRkBWU0+pEsBzKDQZ+3Uu43ceOhu72gMpK2pWL0=','B-2109990656',NULL,'Schönebeck',NULL,'DE',NULL,'429@test.de',NULL,'Miroslava','A343688836','Šmídová_test','03928 05 00 70','39218','Sehr geehrte Frau','Ruschestrasse 57','Dr. hc mult'),(826,'TJV64OrGiwQkn3B8nKOB8jgBWbhoAfjVWtol89jIqmQ=','JDjs63uysNPu+MHpDbaz/ITfp/1x1fg3ogeiiDglkNY=','B-2076410005',NULL,'Lommiswil',NULL,'CH',NULL,'142@test.de',NULL,'Krystiana','A-249585400','Chmielewska_test','032 920 41 40','4514','Sehr geehrte Frau','Betburweg 20','Dr. hc mult'),(827,'jo1nDrlTvmSOiHdWrJtJougdYr+Xc4Fb2/m3gxeXqeg=','GaSEJUyeRKl8w0WhADsykLrI5+lDledgEFD6pjLxYaA=','B-1396970492',NULL,'Białystok',NULL,'PL',NULL,'154@test.de',NULL,'Michelle','A1994740752','Marbury_test','66 864 89 44','15-546','Sehr geehrte Frau','ul. Zaułek Łęczycki 111','Dr. hc mult'),(828,'39PWdRKjIrFEaD1qWspBEgdkc/erFm7x3j8x2hTfcpk=','1/cWP0hqJNpBYqnKkKQ1wa0cOF//bQ/zdc3Baee1LEY=','B1685980829',NULL,'Gdańsk',NULL,'PL',NULL,'458@test.de',NULL,'Marie','A1477221043','Žižlavská_test','67 822 20 71','80-203','Sehr geehrte Frau','ul. Giełguda Antoniego 133','Dr. hc mult'),(829,'ElhXMiqISljb7xMm2FR1QSA2e3QybT+OHM4mqc9HhRs=','rcjia7ovNP+FCMGX5uzD+i2vWJiahYJT4yPMoDQDv54=','B-912585327',NULL,'St-Imier',NULL,'CH',NULL,'147@test.de',NULL,'Fathi','A-1129808123','Maalouf_test','032 638 22 30','2610','Sehr geehrter Herr','Via Albarelle 14','Dr. hc mult'),(830,'Onp4PzC4GG/UurlzNUZ23GbxtVDHFjAO8r44XKdwRn8=','UP+bnsWrrjFR7HMqw6jEVGHYcL1n/FRq6/k3IGP1qbA=','B331471244',NULL,'PARIS',NULL,'FR',NULL,'143@test.de',NULL,'Ammar','A-962373571','Naser_test','01.77.94.28.30','75002','Sehr geehrter Herr','41 Square de la Couronne','Dr. hc mult'),(831,'/gA9zCOTm4cNXJkhXeqqFbJVTX4CGwqkNQhAez7pPeQ=','dlrrPbXIWWIyqB8FiJ3Z1HfWsljTHg4XxxiwxJuapjY=','B1272781982',NULL,'CARPENTRAS',NULL,'FR',NULL,'144@test.de',NULL,'Edyta','A-1665728414','Kowalska_test','04.90.67.89.91','84200','Sehr geehrte Frau','44 rue Porte d\'Orange','Dr. hc mult'),(832,'41Dh6/KtTJHwf9n0upXIXG1spyL+M8MksMjhAAXpyrs=','DBp/bMwuaPeWOPqpNBF/XRqMM3pSXyrGITLkTWmVAU0=','B463292731',NULL,'BONDY',NULL,'FR',NULL,'134@test.de',NULL,'Cécile','A-2041599184','Collin_test','01.20.45.80.65','93140','Sehr geehrte Frau','45 avenue de l\'Amandier','Dr. hc mult'),(833,'PBzmghoQ/ZigKVKjGIsSlWqVnDTNpdQJQn08EghFPkg=','dUmjZqbmgbGl5FJvmoSPK3jZ8aUZ23NGyyFlXUZjIew=','B-1355156272',NULL,'Bydgoszcz',NULL,'PL',NULL,'131@test.de',NULL,'Aurore','A139904010','Bordeleau_test','67 152 28 00','85-001','Sehr geehrte Frau','ul. Jagiellońska 147','Dr. hc mult'),(834,'Rvx3GIOmZF6PaWbJ+9rv9uoqE/90LRoknLWD7SYZVYU=','Wz9hlYKIeqecXiVS4Fqhqji2xhyMJGnwypc6Vn782Gc=','B-1666620657',NULL,'Stäfa',NULL,'CH',NULL,'147@test.de',NULL,'Maik','A-1362120904','Frey_test','044 591 17 55','8712','Sehr geehrter Herr','Via Stazione 74','Dr. hc mult'),(835,'0CIFJpZ3RjoNou0jPPPmDQQie5qVDww5p3Sbc4zlLlg=','lipLhTuFxnF+ydUNB8ZP3mamPYAKh587j9+t1H4rd+M=','B-1966767569',NULL,'CARPENTRAS',NULL,'FR',NULL,'154@test.de',NULL,'Jiřina','A-674542905','Princová_test','04.33.92.16.44','84200','Sehr geehrte Frau','80 rue Porte d\'Orange','Dr. hc mult'),(836,'Gl1bNDCj1fSgKPxArK3RnkMnG622csmX/eH4TC4Ft44=','7/fS+plXrKlh90bsMTW8FVRLCCiJENU2br8q04Pc9b8=','B1998441891',NULL,'CARCASSONNE',NULL,'FR',NULL,'158@test.de',NULL,'Talon','A567059904','Jobin_test','04.15.29.92.67','11000','Sehr geehrter Herr','21 Rue Marie De Médicis','Dr. hc mult'),(837,'EHpWOuHgcyM3Bp6C+BaVVD7wVHsae/gwIFz8sZLnhJ0=','JhWPuDmOz1pBFb67hnfbtLIc+/X1R5gbi0zb5cp3umM=','B613719068',NULL,'Emmerich',NULL,'DE',NULL,'132@test.de',NULL,'Aleksy','A-1575212911','Czarnecki_test','02822 81 40 95','46446','Sehr geehrter Herr','Gotzkowskystraße 43','Dr. hc mult'),(838,'H0vpXZK/FqXrTToYRWzp0F2ap0eVsHIed0yVl/uM6nU=','GlvxXD2Ns533FvbCQQsk0Rh1NTZiuselsrlhxlcgsb0=','B-176415015',NULL,'Boizenburg',NULL,'DE',NULL,'146@test.de',NULL,'Eleanor','A-172791844','Meidinger_test','038842 57 51','19251','Sehr geehrte Frau','An der Alster 12','Dr. hc mult'),(839,'yClh1lysixp5QjIaWCkhuDNS8R37sya2gAxIOt+TSIg=','rtXWTUsq34Gbub2lf1gT7MsJ2rPqfW2ylMC8lmHdZ3g=','B2061507458',NULL,'Kaufbeuren',NULL,'DE',NULL,'165@test.de',NULL,'Stefanie','A164537103','Richter_test','08341 36 16 48','87585','Sehr geehrte Frau','Ufnau Strasse 74','Dr. hc mult'),(840,'8rG+pzQsT2C8IOdbeXJCVyOsaYWU+HPg1HOP8dCtndQ=','/KaEqLthKnjhxRnV8l10pORJFmiiRl3nMBw/K09iNU4=','B-833487055',NULL,'Chorzów',NULL,'PL',NULL,'155@test.de',NULL,'Dobrosław','A1871155817','Woźniak_test','53 198 30 37','41-500','Sehr geehrter Herr','ul. Chopina Fryderyka 122','Dr. hc mult'),(841,'IpWA0wytVdJ5OJxwW2MPaMokvdnz9R/cCEcb1LcFVIM=','LX6XGL6FZLmKERBwyVuE/EQgaBb8WMxr09WgMd4Qwog=','B-511270836',NULL,'Alten',NULL,'CH',NULL,'141@test.de',NULL,'Joseph','A1371288669','Charlie_test','052 977 24 57','8453','Sehr geehrter Herr','Bahnhofplatz 85','Dr. hc mult'),(842,'lPhVVZjLdQl2Dr5V9n++xlos3mb5uP8Q4vBCsVk763w=','wq4jOOZiCfpnEYSY7oLU0DJbLby4eXQ/YwfSxoKo460=','B1806282333',NULL,'Mont-Tramelan',NULL,'CH',NULL,'161@test.de',NULL,'Gabrysia','A1232785522','Zając_test','032 260 82 30','2723','Sehr geehrte Frau','Spinatsch 76','Dr. hc mult'),(843,'wsoVveXGmZCZl3MDcU+dSs95Rjt0fCZqqRik6/5DHlU=','tVXGa8DmSxJKGEqxETD7chK6QbYviNc49DgIPfEyzVY=','B2078325270',NULL,'PARIS',NULL,'FR',NULL,'156@test.de',NULL,'Cherryl','A1871181327','Young_test','01.65.75.15.39','75018','Sehr geehrte Frau','18 Faubourg Saint Honoré','Dr. hc mult'),(844,'HLFTG4lhpj9QXFRqF/FyoV8gmo8Zg4bSi9Lo8yBM3rs=','2W7aorDqeCpAWzix2cAGUD2ncm6sLrpm6Dj6yGWwiyo=','B2473236',NULL,'FONTAINE',NULL,'FR',NULL,'137@test.de',NULL,'Amaury','A-859576363','Huard_test','04.14.41.79.01','38600','Sehr geehrter Herr','27 Boulevard de Normandie','Dr. hc mult'),(845,'WyZ9C82T2y1OmT0gZdZrVTuaTWK93AHcWFx/UZVn4lk=','OXuKuWYa0Urk1iKz285xKykc6DrvG672okPzVbeC/7A=','B-1176344538',NULL,'Oberdürnten',NULL,'CH',NULL,'431@test.de',NULL,'Štefan','A416364661','Ondráček_test','052 325 62 38','8635','Sehr geehrter Herr','Clius 90','Dr. hc mult'),(846,'+nRJHpEOx7YvJ6o5+VO+bVoyM61ty/ehYhm09foqlnw=','9AJcJdc+YU4EBwLzM6N8/5DfQEte0Dl8WQuXkTslGtU=','B-1271001050',NULL,'Berlin Wedding',NULL,'DE',NULL,'153@test.de',NULL,'Luca','A-1094226907','Maur_test','030 89 05 81','13351','Sehr geehrter Herr','Genslerstraße 85','Dr. hc mult'),(847,'5Z09oeYLAi2o7dbehWQ9zwV3RA33M8PgKpWiDT7U+NA=','HxoaysSEGEftaF5oJU4mCAQhxkpicwtsdDh9yS6GTmo=','B2143298717',NULL,'Aclens',NULL,'CH',NULL,'165@test.de',NULL,'Simone','A90294816','Rothschild_test','021 350 90 20','1123','Sehr geehrte Frau','Kappelergasse 93','Dr. hc mult'),(848,'wi/H4t2nmi2yjVJeLr73qtqt+AX5jrBcEy+RCk6TGGY=','3we2DcCIuiQOs1L6ZlxL+TjHWCPXUgzngrCbAr98cdU=','B518095056',NULL,'Bettens',NULL,'CH',NULL,'165@test.de',NULL,'Sophie','A-161596462','Rothschild_test','021 305 47 15','1042','Sehr geehrte Frau','Grossmatt 33','Dr. hc mult'),(849,'ORxOH5Aoowxwtjhnvgz4aTbZEWdZIOJEANYTfiNBmL0=','+KTgPW1TKuQ36eT/fhIsnVsqrz7kdWcoRM4BnMZRDTo=','B536669929',NULL,'Biebelnheim',NULL,'DE',NULL,'158@test.de',NULL,'Nadzieja','A662352805','Pawlak_test','06733 31 03 96','55234','Sehr geehrte Frau','Motzstr. 76','Dr. hc mult'),(850,'briTCnhCUlYBD7cGe9NQHmiU/DYrEs+MigOVZ2eHnlo=','FY5tKcaH5x8nCZLRl8AD3uJ/PfZg0Xe+084DG0j03qw=','B-585060783',NULL,'Kirchleerau',NULL,'CH',NULL,'145@test.de',NULL,'Amitee','A-1406915705','Plante_test','062 662 84 97','5054','Sehr geehrte Frau','Seefeldstrasse 52','Dr. hc mult'),(851,'27J7hezJnOALeHNn9KNyaOucF+Dex6QnLw1yq5oaAvg=','H/7s0YZ1KZGJxm9AKyrFFzLzDLLI7iHwLDdNiz1FE6Q=','B-467007107',NULL,'LUNEL',NULL,'FR',NULL,'152@test.de',NULL,'Wiktor','A1145727904','Adamczyk_test','04.58.20.28.31','34400','Sehr geehrter Herr','10 Rue Hubert de Lisle','Dr. hc mult'),(852,'/Fkox0AMLmYdUCqoalv94LguyxywlZ09aXlnjeJTYNg=','qE5P2fhfeytU7rM10XF4d5X+rLB+2LsajD1f1N2hAGA=','B-642001732',NULL,'Kraków',NULL,'PL',NULL,'148@test.de',NULL,'Sakhr','A-226786349','Almasi_test','66 472 45 54','31-998','Sehr geehrter Herr','ul. Przylasek 73','Dr. hc mult'),(853,'X0r/lRGH0X9VCL0JiS6+YkDcXfHDYhJxUfAAJShMr8I=','f5458J06XKCKHBMghradsfQPnYe6bhJkkQE4uk6mVZI=','B-1879548220',NULL,'Radom',NULL,'PL',NULL,'158@test.de',NULL,'Karolina','A-1111243013','Sobczak_test','72 704 56 30','26-615','Sehr geehrte Frau','ul. Daleka 109','Dr. hc mult'),(854,'Q+7l8/Cj3GuBeNvD81ST3/rw+KlkR0yiVxynxgIgTgs=','5tgXahLPbBi2JqaklRCHItP3aQ+/CJZylo0k8tGCSD8=','B683064592',NULL,'Halle',NULL,'DE',NULL,'137@test.de',NULL,'František','A-845662966','Chyba_test','0345 08 41 10','6006','Sehr geehrter Herr','Prenzlauer Allee 32','Dr. hc mult'),(855,'/9F/eA7lyT+IhCPhxhROxRkBa+W+0WorvNsOP7yHJ4Q=','uOJn8Tpj/9Q0GheeVMZyVlfyy+ahiGWmKOHA2KU7Y4U=','B1338425682',NULL,'Schernfeld',NULL,'DE',NULL,'163@test.de',NULL,'Marie','A-1531106961','Vaňková_test','08421 50 45 73','85132','Sehr geehrte Frau','Potsdamer Platz 85','Dr. hc mult'),(856,'kPMzbnP7W1eVe/E9az/xg9gA+1byWeqipJ35fDT3ocw=','CPgcjqc03FucREUDlZ3sfp+K4ySxl9PWGq+xo4SOEh8=','B296950405',NULL,'Barsinghausen',NULL,'DE',NULL,'152@test.de',NULL,'Wisia','A-609229459','Adamska_test','05035 40 65 76','30890','Sehr geehrte Frau','Luckenwalder Strasse 60','Dr. hc mult'),(857,'j2BQmwR9MH3h2W54kHbzRIlCaBqBzGC0+9DBQ0JWEL0=','wF9fvebbc/KwlIOZVGkCQc00k/m4myjpl4VJskpwibs=','B-1898480804',NULL,'Arzberg',NULL,'DE',NULL,'146@test.de',NULL,'John','A850639435','Holden_test','09233 08 44 96','95654','Sehr geehrter Herr','Fontenay 78','Dr. hc mult'),(858,'qMUSnIQqUPr82unILWuKQMldlyuiF4YbM2qojhX1rHY=','uPyHNtXMqL8yR+cUmyHwEHeHujRWq1xspx2QUWNJzfU=','B1594026280',NULL,'Spremberg',NULL,'DE',NULL,'140@test.de',NULL,'Abdul-Wahhab','A2140814728','Kattan_test','03563 70 51 62','3124','Sehr geehrter Herr','Lietzensee-Ufer 7','Dr. hc mult'),(859,'gSSlxiBVHgVmZ+5VpIvc00hG/yA7djrCixfrT62fXa8=','nnLX4VMbupjnCFI5HMdVqYc/auOE+YoQJsmUP323TEg=','B-1526013590',NULL,'Sevgein',NULL,'CH',NULL,'426@test.de',NULL,'Jiří','A2114363764','Šesták_test','081 613 23 10','7127','Sehr geehrter Herr','Mattenstrasse 97','Dr. hc mult'),(860,'jupBYPy8BXTsQC/blP1J3JitiqttxNF+ygUdzlNJHPQ=','DcngdlZ9g39wf0GfV9V+6ss4oBrZu6N0f8icn9fZ0sg=','B2087297449',NULL,'Bern',NULL,'CH',NULL,'142@test.de',NULL,'Grażyna','A-822143269','Gorska_test','031 516 25 66','3041','Sehr geehrte Frau','Erlenweg 136','Dr. hc mult'),(861,'WhyzxLH45clyWobgtlSGFzoALNQbaSeGfkTl6F2lgvg=','Z4e4ym+dfKoKkd7lHYjJhmI958oIxYxnRl+4veIrkOY=','B2141445194',NULL,'BLAGNAC',NULL,'FR',NULL,'161@test.de',NULL,'Othman','A-969240404','Rahal_test','05.52.86.84.82','31700','Sehr geehrter Herr','28 rue Marie de Médicis','Dr. hc mult'),(862,'00Bd+nvDN1cGlzx9mRfuaqMmXVq8dajrrnt8WId24eE=','FUDZgqmcjLfykc2tqNPvOPR0t8ihQ5TWE1dhr1+ohjc=','B-1466149261',NULL,'Gdańsk',NULL,'PL',NULL,'141@test.de',NULL,'Alain','A-957976388','Leclair_test','78 456 28 04','80-180','Sehr geehrter Herr','ul. Koszalińska 134','Dr. hc mult'),(863,'WTjcMpwq9lGWmyEFzTbBTKhPaf/7l7H9vkE5o4szUs8=','vSDxMvajDit6/ueChMA1plFtyaMsxkMREthy0xriBIY=','B-411656633',NULL,'Brülisau',NULL,'CH',NULL,'156@test.de',NULL,'Emma','A-938074858','Winters_test','071 778 79 31','9058','Sehr geehrte Frau','Üerklisweg 25','Dr. hc mult'),(864,'fK/wTzX9C9sxlE+IJ6VFOJjALS0E+i/HsoKg0iH9HAw=','2/R1iNL28+n5o2JrcvOzticYrQwB0wZVPyx0o+vWnlI=','B352194045',NULL,'CAVAILLON',NULL,'FR',NULL,'140@test.de',NULL,'Albina','A1213747067','Kalinowska_test','04.63.81.03.68','84300','Sehr geehrte Frau','15 rue Porte d\'Orange','Dr. hc mult'),(865,'zozGiDIVK7eipwScKPW4q8NVVonHIqb2XHvm9BsjiJ8=','22vc26Eo/xf3t86pMRD0LExcYnf/u+WLJp4HzPNirKU=','B-802097253',NULL,'Berlin Reinickendorf',NULL,'DE',NULL,'134@test.de',NULL,'Dagmar','A-1754551047','Bartůňková_test','030 28 44 01','13407','Sehr geehrte Frau','Genslerstraße 84','Dr. hc mult'),(866,'zgw7tUZSO33C1WO24XN/Wn4nWWnS4B6wAstcFXfTh1Q=','3Q/eSQRHeRIp3wY9WfKadOALR/nD3MkqW4TQDQk0fe0=','B2031545951',NULL,'Gdańsk',NULL,'PL',NULL,'130@test.de',NULL,'Abdul-Alim','A1224272327','Abadi_test','72 576 65 06','80-041','Sehr geehrter Herr','ul. Hoene Emilii 64','Dr. hc mult'),(867,'0HugO1NFEppmhgrkE37ECWyuU6M2gBh9tTSa99nn1cI=','HxJkEh1rN/2MIopiuMZdZ6Xiy3HfItUgiTmukvmk+oI=','B-479265247',NULL,'ANNEMASSE',NULL,'FR',NULL,'154@test.de',NULL,'Yazid','A-26346044','Atiyeh_test','04.08.35.93.47','74100','Sehr geehrter Herr','92 Avenue De Marlioz','Dr. hc mult'),(868,'YMJtLnxFiTEmFrVPJRpBgPE/HBK33Uws/2U6bQZqN20=','4wBc4s/KhMOOz6BLsHUzuP4oRjFzFMQPLhQH3U1otL8=','B1612320296',NULL,'Tschappina',NULL,'CH',NULL,'137@test.de',NULL,'Guillaume','A1265616975','Bisaillon_test','081 789 75 41','7428','Sehr geehrter Herr','Via Franscini 146','Dr. hc mult'),(869,'mPs0i2oJsA4W8HaC1ve/DgV5tXpU/i0zT+RzIt3BO1U=','UY6yGNhj/L87HwXTxu+BQW/FgG952Zt83d5W+jVPaps=','B-431621042',NULL,'Łódź',NULL,'PL',NULL,'164@test.de',NULL,'Max','A347637329','Waechter_test','67 330 89 17','90-243','Sehr geehrter Herr','ul. Uniwersytecka 141','Dr. hc mult'),(870,'+zLwxZRS0RSOZ5Ot8K4UFqkn6YM+1n7LBMCaI7XMTwM=','v3Jvq3LbsiPtPojmv/xZlL6rna1MANy1CkS85/PE14M=','B1740045934',NULL,'Szczecin',NULL,'PL',NULL,'146@test.de',NULL,'Jan','A1328462764','Halaška_test','51 758 81 01','71-256','Sehr geehrter Herr','Al. Wojska Polskiego 42','Dr. hc mult'),(871,'/Iv7KeG9BGIYr13P66GtPXQDmH5Gc5MJoZUHW4sf/r8=','bnWzSfD6jfnYO8V3EkV2DK78TXgLQ/BmtwGalbfHZ8E=','B-2078614686',NULL,'Waldthurn',NULL,'DE',NULL,'143@test.de',NULL,'Ines','A-486196883','Fuhrmann_test','09657 59 31 83','92727','Sehr geehrte Frau','Flughafenstrasse 64','Dr. hc mult'),(872,'Ym+F1W6hgYgot96CWYsEXtdZNCjsOShIZoeBOC4ePU4=','RBRIc+g0yP0hxlYH1ktsN3pCa/qlBDnFoBv7bzUvdpA=','B900817445',NULL,'VESOUL',NULL,'FR',NULL,'155@test.de',NULL,'Amadeusz','A-786969475','Zielinski_test','03.09.59.81.12','70000','Sehr geehrter Herr','51 Rue Frédéric Chopin','Dr. hc mult'),(873,'jx5BGcjLpsNLF1+nW4l14bH8bqNMGUNfsIpFbfj51mg=','TORMqRTNS8ObuHp+U7iMByx9ZNAEQdetaLMsM4lxe74=','B-986153766',NULL,'Holziken',NULL,'CH',NULL,'166@test.de',NULL,'Shukri','A-2145555304','Shammas_test','062 376 73 65','5043','Sehr geehrter Herr','Rägetenstrasse 14','Dr. hc mult'),(874,'tcnEzaM19JFMV4ryywfVBOYyCeHjLXMS25FBHj+X3FE=','4+jQjeCiJWvuMs7GqQ48Aw//mjg38+XSzq1TbDOHBNU=','B378152628',NULL,'MARSEILLE',NULL,'FR',NULL,'150@test.de',NULL,'Konstantyn','A1825540563','Król_test','04.65.50.50.37','13011','Sehr geehrter Herr','68 boulevard de la Liberation','Dr. hc mult'),(875,'Gibm5JBW8KXkKpz48ck1Ro2lkcwEU/4aXHmTZT5EaTU=','MT6dLeNbAzwoMr2dZwJbU9XCeKeAFCFzjU9i/PcduV4=','B99465000',NULL,'DIGNE-LES-BAINS',NULL,'FR',NULL,'163@test.de',NULL,'Lea','A673965832','Weiss_test','04.50.49.81.84','4000','Sehr geehrte Frau','26 rue des lieutemants Thomazo','Dr. hc mult'),(876,'LmeO360+0YCL/9cCNcjr4FfbzkffpmRMqhLvXSnfDOI=','Y0tWcs0ty/d6jgmPKjZFiKgAZNMkMaH0bgRF8gt7x7I=','B-668257851',NULL,'Blonay',NULL,'CH',NULL,'151@test.de',NULL,'Ivo','A326851023','Navrátil_test','024 797 51 42','1807','Sehr geehrter Herr','Hasenbühlstrasse 14','Dr. hc mult'),(877,'NKBhddTiaM9HCZWD4KxtwcewsEdGSZwIUyw2VMRVhcE=','64cUdebf9xPBuda2rsc3q7l/2otO5tfiJHqn8pudr+8=','B-1690179163',NULL,'Lessoc',NULL,'CH',NULL,'152@test.de',NULL,'Sabine','A-1385014028','Eisenhower_test','026 355 75 82','1669','Sehr geehrte Frau','Casut 62','Dr. hc mult'),(878,'fY3nm+dTdnJK4VWhIyp7W5sf6p7yf5coClxOAMf5UY4=','wpIuub0R/SLZ1uSm+2s0caVS5SvuhO5E676j516mC5U=','B1899993180',NULL,'Warszawa',NULL,'PL',NULL,'131@test.de',NULL,'Beaufort','A1719775370','Austin_test','78 115 53 45','02-160','Sehr geehrter Herr','ul. Odrzańska 65','Dr. hc mult'),(879,'j6g9NlfRc6VTUeU4CXUlDszOwJmZzEx+hsmAyDoRffg=','sMESGMaTKyNdYLMc7Gt77RHfkkfIiJOI45GgOLXq+7g=','B-1614128186',NULL,'MEAUX',NULL,'FR',NULL,'155@test.de',NULL,'Hilal','A415554318','Sarraf_test','01.50.52.51.32','77100','Sehr geehrter Herr','61 Quai des Belges','Dr. hc mult'),(880,'Y04sc0w2wq99MS3igiWwtHaan066g/D843YCtAmNxlk=','rZrct7RKo9QC0CyXkqih1BQgMO7bG8A45HlyAuPwQ1A=','B-1645235413',NULL,'Wrocław',NULL,'PL',NULL,'160@test.de',NULL,'Izolda','A2111590708','Wysocka_test','67 951 82 83','50-415','Sehr geehrte Frau','ul. Krasińskiego 13','Dr. hc mult'),(881,'gvdfXBrkjK6ELpAOkCqmngZyqWJ0Vb7sSd77HzIE0NM=','/nc4mpVboCkwoTPcsM/WLPvImEas3sTS3f378PGWHbw=','B1159322510',NULL,'DUNKERQUE',NULL,'FR',NULL,'157@test.de',NULL,'Melisande','A-179182000','Pariseau_test','03.25.59.36.66','59140','Sehr geehrte Frau','92 rue Cazade','Dr. hc mult'),(882,'3h3OXENKlrg66HrBpuN6IOLXgbAUFLd+jg7Ybr2Z5Gc=','7dNe6ee/sRTFRznVOGg+1aIJoNtf08363j998lHLWuY=','B-1638292445',NULL,'LE MÉE-SUR-SEINE',NULL,'FR',NULL,'147@test.de',NULL,'Gérard','A-2014642817','Laboissonnière_test','01.24.72.78.95','77350','Sehr geehrter Herr','51 rue Goya','Dr. hc mult'),(883,'/0W8P530uGIxObdJDNZ0e5TQtjflheHNs/5a3lc9M7U=','h+8uTxLH5RXRKx4giHzvUx1PYO12rkXKoRMYqM4gF0k=','B-806924477',NULL,'Łódź',NULL,'PL',NULL,'154@test.de',NULL,'Wacław','A778458107','Czerwinski_test','72 159 20 02','90-525','Sehr geehrter Herr','ul. Wólczańska 94','Dr. hc mult'),(884,'jNeo9aL3uy23VpUjP/91D97bk9xnYhuTgv9/hRcPbVM=','8DP3SRyWOhxHoS1MIb1SnJV6wSo6IY1zk4VJ1bWHZNY=','B1469325646',NULL,'Rzeszów',NULL,'PL',NULL,'164@test.de',NULL,'Phillip','A917976893','Turner_test','67 402 86 66','35-206','Sehr geehrter Herr','Al. Okulickiego Leopolda 97','Dr. hc mult'),(885,'L8wIE+5F42FONKNZUirYAxop2nk4GSb/mVeSuq7BkPE=','iIiZrOgdKnpYJHVGfmKZaeOn5WXMFNkO3ONAw5ie4dY=','B1570713188',NULL,'Lublin',NULL,'PL',NULL,'143@test.de',NULL,'La Roux','A1934106076','Chaussée_test','67 130 66 60','20-353','Sehr geehrte Frau','ul. Smolna 124','Dr. hc mult'),(886,'BXUa3CBqE3TX9uwM80PptoTtcZh9UWFLXmMnyffsqLM=','ltLzdbC99EhVUCRcN4ztRYVLPUdbMGFEtEW9JE4umlo=','B-158164773',NULL,'MARSEILLE',NULL,'FR',NULL,'144@test.de',NULL,'Lydia','A-1434453945','Davidson_test','04.82.90.05.66','13004','Sehr geehrte Frau','19 rue Beauvau','Dr. hc mult'),(887,'UiDEv/YvjkS1uEwIEaCXzndD2BK1v5xweSBln81I3Jw=','nEXjDrhqRuw3EeX+3bus8e4vpZ/wa2kNhTQjPKUqMGY=','B887035353',NULL,'Berlin Lichtenrade',NULL,'DE',NULL,'155@test.de',NULL,'Leon','A624146129','Osterhagen_test','030 53 20 47','12305','Sehr geehrter Herr','Brandenburgische Straße 18','Dr. hc mult'),(888,'OF0ZMmTb1tYjTE7AE7zZ36eOFT6MdQq6eopVvchcaxA=','byKngOM63FebJLuB+LJON1ofc3cQsR2RkFXWc604Ig8=','B-367066502',NULL,'Wislikofen',NULL,'CH',NULL,'151@test.de',NULL,'Travers','A1970177185','CinqMars_test','056 703 57 87','5463','Sehr geehrter Herr','Schulstrasse 71','Dr. hc mult'),(889,'S3wMGkL9Bu1d8KSJjShWDX+MykLx3vZFYJQnarXL2BA=','pxowbdiCIso0Jpslr0bKqYwcF2i7088F73XuFToIoFg=','B-1634079892',NULL,'Heide',NULL,'DE',NULL,'144@test.de',NULL,'Natasza','A171680651','Borkowska_test','0481 43 05 31','25738','Sehr geehrte Frau','Spresstrasse 18','Dr. hc mult'),(890,'UneVcl0lcg8sWwRoTleWPlN+1teXSkfJvevXUgm2WvQ=','9noHZ84OtVsIXHS1vFam9YSEzph67txR2fZVOtq00uo=','B932114922',NULL,'Kaufdorf',NULL,'CH',NULL,'136@test.de',NULL,'Florence','A-826033445','Barrière_test','031 703 38 19','3126','Sehr geehrte Frau','Forrenböhlstrasse 17','Dr. hc mult'),(891,'YUQhWqUWwl3h+ySflA6ZbDPhKnebX9RlwOaqZ1TxawA=','KfkYpON0dTntSQCaVxskjnayDTuL/DjrcG5YRgMoVHw=','B-1097448329',NULL,'Wynau',NULL,'CH',NULL,'151@test.de',NULL,'Eisa','A-2055054444','Rahal_test','062 284 81 11','4923','Sehr geehrter Herr','Püntstrasse 137','Dr. hc mult'),(892,'h5PbrSCwGIlv7CJ2kePuCUaImtSlM42qNy3C85hu5mU=','irhrJ08JUkSy3Hsf06pXuwpi/EnFZqU/QtWQ25XFe3w=','B1243528911',NULL,'Versoix le Bourg',NULL,'CH',NULL,'166@test.de',NULL,'Pavel','A383747769','Večerek_test','022 538 48 81','1290','Sehr geehrter Herr','Via Stauffacher 2','Dr. hc mult'),(893,'rfKaqqZ8DV2vPLd+7NpnlQbp4DfgEhppyU6J+D9iRyw=','/l666GE0cnVVzCXHnqsepuqO9KwYuqT8XQzFJwwfrfs=','B786432991',NULL,'Łódź',NULL,'PL',NULL,'167@test.de',NULL,'Miroslav','A1447212691','Zeman_test','79 553 82 40','93-464','Sehr geehrter Herr','ul. Podmokła 53','Dr. hc mult'),(894,'aMqafXZVLepVX8uC+4C8zKL044I6mF0ClhDrW9+XXiE=','GL9kmzy3Q1xvHJ2h54xYQzmgFNLa/OLRcUQkr/RGlN8=','B-264841784',NULL,'Augsburg',NULL,'DE',NULL,'137@test.de',NULL,'Eliot','A1333418518','Dennis_test','0821 55 38 17','86026','Sehr geehrter Herr','Sonnenallee 31','Dr. hc mult'),(895,'G7+JUWRVcrXjvnMavDUnnADRjVk6gGYzAzIDmp75Qy8=','B6gmmEVlfTENxxHPW3gj0loirQ/fa/cJElz8IVIgNEU=','B232874816',NULL,'Łódź',NULL,'PL',NULL,'281@test.de',NULL,'Pinabel','A-879007282','Étoile_test','66 565 58 12','93-014','Sehr geehrter Herr','ul. Miła 10','Dr. hc mult'),(896,'YYCo2OYvtQ6Vt3b3cIFiNXh5r6fdV5XMbegesBO+1Ag=','ns5b34cfSDru7XbSqFr5EdQtLekxsJ06dAqAgtKzjAs=','B562857665',NULL,'BRUNOY',NULL,'FR',NULL,'141@test.de',NULL,'Kasia','A780324868','Borkowska_test','01.32.02.44.99','91800','Sehr geehrte Frau','57 rue Grande Fusterie','Dr. hc mult'),(897,'u7Ahn7VRjD0m5iQSyvXkbFLCdkWZZcCAZ0MlM5UI9Xw=','EU5XOEqv0Q1BbSlQQREmuGcnuvIF64J5BNYJ8WuBVYM=','B-110699671',NULL,'LA COURNEUVE',NULL,'FR',NULL,'133@test.de',NULL,'Carole','A-1487513103','Berthiaume_test','01.77.72.53.84','93120','Sehr geehrte Frau','65 rue des Soeurs','Dr. hc mult'),(898,'chNSDHayTk5IK0xd0km9ibSceOIlBTjvsf59DCejaU8=','mnF7CBT2bdRP04luIjC2Xua8pyNsGzE8/Acp9f6NA2Y=','B-699341691',NULL,'Warszawa',NULL,'PL',NULL,'154@test.de',NULL,'Eliška','A1687150136','Urbanová_test','60 951 94 96','03-982','Sehr geehrte Frau','ul. Generała Komorowskiego Tadeusza Bora 12','Dr. hc mult'),(899,'N7AFl+qFIDL+VIoU2tCxtzKb2H8U5DDm+kopoufcj3s=','A+PxgCbpnyv5uagcWhwl4uj0Brjb1Zlrq1Y0oF1+BsY=','B219455498',NULL,'Szczecin',NULL,'PL',NULL,'146@test.de',NULL,'Phillipp','A1311556877','Baumgaertner_test','78 705 34 14','71-037','Sehr geehrter Herr','ul. Ogrodowa 57','Dr. hc mult'),(900,'A7Zqhu6PVt9g1IS4TvviyQCCCKJTu6m7zO6EFlWyfyk=','zg6ZqmCboSYrcX5aFdCw4h4Tl+i279uFY8ZfQuSmkJE=','B-273315434',NULL,'Rossa',NULL,'CH',NULL,'145@test.de',NULL,'Dieter','A-1543882587','Mayer_test','091 538 26 33','6548','Sehr geehrter Herr','Neubertbogen 41','Dr. hc mult'),(901,'Guynuug3m3fv4iS4nanQW2XchWLH/2/uyJfAJNNioBQ=','ffFWxI3hN5kU9yWs6uVXFXIJp6Q3iiTpNbV7TXIyJkc=','B1342939820',NULL,'PARIS',NULL,'FR',NULL,'162@test.de',NULL,'Richard','A1553303778','Pelletier_test','01.67.12.60.32','75003','Sehr geehrter Herr','65 rue Nationale','Dr. hc mult'),(902,'LNlB0trPgO5MAVjH5Qxkbw7hxPEarkaPE8jdTsLl/YE=','P33ieycFmSs1bR2ljexV49ZYFgkPsUuR/j3mb959Luk=','B1312314944',NULL,'TOULOUSE',NULL,'FR',NULL,'148@test.de',NULL,'Simone','A-508179610','Achen_test','05.46.32.47.27','31500','Sehr geehrte Frau','71 quai Saint-Nicolas','Dr. hc mult'),(903,'P5yVGUuryYtgMGi1wFO6/1PeAUZIgt9KWiQi3r6Zb68=','0Kv8iWcKDSxDajplOB8WCBIrz7CBMFwPlWw6AoGv2C8=','B652693728',NULL,'Szczecin',NULL,'PL',NULL,'169@test.de',NULL,'Vlastimil','A-1002763935','Smola_test','69 595 85 76','70-725','Sehr geehrter Herr','ul. Aluminiowa 88','Dr. hc mult'),(904,'fSweZMrv7p9GBR2S0eQktfl0eVL803bztyK79PYR2yI=','buNBheuFDsxK9u4YSrZaylKrqJyio3HXIk7zW/xIPFc=','B1604615147',NULL,'Warszawa',NULL,'PL',NULL,'167@test.de',NULL,'Teodozja','A1194225376','Szczepańska_test','53 156 72 59','02-615','Sehr geehrte Frau','ul. Tyniecka 16','Dr. hc mult'),(905,'vtHTRk98eS0YVC3nx4n5Fgk0qskGMzTajivSL07ZEcs=','dvDNlDkpF8arukjY61ch8saJOa0bkNfkOe1Nsuhjew0=','B-333676101',NULL,'VIGNEUX-SUR-SEINE',NULL,'FR',NULL,'132@test.de',NULL,'Brie','A2081061739','Bazinet_test','01.38.67.74.80','91270','Sehr geehrte Frau','63 Place du Jeu de Paume','Dr. hc mult'),(906,'nn05UdTN83w6l+Jx8m17aHlItAqA+2uyztXh/jk87SM=','sVCS08FUSsBQcQzagldt7uNAFNQSRsJQmwP8EPD3exs=','B-288855631',NULL,'PARIS',NULL,'FR',NULL,'150@test.de',NULL,'Felicien','A-621200857','Paquette_test','01.21.82.39.30','75009','Sehr geehrter Herr','7 Place de la Madeleine','Dr. hc mult'),(907,'QL/GE5sUX+HWB8EhxF1QuIMZiDwAxLMYPHwN5P/ZvBM=','8tesKrNC41cdAhKvoUFcYfk7DvUFV/zjras2OEkhV/k=','B72697473',NULL,'Innerthal',NULL,'CH',NULL,'160@test.de',NULL,'Jitka','A-744056865','Vašková_test','055 994 49 85','8858','Sehr geehrte Frau','Möhe 15','Dr. hc mult'),(908,'wZN6uqXPqZgCX5SKOf60jjw5028e+79dza0+DPtQt44=','AuJJhd7bBsH4EDKYKs+ugcl+e4XUxnJto2dmqwvNWzM=','B-423268816',NULL,'Kupferzell',NULL,'DE',NULL,'148@test.de',NULL,'David','A660477857','Phan_test','07940 13 82 70','74635','Sehr geehrter Herr','Waldowstr. 8','Dr. hc mult'),(909,'tVsfl8RmDNGRINScLt1HvqPzcavwYZAtv1K8O1sOb3w=','FtvszaPeQ8fq8SoHxzu8fQ9996Nh9O+vFx1LknB2FJQ=','B-705916257',NULL,'SAINT-SÉBASTIEN-SUR-LOIRE',NULL,'FR',NULL,'143@test.de',NULL,'Karel','A790887123','de Brisay_test','02.18.18.78.24','44230','Sehr geehrter Herr','49 rue des six frères Ruellan','Dr. hc mult'),(910,'hMyxxR1H6jCBpM+Wck2Xl73millNHmBJHsGiw4BZE0I=','dL0Hun3j9Fv8eCCqLh0tS8b2E/XnkPAVkMpKfsxWiNw=','B886514336',NULL,'MARSEILLE',NULL,'FR',NULL,'133@test.de',NULL,'Du\'a\'','A533954536','Amari_test','04.74.21.87.87','13010','Sehr geehrte Frau','87 cours Franklin Roosevelt','Dr. hc mult'),(911,'SoqYADARML+JRlnZsZLY3TLljx7tBWpJgNcGMx5nmRU=','dBBl9xlBQf8HJw1hElDZy6VnBzJWmJfeqqeEbPhNEPo=','B1701310174',NULL,'Signóra',NULL,'CH',NULL,'144@test.de',NULL,'Natalie','A1637200672','Barteaux_test','091 773 80 47','6951','Sehr geehrte Frau','Mattenstrasse 72','Dr. hc mult'),(912,'ogZig3GhlcWxhIrFlzJzkxboW58R+Yl6Ot6x8IJpwpM=','RoENj19yPluW8GHBMHOtOl1vPLNYgcfh8ue5GyyYoW4=','B2059268903',NULL,'Warszawa',NULL,'PL',NULL,'157@test.de',NULL,'Maksym','A1673559796','Pawłowski_test','66 131 33 79','02-288','Sehr geehrter Herr','ul. Kolumba Krzysztofa 76','Dr. hc mult'),(913,'kaQf/jloXtq2fZ2lTnZn1bQdzcfeYNrGCN6jGrU1iFo=','MqjXULS3oMxZizTnbM8d8dusgGsvxXzJNgCnq+gjkQs=','B-604197931',NULL,'VIERZON',NULL,'FR',NULL,'152@test.de',NULL,'Shawn','A-531315164','Errico_test','02.67.79.23.99','18100','Sehr geehrter Herr','75 Place du Jeu de Paume','Dr. hc mult'),(914,'eRV9bEguKnSf1Z0hx0TtjzYT3yoLrxU5xrNfek3Jfgs=','dy2a+d95AMT7lX4MsB0WVdCNcHCPnNJut3N4sr3Mhy0=','B-354854805',NULL,'LA ROCHELLE',NULL,'FR',NULL,'151@test.de',NULL,'Jowita','A1266116473','Maciejewska_test','05.07.44.95.03','17000','Sehr geehrte Frau','8 rue de l\'Aigle','Dr. hc mult'),(915,'xPNrLaa+9cYbYLkewi5VOkL4cb1vvlk3/j2fhBtDhbk=','H0OYE7BSdxvJfxWk6MVjnj/Dglb4Efbl71zai55x5jY=','B2081507231',NULL,'Brunsbüttel',NULL,'DE',NULL,'153@test.de',NULL,'Lenka','A1985326018','Matějíčková_test','04852 33 94 54','25536','Sehr geehrte Frau','An Der Urania 98','Dr. hc mult'),(916,'1f7FcanahtA3xsuVmXtiHZ+o3lMOadUwTu8Ul35oJAQ=','CMn9ta7ousBJFnnfEjhMeeLYINn7vKgq2Etq3KcXxDU=','B1387501161',NULL,'Gartegg',NULL,'CH',NULL,'148@test.de',NULL,'Angelika','A513661070','Schwarz_test','035 976 13 85','3550','Sehr geehrte Frau','Via Schliffras 104','Dr. hc mult'),(917,'z2KF8JJU5w/shAw9MLEz95MOQ8TaLbeuGI/VW8VVO1A=','adCXze3Ugwh9CbfXDn16Q4dzgtKEVTQk5TFjDfTTl4k=','B159578830',NULL,'Poznań',NULL,'PL',NULL,'139@test.de',NULL,'Allyriane','A311101101','Jodoin_test','79 889 08 34','60-175','Sehr geehrte Frau','ul. Chryzantemowa 70','Dr. hc mult'),(918,'23P7+4mY0TfPoV8BJpIYsrBbEJI/n2H+lunaf+fe/As=','FuaZJ809FNWY9YPXBNOZHZcwV+q4T9mEBucfqcMdnmU=','B42603653',NULL,'MENTON',NULL,'FR',NULL,'147@test.de',NULL,'Melanie','A2136799631','Fuhrmann_test','04.98.61.15.83','6500','Sehr geehrte Frau','20 rue Reine Elisabeth','Dr. hc mult'),(919,'MUv9itypghqrag8mSMSCaHM0DtS7DA6MOSTHKVE2DcM=','O5yefUh+u7fm7GesYAzYwu9gT1/wPZtlmFkumUsjSXo=','B729981087',NULL,'Katowice',NULL,'PL',NULL,'156@test.de',NULL,'Timothy','A1719999718','Helfer_test','79 292 35 46','40-732','Sehr geehrter Herr','ul. Pomorska 5','Dr. hc mult'),(920,'ehVp37BTa2uFFbFxoES4onuDjPaUq6yyXud9kT9KMjU=','hPJsE1nNRW8V1LXlIUddjsGZD28kGeDHCUFv19GeLww=','B897229537',NULL,'Leutenbach',NULL,'DE',NULL,'156@test.de',NULL,'Tomáš','A-1241575357','Holeček_test','07195 98 97 93','71397','Sehr geehrter Herr','Pasewalker Straße 55','Dr. hc mult'),(921,'Bl7P4HbFrx515VPZ5oNs121tsCIvIHhZJ7iZen5qo2w=','ppAfAgTtYhs/H/t2mGCaLJ7xQ3L3c8jFoDgxoLlUArk=','B-77894034',NULL,'Zumikon',NULL,'CH',NULL,'150@test.de',NULL,'Solange','A-1351494526','Chen_test','044 698 45 45','8130','Sehr geehrte Frau','Strickstrasse 67','Dr. hc mult'),(922,'x+yTDbu+n38fp18xT+EH74avrQdM0McpCryBeEzkxWI=','F2Icv8YQJJJ7jomVRkaTeFtM527hyp+SoJ8HMFzXnU0=','B-1079033615',NULL,'Wittinsburg',NULL,'CH',NULL,'165@test.de',NULL,'Raaida','A-1152527040','Salib_test','061 761 11 73','4443','Sehr geehrte Frau','Schulstrasse 129','Dr. hc mult'),(923,'I1SVxzADRL81vhSvyzH7XQruRX+Gp2u0110ESPE5DGw=','nrblcy9ZEhll78ouRxAdklHG93GxybzODnKA5Dy8jc0=','B-1314312596',NULL,'Kielce',NULL,'PL',NULL,'155@test.de',NULL,'Ludmiła','A-1684457296','Olszewska_test','51 368 01 47','25-125','Sehr geehrte Frau','ul. Petyhorska 33','Dr. hc mult'),(924,'gJXTM/H8cS94PEq+gwdrmvr+EwlZ3QkoKbiWOpPcA/g=','a8QQBBbCnYQloO5rhFJD5k+7G35HLhEgOowJpXRIaPY=','B-882427570',NULL,'MONTIGNY-LÈS-METZ',NULL,'FR',NULL,'164@test.de',NULL,'Roger','A-413717875','Ricketson_test','03.27.67.25.17','57158','Sehr geehrter Herr','65 Avenue des Pr\'es','Dr. hc mult'),(925,'z4plfMJqNJPwFyXZFZIokTMEiVXTnjhbRc7fbnUxdPY=','MWgL38OqTaZig1SmHMqT0yk/lC5BGA0o11Td9XhcyS0=','B162197902',NULL,'ROUBAIX',NULL,'FR',NULL,'161@test.de',NULL,'Terry','A1974389498','McKinney_test','03.24.34.52.98','59100','Sehr geehrter Herr','54 rue de l\'Epeule','Dr. hc mult'),(926,'QLnXOuwdPSCknrdPksPMggrA1g2pdTvrX8pUDgjyVe4=','TBfmiqxlzW4YYQxsw4gGj43ub9MCwBq3aXSB46qKxHk=','B475375307',NULL,'NANTERRE',NULL,'FR',NULL,'169@test.de',NULL,'Rosemary','A745805961','West_test','01.31.89.67.33','92000','Sehr geehrte Frau','62 place Stanislas','Dr. hc mult'),(927,'VQrbaKwu6P+ixJOpJWSb5cxs+2rPYwu0UFxI+NaF8lQ=','TM3kleV7mBPaHe0J7eEB/0aEukeCVQXHdnRVazkDTpk=','B-1950716728',NULL,'Zürich',NULL,'CH',NULL,'170@test.de',NULL,'Szczepan','A-972020533','Wieczorek_test','043 574 93 61','8000','Sehr geehrter Herr','Strickstrasse 56','Dr. hc mult'),(928,'m+dtgsaD5Ueou7eTkJcbw5u/Btvy2txlaaDfW/EwmNk=','KDeSUJ9WYyYwhYIodaDW5rfx9S9xlotuyL77yJwxoAw=','B-944064826',NULL,'BORDEAUX',NULL,'FR',NULL,'165@test.de',NULL,'Riyadh','A231224588','Seif_test','05.95.34.39.76','33200','Sehr geehrter Herr','22 cours Jean Jaures','Dr. hc mult'),(929,'Kv32dORKUmxcRWLlEBpNneHFxi7IjhwLyHb5bjKzfbI=','OmQQSsma583OwFZvRFR6VdxhSVRhWwkFFKDDfrGF7ew=','B-71338629',NULL,'Reussbühl',NULL,'CH',NULL,'133@test.de',NULL,'Alaine','A1687006512','Duhamel_test','041 670 25 41','6015','Sehr geehrte Frau','Kornquaderweg 2','Dr. hc mult'),(930,'YPvttN0efM3d1B1P1JjhHvqfbONulyOfLXVn67V1vfs=','/ZEGcYyHPs9IkgoFEGkoC2CE8fxHtGX+D3TzZ9EG8os=','B1075723455',NULL,'Warszawa',NULL,'PL',NULL,'154@test.de',NULL,'Johanna','A-1154623285','Pabst_test','67 190 78 68','02-980','Sehr geehrte Frau','ul. Jarmużowa 14','Dr. hc mult'),(931,'heoemBXx0HKO5LGWtzvHXZczHbTo/z+Xfl0vCDX0lrA=','DijgXzk8NCfFfbMwRR0Q057Aqrh1bDbrLXFEyRtLLbM=','B-637906645',NULL,'St. Gallen',NULL,'CH',NULL,'132@test.de',NULL,'Anthony','A2078435042','Compton_test','071 513 74 84','9015','Sehr geehrter Herr','Via Pestariso 71','Dr. hc mult'),(932,'K+rxfVrzLxUaBdiCwfDNTLLnK4g4Ovu4ZDpUC8/U/xk=','EXurqGqxKgRmlbKsUlpVW4hcz3v+zN9t8uoIIW55xjE=','B-2098762962',NULL,'Halle',NULL,'DE',NULL,'149@test.de',NULL,'Brygida','A1021691648','Szczepańska_test','0345 34 85 53','6128','Sehr geehrte Frau','Messedamm 47','Dr. hc mult'),(933,'BINIE6up7yxsdjbLUVBa1FetbLW0ma3pKyLa5R87lr0=','GBNi+ruUYYi9kvJwGJiSmq6BABFm6lsaf5RBNbZnHTE=','B1660341364',NULL,'München',NULL,'DE',NULL,'156@test.de',NULL,'Paul','A2127305348','Lehrer_test','089 68 84 04','81829','Sehr geehrter Herr','Lange Strasse 21','Dr. hc mult'),(934,'L0bPTyY/swpk2silJlzVnb9HrRAw7IcvUblVxSxncRw=','4bX0xqpT8YXpSjcFnB3nndWs77e1uB9tTtci0UVyoCY=','B-1116289648',NULL,'GRANDE-SYNTHE',NULL,'FR',NULL,'149@test.de',NULL,'Eliot','A-1784206518','Perillard_test','02.17.61.75.48','59760','Sehr geehrter Herr','84 avenue Ferdinand de Lesseps','Dr. hc mult'),(935,'zZ67667MkHs+1MUoDWBO7sBUF0LtaWgRtCDUo0JuCTY=','xfubpee1QIzZ/0YB/XXPjKYU7fDf34TNKnWIIMfNoZU=','B572869950',NULL,'Koppigen',NULL,'CH',NULL,'144@test.de',NULL,'Claudia','A1174757672','Moeller_test','034 624 83 19','3425','Sehr geehrte Frau','Kronwiesenweg 48','Dr. hc mult'),(936,'TJDLt7cXm0pemm14FTvNtK3SJBWdbeRQYseuAMrpZ6U=','LVdWUW+ZbF+0ZBB9s5XowQ+i+7txVrprcQCeRSVfmYE=','B-870015038',NULL,'Châtel-sur-Montsalvens',NULL,'CH',NULL,'148@test.de',NULL,'Renata','A-1810427439','Benešová_test','026 345 44 51','1653','Sehr geehrte Frau','Bergrain 84','Dr. hc mult'),(937,'VwQ/IUG/IsMKW6U6RqqgKUOvlu/Wf5x3foa91xyXCBA=','VZ/pTL8rQfQy9mnMN4cDRNnsi54ftAh3BOrbksif214=','B-927574993',NULL,'Glashütten',NULL,'CH',NULL,'163@test.de',NULL,'Veronika','A41374487','Mrázková_test','062 997 40 29','4856','Sehr geehrte Frau','Bahnhofstrasse 29','Dr. hc mult'),(938,'MQ9hrU0VNVx8/84m4K/w5g68LNL2ktMeQRHLXqJ6N7Y=','OgQ50NYnNNta18Kc6OC7dRkns7M6ZVtrbfvkxhVM158=','B148356755',NULL,'Aquila',NULL,'CH',NULL,'143@test.de',NULL,'Calandre','A1937554861','Laframboise_test','091 307 78 50','6719','Sehr geehrte Frau','Gartenhof 29','Dr. hc mult'),(939,'enxg0Y3Kuxct4kDx1WkGKEi02kyhRWZUjC3bmv4UCAo=','LcuALCUGdn77im/Ne6ItR50gcAH+Rz9VahpLC7lIj5k=','B321397089',NULL,'Łódź',NULL,'PL',NULL,'143@test.de',NULL,'Berta','A-401547567','Majewska_test','79 128 05 32','90-046','Sehr geehrte Frau','ul. Nawrot 68','Dr. hc mult'),(940,'GdUx0s+m9j9svYmyFnmQQEM48ohWno9u7BiuYwIjWWM=','5fhRVVBU+DLjqiVZ0ZzJ5EBETvzLY8T2VXTj72NbQpI=','B1309470100',NULL,'Räuchlisberg',NULL,'CH',NULL,'139@test.de',NULL,'Andrea','A-923106936','Jeřábková_test','052 730 43 24','8580','Sehr geehrte Frau','Plattenstrasse 38','Dr. hc mult'),(941,'KmxmJIdF9HLkSpofSehazHSd9HvB3tKx74G7sKV6zIk=','/R3tlzkaWulEbC9XNTH+blp3LnfG6O/2Y83iPTkykW8=','B-1833078700',NULL,'Irchenrieth',NULL,'DE',NULL,'164@test.de',NULL,'Radek','A1074662482','Rambousek_test','0961 80 20 06','92699','Sehr geehrter Herr','Rudower Chaussee 82','Dr. hc mult'),(942,'ryN/EyZqCF/1SohZEaxCxHEFwcjdG1Hg8pYAQzmnfTk=','SxLwxV0bX7VBtItFU3nU8NQ3CkIBHKVLshNLnwZttpE=','B1197579825',NULL,'Warszawa',NULL,'PL',NULL,'160@test.de',NULL,'Russell','A-722927999','Narcisse_test','79 574 63 98','03-237','Sehr geehrter Herr','ul. Inowłodzka 134','Dr. hc mult'),(943,'oLF7/3Duw+9nUXDLYixcz1cYB+C7v9plR6FS2+aPxyQ=','YcU6UXDaZGqwkvcmMmbDpaIRvyD/IzpeX9gCdyab6jQ=','B-670073050',NULL,'Soyhières',NULL,'CH',NULL,'154@test.de',NULL,'Maysoon','A1029288087','Moghadam_test','032 666 53 38','2805','Sehr geehrte Frau','Via Altisio 2','Dr. hc mult'),(944,'BYAxIjA6TV7ABls6riGLbfJsgtta0Fo0oQKCJAHQUro=','8eeOPZTu9FdYH/Nyn+Fu29ulLb0j5j7FR6lryqk2ZzM=','B-549395452',NULL,'LEVALLOIS-PERRET',NULL,'FR',NULL,'152@test.de',NULL,'Linette','A-1855132333','Lagrange_test','01.40.32.03.73','92300','Sehr geehrte Frau','25 rue du Paillle en queue','Dr. hc mult'),(945,'oM9ULkcBEtTh1g/j/rMUksmknYgJx0t5QV7UFuEWofo=','/C23cfo78evRuDrsRarS2edaGEXl2WHNxjfjbIdFunI=','B-530787071',NULL,'Hof',NULL,'DE',NULL,'154@test.de',NULL,'Marmion','A-1890036385','Margand_test','09281 24 64 20','95006','Sehr geehrter Herr','Billwerder Neuer Deich 63','Dr. hc mult'),(946,'tBqhauUt10urjge+OnWB5Zn4zDZyzZGjQ1NYyfLTkGE=','X/Mkm7d0ebHqQipY7XcoD0CQ/CQZPYdWtoBpQR2B08M=','B594764392',NULL,'SUCY-EN-BRIE',NULL,'FR',NULL,'159@test.de',NULL,'Medoro','A-1908550218','Ratté_test','01.01.94.98.30','94370','Sehr geehrter Herr','19 rue Descartes','Dr. hc mult'),(947,'RRYEK/y+Zfw5n/Wx2w9cZi+QvJ+le0H9Q5GGogpy1RU=','FkJFR4dmnQrBZXgc8jPHIc/o8GG6ZK4nN1BBnbxCvkE=','B-1688634413',NULL,'Berlin Mitte',NULL,'DE',NULL,'158@test.de',NULL,'Suhaylah','A1595103542','Kattan_test','030 45 22 62','10179','Sehr geehrte Frau','Brandenburgische Straße 19','Dr. hc mult'),(948,'zWkWQW7vke64azrYftfoLKtu9PXqikGA6tQFZYApp0I=','6i/XVmq0H5IEXrr0KtiJ8Jl/zzFH9vDdS3iWgWJNXWA=','B2101870413',NULL,'Lugano',NULL,'CH',NULL,'150@test.de',NULL,'Juana','A1209423877','Lewandowski_test','091 307 19 33','6907','Sehr geehrte Frau','Obere Haltenstrasse 150','Dr. hc mult'),(949,'25FJlLLbyrkPUXImBREZdFXnjmv6hndf2wExhUOnZs8=','DTvknv1QgQkODTUJU64t4FSzlXUP6NfM86a7cJgYzXg=','B-1436769980',NULL,'SAINT-QUENTIN',NULL,'FR',NULL,'140@test.de',NULL,'Klaus','A2091355054','Ackermann_test','03.24.81.48.57','2100','Sehr geehrter Herr','1 rue de la Hulotais','Dr. hc mult'),(950,'ju3W8LapU6hkjCwEqemwsirkxx3yIRZsXSF6CYXmKAM=','BkgRhI6P6kIlEcpcQfs0mDqzI7ASUsTIKXJftM3EwuA=','B-820744373',NULL,'Roggenburg',NULL,'CH',NULL,'142@test.de',NULL,'Alain','A-2035487456','Metivier_test','032 673 83 19','2814','Sehr geehrter Herr','Neubertbogen 133','Dr. hc mult'),(951,'R6eEYQOg6weAG2j75P8/tjWIG6ra2SrOTKT8g//GpSY=','JNLY4qxHqTLKFOmegYFQuMFfNypsfUaW1cy/4B/WD8Q=','B387109605',NULL,'Im Fang',NULL,'CH',NULL,'148@test.de',NULL,'Frank','A-414529041','Neely_test','026 487 98 38','1656','Sehr geehrter Herr','Möhe 64','Dr. hc mult'),(952,'w0CH+vlV9DBlkqf8y98bMttVLaq323/AjFfTtZuSRLU=','+hkgLKLwPhT+QyY5Id2DMlvuWZadipejelYHt2qen8g=','B2099900152',NULL,'OYONNAX',NULL,'FR',NULL,'152@test.de',NULL,'Krystian','A-526499693','Maciejewski_test','04.65.60.73.65','1100','Sehr geehrter Herr','56 boulevard Amiral Courbet','Dr. hc mult'),(953,'/1BVUGDewQz9KM6iDd4zbELKVUhSOEv7Q6giqo8bcuU=','DARdTE+UScmh8QMAvqC++PKltdnvqSZFBDysoDDsvP0=','B513493412',NULL,'AUCH',NULL,'FR',NULL,'149@test.de',NULL,'Atif','A762339186','Toma_test','05.51.30.71.73','32000','Sehr geehrter Herr','65 rue Sadi Carnot','Dr. hc mult'),(954,'/uW/0CG4UIJ22RsTijn9I7GkOnnnJEIeNQoWp5mWE/k=','KY6YgVzjUNcuHj+WLnz894yg/hYONZ0omCzzlMmMUqc=','B-1119109762',NULL,'Niederönz',NULL,'CH',NULL,'133@test.de',NULL,'Daniyah','A-1348433673','Aswad_test','032 671 53 76','3362','Sehr geehrte Frau','Boldistrasse 35','Dr. hc mult'),(955,'ow5ccKFEcp6F6cXEvC/yZDm9Cbhm45CfxZzoIFn7JJk=','d1MWeU6qTfKMyeOQM5X3Uqp/rj3dHu2rsnclWBvqy3g=','B1902770312',NULL,'Poznań',NULL,'PL',NULL,'170@test.de',NULL,'Swen','A214707977','Weber_test','78 144 57 68','60-461','Sehr geehrter Herr','ul. Literacka 92','Dr. hc mult'),(956,'qAC+2Ql/odKhkzmKQZqaN6qa2m7mmHRM7YSaCRjcIc8=','azVOiivF1rR+6lGtzyAHuRO6rg+1mXQ8Dcf7nc9buRs=','B-1300616089',NULL,'MARSEILLE',NULL,'FR',NULL,'152@test.de',NULL,'Jörg','A48857752','Neumann_test','04.34.24.59.24','13010','Sehr geehrter Herr','18 cours Franklin Roosevelt','Dr. hc mult'),(957,'DfhMYihzzFAl+cNe5ga1TceD0l0AioCEkwqAvqm/ytI=','kgLsCGzMBg6CaXN1qj1gq/1WHPdM9cTPrgCXwGbB/Hk=','B-2018553191',NULL,'Erdesson',NULL,'CH',NULL,'146@test.de',NULL,'Bryanna','A661710882','Peterson_test','027 586 77 99','3979','Sehr geehrte Frau','Fortunastrasse 67','Dr. hc mult'),(958,'03ftoze86W/f6MAqmUTyiaW+QRYSXa5Dse8IbV5A52M=','aMx5TwRhCXiuMZoI2hiolresvfNMsqetk4TqVMSL2KE=','B-457287494',NULL,'GAP',NULL,'FR',NULL,'153@test.de',NULL,'Lenka','A-534319017','Mouchová_test','04.87.86.17.77','5000','Sehr geehrte Frau','57 rue Saint Germain','Dr. hc mult'),(959,'lklD3aC3LD7xqx3Tg6bkc840f/EHmNE4f/A6TvHfUj8=','L3XJor5z3QDe1r3UqhcM2vbhjGrOthyQRdoK1Ef7BWQ=','B815922207',NULL,'Dettighofen',NULL,'CH',NULL,'131@test.de',NULL,'Armina','A71683147','Barteaux_test','052 873 47 40','8505','Sehr geehrte Frau','Via Camischolas sura 59','Dr. hc mult'),(960,'PSTM2DT2dgoKUHfRn6Pzfp4TuNev4pT031rkLcQbA5A=','kdX5TAYfjMoDf6OM6/wlORLjx2gPBexJAZEwH6JmbbY=','B-355475124',NULL,'LA GARDE',NULL,'FR',NULL,'143@test.de',NULL,'Margaret','A-284965166','Brown_test','04.88.48.34.29','83130','Sehr geehrte Frau','97 rue des Soeurs','Dr. hc mult'),(961,'KC0YT956ogXl+ezPOGAjEmyyPMJruDSfwVqJY6IgHkk=','mLzRpQ3c7Eq2yJ3fEx4Fq/dbPAnQJQYATAArO0up0ls=','B269867791',NULL,'Łódź',NULL,'PL',NULL,'156@test.de',NULL,'Tom','A433375480','Herrmann_test','66 280 68 64','91-521','Sehr geehrter Herr','ul. Secesyjna 61','Dr. hc mult'),(962,'6S3X6UOlc7i5wGLsETdm2dtGyGoMt5E8ATeZiLM3cwA=','i/q6LaXf0C6C3yU35w0jqdw8QqhSe7FSSunl3C9QE0A=','B-1892733361',NULL,'Truttikon',NULL,'CH',NULL,'149@test.de',NULL,'Jolanta','A1848796609','Król_test','052 628 72 16','8467','Sehr geehrte Frau','Via Franscini 120','Dr. hc mult'),(963,'ahwwpovQOdtJMA6cC7aGFWnkR1Wbk7BKntk0yEFzXPA=','69N5rqkOOjJOZdd9dMyzjLV/CpYtVwyj/zNOVkobpjo=','B-997246270',NULL,'Łódź',NULL,'PL',NULL,'140@test.de',NULL,'Anja','A-1959138940','Kruger_test','88 627 25 07','91-520','Sehr geehrte Frau','ul. Gotycka 27','Dr. hc mult'),(964,'RI+ww6X+O8Z5i62WRsYyfT1xA5xQ6ItFBljdV5diTQk=','wig2pBziKSDRTACkX3gdFMN8DtKvCcaUMSMWv68Bh14=','B551820846',NULL,'Grimma',NULL,'DE',NULL,'148@test.de',NULL,'Ahmad','A-1651080285','Said_test','03437 82 42 91','4662','Sehr geehrter Herr','Alt-Moabit 9','Dr. hc mult'),(965,'F/Bf8CTlnbijyddd6JmqJ7AsTmUKkZnaI1utqRm89xE=','Ds8DvVInpoV+M7NHJitOZ/rFMBgsVoGpeOfzWEbnFQY=','B1471674088',NULL,'Trebel',NULL,'DE',NULL,'152@test.de',NULL,'Karin','A67724661','Meyer_test','05848 16 22 55','29494','Sehr geehrte Frau','Lietzenburger Straße 72','Dr. hc mult'),(966,'2zR6lqeR3aqTNywA/Og4fPoA0N+ZzXHXNfsUYljz9LQ=','wNvkGdh2RYOJkJCNah0BO4JQsavzaC4bWX1vFxcqYc0=','B-759551075',NULL,'Racibórz',NULL,'PL',NULL,'147@test.de',NULL,'Fouad','A363835289','Maroun_test','51 844 70 13','47-400','Sehr geehrter Herr','ul. Parkowa 55','Dr. hc mult'),(967,'U9afPuoraxhS4ZpbaBrz3EZqRlO0/Qh0WkBuG2uxB9E=','N5bgnTzZrz2Bw0y5Rwh03yo01WIYm7zQOP325MXeGjE=','B-16260677',NULL,'BEAUNE',NULL,'FR',NULL,'165@test.de',NULL,'Renata','A-1047408892','Sojková_test','03.84.82.61.45','21200','Sehr geehrte Frau','49 Rue du Limas','Dr. hc mult'),(968,'BaXckU0/cQ9IpzcgmHXiJJtxFeS98KUG64/96Yxaj6o=','iaynRK6DQyELpf1E6qWTFswXDwWPpbE9kRoKkFWwmOo=','B936403179',NULL,'Unter Schlatt',NULL,'CH',NULL,'160@test.de',NULL,'Jonas','A1796181392','Vogt_test','052 549 90 86','8418','Sehr geehrter Herr','Via Vigizzi 71','Dr. hc mult'),(969,'ArkZJytXjvyu9Gv/QEmuMSHdhHi8QCpRfYXHs02RRrE=','js09PpVM7wYFrd/rGQjNvZKIPTh9troY9r5WGAw0EUU=','B567335287',NULL,'Schlüchtern',NULL,'DE',NULL,'143@test.de',NULL,'Dariusz','A439625179','Kozłowski_test','06661 06 35 66','36381','Sehr geehrter Herr','Guentzelstrasse 67','Dr. hc mult'),(970,'jSpQ4n+MBB6m9s4JYBGR9Aum9yGtVqqU+GdF73xzINw=','DT2Y/Qgs3Eoewo32j/YaoszxCK1knKcg5Mtq9qt9lyM=','B-756765542',NULL,'CHAMBÉRY',NULL,'FR',NULL,'135@test.de',NULL,'Chappell','A-72011610','Dubois_test','04.58.66.39.96','73000','Sehr geehrter Herr','15 boulevard Albin Durand','Dr. hc mult'),(971,'Lu5FZyA6FpKSrsNfSgRqhRIsBp6IMZhWG26TUITfv+0=','NdRxcZXAJNcF91F3PK0j4L9q4AwuIk3QR5xDY2YYVAk=','B-671989496',NULL,'Tholey',NULL,'DE',NULL,'140@test.de',NULL,'Alenka','A2128859680','Koubová_test','06853 91 98 96','66631','Sehr geehrte Frau','Stresemannstr. 76','Dr. hc mult'),(972,'jT/y5pYrjd9y18WgiUvrvzo5cmno/uFfQlTt4JlKYAc=','+7O5/FMaevVQNE/RPtrNnR0wg04Q/HZ++V/7oNHGAck=','B-467178703',NULL,'BOIS-COLOMBES',NULL,'FR',NULL,'143@test.de',NULL,'Kazimiera','A2111387590','Dąbrowski _test','01.30.11.22.37','92270','Sehr geehrte Frau','48 avenue de l\'Amandier','Dr. hc mult'),(973,'cGPAUlnTNBCsdGYPvfe8cuMJxluZxW7JrOPcNbFeDO8=','kZH9nUOPEJjFudOljzakCR3DOoD/Q1t6HGI9tK4cDn4=','B1484705797',NULL,'Schindlet',NULL,'CH',NULL,'161@test.de',NULL,'Todd','A326945714','McDowell_test','052 432 62 25','8494','Sehr geehrter Herr','Pfaffacherweg 83','Dr. hc mult'),(974,'43hac/pXbPLzfb6nricNGyEu4liLh4rsNEEU5r9OvzE=','x2SxEzKFiJZrIehtAIaKwi72RyGbgm9dcVRQ4Myb1Ec=','B-790807985',NULL,'NANTERRE',NULL,'FR',NULL,'151@test.de',NULL,'Michal','A1649184916','Jahoda_test','01.04.89.45.92','92000','Sehr geehrter Herr','23 place Stanislas','Dr. hc mult'),(975,'GAhECTjZUmZKSICMWYsBKJeeXAUzWE9SNc0mQR5c/6U=','1n8MIvBA8EgV2BCTAmlqGgAIPxC8GFRTmHJRd4edsm0=','B81456605',NULL,'Kerns',NULL,'CH',NULL,'154@test.de',NULL,'Jiří','A549351857','Pokorný_test','041 816 55 44','6064','Sehr geehrter Herr','Seefeldstrasse 13','Dr. hc mult'),(976,'kSgbGwSXAkHlFbcj6C4sH09siWgAKtSICPC5biGjZZA=','p0oQ8/LSTT72y+u89WDKD5V432Zt3UxKGY98Ja9CHok=','B-1511888637',NULL,'FORT-DE-FRANCE',NULL,'FR',NULL,'167@test.de',NULL,'Waleria','A38143120','Piotrowska_test','05.72.95.66.55','97200','Sehr geehrte Frau','61 Boulevard de Normandie','Dr. hc mult'),(977,'fTfD9iOhoqIJ98AqabUDKzhKPMimXJN9SXb/MxXB0Pw=','YxO58oAIzw2v9GCC841hAdctblGba6SndDwWF4ICvho=','B1116277839',NULL,'Bissingen',NULL,'DE',NULL,'158@test.de',NULL,'Krystyna','A580769348','Symanska_test','09089 51 38 91','73266','Sehr geehrte Frau','Alsterkrugchaussee 9','Dr. hc mult'),(978,'fZE8xc6DW8pnXPLPlyfAPvZHi32hy4x1RfuPvRSxVzc=','TPHnEVb6X+nRrDmlC6MeG4G1Z9GD9Ltuo8r/SlGrhv4=','B-477849253',NULL,'Auerbach',NULL,'DE',NULL,'132@test.de',NULL,'Claudia','A-275188619','Armstrong_test','03721 69 14 78','8209','Sehr geehrte Frau','Kantstraße 60','Dr. hc mult'),(979,'kGrk4u7kp+UuBuJWt092jTSrSDG+2kK20KcRlBxw3Lo=','RQP+2mA5aJUfUQzrmetOJNVHiz3/q7/B452zCPcX8Cs=','B1060943135',NULL,'Rzeszów',NULL,'PL',NULL,'176@test.de',NULL,'Zuzana','A1737130645','Vejvodová_test','53 214 61 51','35-077','Sehr geehrte Frau','ul. Bolesława Krzywoustego 35','Dr. hc mult'),(980,'N7H2ma3vg9FAOlY7akMDy6KYdhkft7G837/TiTXSVm4=','0r4aG7WoOQa5G5yCMQWquVqVtbbk0O3Qm8xsedZhPIA=','B1532782394',NULL,'Damp',NULL,'DE',NULL,'140@test.de',NULL,'Daniela','A1225909730','Herz_test','04352 40 85 90','24351','Sehr geehrte Frau','Schönwalder Allee 42','Dr. hc mult'),(981,'qMoqmeBVsRztUhDJbroaKMrWcB9rzsRBwDCBYC9i318=','luoXGxEvRa0kruDFp0AhKWP++45tUA9a/0Q3DxLSdHE=','B254033670',NULL,'Mönchengladbach Westend',NULL,'DE',NULL,'156@test.de',NULL,'Tereza','A-1251150048','Hrubá_test','02161 85 26 99','41061','Sehr geehrte Frau','Fischerinsel 40','Dr. hc mult'),(982,'5Ah2nM45gYlqiLUMAPVoV97Buvub5qkh+6XD0DtFEOI=','OcXh81Om2SxwzzxYBPVIIY6so+TzOhUltiKnR96RxgE=','B-384161682',NULL,'Tschierv',NULL,'CH',NULL,'155@test.de',NULL,'Silke','A1096533820','Hueber_test','081 794 14 62','7532','Sehr geehrte Frau','Via Franscini 7','Dr. hc mult'),(983,'/CYIN2fWHO3w9XHTEEbmyrK4V5WEljLMXPX5zFxwP3E=','/dAkh3Ct0O2CXF14DlZSqWVgRN+kWYC+LQ7hJB/VyGs=','B-1880859159',NULL,'Etzbach',NULL,'DE',NULL,'157@test.de',NULL,'Fred','A1473670189','Walker_test','02682 01 51 55','57539','Sehr geehrter Herr','Knesebeckstrasse 40','Dr. hc mult'),(984,'k+kQrP2n/Xhe7wjkf7ZeLPcvviHpVaeM/uu2n7juYeI=','LGvhs+xR1lP6MU443tmoecQnAUgZkTKanByBVVQtONI=','B47585793',NULL,'Warszawa',NULL,'PL',NULL,'149@test.de',NULL,'Brie','A-811921967','Salois_test','60 693 80 74','03-610','Sehr geehrte Frau','ul. Sowizdrzała 70','Dr. hc mult'),(985,'A9yvtU56zUcxpJFLAU2wCX1pj0kystY4tVEFevYhOUA=','RYp1QBkV7ANZmZdR+ecpkAQAO9qdB3OSveY1ZUfprt8=','B-893386162',NULL,'Vucherens',NULL,'CH',NULL,'278@test.de',NULL,'Élisabeth','A1011717786','Marcil_test','021 454 26 48','1509','Sehr geehrte Frau','Via delle Vigne 75','Dr. hc mult'),(986,'IlCknn+KZxEChjtbuYBpwh+ocMJsbHu5EA803O0SXs4=','DoKFq3Jjkki8Bshdzr9ADwI0/TFuR+IkfhiXielDRlc=','B-442134833',NULL,'LA GARDE',NULL,'FR',NULL,'168@test.de',NULL,'Torsten','A-468053439','Theiss_test','04.91.82.63.92','83130','Sehr geehrter Herr','20 rue des Soeurs','Dr. hc mult'),(987,'YHfUDaUAxlxhfHUp2FhZZ3EI4wIYi9vNBqTUtYHN4hs=','isPhb5+FYniyXJ84j9k43Jzdqeonoa/d3KpGabWt+SE=','B-1726333941',NULL,'Kraków',NULL,'PL',NULL,'140@test.de',NULL,'Jacquenett','A1042052318','Belisle_test','53 436 92 18','30-004','Sehr geehrte Frau','Al. Słowackiego Juliusza 123','Dr. hc mult'),(988,'p2l9eLj7ZybSE1GJl35iWqkVjYvpRLYp9LdGQbWH99M=','egoAjpxOhkR2PAOYtg/HYlMTjHHMfMlPGkDeYTtSbZg=','B-1254362279',NULL,'Rorschacherberg',NULL,'CH',NULL,'156@test.de',NULL,'Pascal','A993283865','Lazure_test','071 889 34 57','9404','Sehr geehrter Herr','Neubertbogen 12','Dr. hc mult'),(989,'yu39agPUZ8C462lTVJJdb0kR2hTsoF1hsWU56RpyMZ8=','obQONCrL+Y3YfQR5fXaaCzJweMHenKlOgZ2XRmHumlQ=','B1730614335',NULL,'ÉVREUX',NULL,'FR',NULL,'148@test.de',NULL,'Mark','A-1497405366','Gallegos_test','02.93.15.18.36','27000','Sehr geehrter Herr','64 rue Charles Corbeau','Dr. hc mult'),(990,'izYEkRU9CVvIk8ftgE9cd8ovfLHOG2sUStHStCebfbI=','gWF5gD2FwuSw0WwR6pJdg2ZQp7Gv6yEHBS4vxQlguTw=','B-1971864873',NULL,'Thun',NULL,'CH',NULL,'153@test.de',NULL,'Laetitia','A-1419483712','Majory_test','033 553 16 65','3601','Sehr geehrte Frau','Piazza Indipendenza 122','Dr. hc mult'),(991,'JogbnyovkJ2ZMT/B+LX2t+Zl87t/WAepOtB3LQ+USTs=','v011mtDBA99xAm+qrCrNKjjxLkUvRMbqRnfm82I0Q9U=','B-1535405434',NULL,'Warszawa/Wesoła',NULL,'PL',NULL,'154@test.de',NULL,'Varden','A-480895344','David_test','78 770 46 68','05-075','Sehr geehrter Herr','ul. Plac Wojska Polskiego 8','Dr. hc mult'),(992,'N6rpEtfn3hzHvwV+3ePbpvJoN9iXYum/SPHRZycO53c=','OYqoUnh/SBirB0SOOaz/Iym/iTCGkreUW87BzHbdRFc=','B-1037530733',NULL,'Hattert',NULL,'DE',NULL,'153@test.de',NULL,'Utbah','A1530072470','Daher_test','02662 14 02 66','57644','Sehr geehrter Herr','Buelowstrasse 11','Dr. hc mult'),(993,'eMDcrVuIqXtfUZyBpceru3IG1P8uXKq527DEu2aqgZc=','NzsJT9oxqP2E9rpMqbwFlZhjgFbbRzB0QBmmOohnehc=','B-1065590425',NULL,'Sulz',NULL,'CH',NULL,'162@test.de',NULL,'Szczęsny','A-159707255','Ostrowski_test','056 395 76 13','5444','Sehr geehrter Herr','Via Muraccio 18','Dr. hc mult'),(994,'sI36tZ+eXVvsHOLOg0YUkgUT+lO+fjSK7/TBaQ/2q6A=','lx8gdyVeEuv9UysN8FGL57n9Yft96l79SkQUglrwXFA=','B341651572',NULL,'Bleiken',NULL,'CH',NULL,'149@test.de',NULL,'Radka','A-687648423','Chromá_test','052 904 42 92','8583','Sehr geehrte Frau','Semperweg 16','Dr. hc mult'),(995,'BIZuxc+IF5LD9iXsfIbEm3lxwMDobvNN37a3oMdqcZU=','yS8Tf6c7O6OecnQ4WDY7b5dIzhVFRf586Oubt596cWI=','B749585937',NULL,'VALLAURIS',NULL,'FR',NULL,'345@test.de',NULL,'Marie','A-1192324302','Čadová_test','04.94.76.87.11','6220','Sehr geehrte Frau','31 avenue de Provence','Dr. hc mult'),(996,'QlWFUnbWhdog1C3MLII3H6uYmXoVWRITek+52bDU74w=','CvaWfoZubNj2ZA1Pl3fzLygdANgu1HsCkSGOFU+L37k=','B442322392',NULL,'Leubsdorf',NULL,'DE',NULL,'161@test.de',NULL,'Thomas','A1469759179','Masson_test','037291 28 01','53547','Sehr geehrter Herr','Pappelallee 52','Dr. hc mult'),(997,'Xo8+wCVL8QUZLX/kZbdKE01zoTlyBIlh4g70c+oJ4Sw=','4C55Z+gi02dWbD0vwD+IC7mLOaO+P5yv/+E4o6KXR04=','B1876877127',NULL,'Łódź',NULL,'PL',NULL,'157@test.de',NULL,'Milena','A1187959799','Procházková_test','60 249 11 55','93-160','Sehr geehrte Frau','ul. Kilińskiego Jana 29','Dr. hc mult'),(998,'sAZRKV7soPb1g5fT1YkCpmQLXNmxL/8RN0OEKGe5oao=','BG1xFTL7W6NQIDrOtRlEdWicpp21gpdtZsQy5AFswCI=','B123447207',NULL,'Scheuren',NULL,'CH',NULL,'167@test.de',NULL,'Sally','A1728736401','Todd_test','032 262 60 70','2556','Sehr geehrte Frau','Pfaffacherweg 78','Dr. hc mult'),(999,'FKsDQ+KEiujEvjMo747TcnJEYr48K5kXFG+zaCPq3kg=','RvUkb538h1SU3KzRpxr4OaJOePm3dAQG52NodlEYwXk=','B-1235918953',NULL,'Łódź',NULL,'PL',NULL,'144@test.de',NULL,'Judith','A1122378036','Funches_test','51 445 19 65','91-321','Sehr geehrte Frau','ul. Jasna 36','Dr. hc mult'),(1000,'VAa49XklFAMIH1ugKstFZcAjCKbdw41wDSqoLawfIRE=','SSXjeS1JG254nHH9LqddxdccC2BzOUTPGAkObtIGaFs=','B-483683676',NULL,'Olsztyn',NULL,'PL',NULL,'146@test.de',NULL,'Barbara','A1283979870','Papst_test','78 415 39 02','10-541','Sehr geehrte Frau','ul. Dąbrowszczaków 39','Dr. hc mult');
/*!40000 ALTER TABLE `app_contact` ENABLE KEYS */;
UNLOCK TABLES;

--
-- Table structure for table `app_document`
--

DROP TABLE IF EXISTS `app_document`;
/*!40101 SET @saved_cs_client     = @@character_set_client */;
/*!50503 SET character_set_client = utf8mb4 */;
CREATE TABLE `app_document` (
  `id` int(11) unsigned NOT NULL AUTO_INCREMENT,
  `xa` char(44) COLLATE utf8mb4_unicode_ci NOT NULL,
  `xb` char(44) COLLATE utf8mb4_unicode_ci DEFAULT NULL,
  `pseudonym` varchar(255) COLLATE utf8mb4_unicode_ci DEFAULT NULL,
  `fatherId` varchar(255) COLLATE utf8mb4_unicode_ci DEFAULT NULL,
  `name` varchar(255) COLLATE utf8mb4_unicode_ci DEFAULT NULL,
  `position` varchar(255) COLLATE utf8mb4_unicode_ci DEFAULT NULL,
  `state` int(11) DEFAULT NULL,
  `a_g_id` int(11) unsigned NOT NULL,
  `patient_entry_id` int(11) unsigned DEFAULT NULL,
  `type_id` int(11) unsigned DEFAULT NULL,
  PRIMARY KEY (`id`),
  KEY `pseudonym_index` (`pseudonym`),
  KEY `FKa4entwjtdxintc1nxppbb2gb8` (`a_g_id`),
  KEY `FK8iav0stewdjuu4bh7x8462ad0` (`patient_entry_id`),
  KEY `FK311btlrsnxp95vww7iinsjx7v` (`type_id`),
  CONSTRAINT `FK311btlrsnxp95vww7iinsjx7v` FOREIGN KEY (`type_id`) REFERENCES `app_form` (`id`),
  CONSTRAINT `FK8iav0stewdjuu4bh7x8462ad0` FOREIGN KEY (`patient_entry_id`) REFERENCES `app_patient_entry` (`id`),
  CONSTRAINT `FKa4entwjtdxintc1nxppbb2gb8` FOREIGN KEY (`a_g_id`) REFERENCES `a_g` (`id`)
) ENGINE=InnoDB DEFAULT CHARSET=utf8mb4 COLLATE=utf8mb4_unicode_ci;
/*!40101 SET character_set_client = @saved_cs_client */;

--
-- Dumping data for table `app_document`
--

LOCK TABLES `app_document` WRITE;
/*!40000 ALTER TABLE `app_document` DISABLE KEYS */;
/*!40000 ALTER TABLE `app_document` ENABLE KEYS */;
UNLOCK TABLES;

--
-- Table structure for table `app_document_attribute`
--

DROP TABLE IF EXISTS `app_document_attribute`;
/*!40101 SET @saved_cs_client     = @@character_set_client */;
/*!50503 SET character_set_client = utf8mb4 */;
CREATE TABLE `app_document_attribute` (
  `id` int(11) unsigned NOT NULL AUTO_INCREMENT,
  `xa` char(44) COLLATE utf8mb4_unicode_ci NOT NULL,
  `xb` char(44) COLLATE utf8mb4_unicode_ci DEFAULT NULL,
  `documentAttributeTyp` int(11) DEFAULT NULL,
  `value` varchar(255) COLLATE utf8mb4_unicode_ci DEFAULT NULL,
  `document` int(11) unsigned DEFAULT NULL,
  PRIMARY KEY (`id`),
  KEY `FKo7ly53vmefst9e4k37hd8ugt9` (`document`),
  CONSTRAINT `FKo7ly53vmefst9e4k37hd8ugt9` FOREIGN KEY (`document`) REFERENCES `app_document` (`id`)
) ENGINE=InnoDB DEFAULT CHARSET=utf8mb4 COLLATE=utf8mb4_unicode_ci;
/*!40101 SET character_set_client = @saved_cs_client */;

--
-- Dumping data for table `app_document_attribute`
--

LOCK TABLES `app_document_attribute` WRITE;
/*!40000 ALTER TABLE `app_document_attribute` DISABLE KEYS */;
/*!40000 ALTER TABLE `app_document_attribute` ENABLE KEYS */;
UNLOCK TABLES;

--
-- Table structure for table `app_form`
--

DROP TABLE IF EXISTS `app_form`;
/*!40101 SET @saved_cs_client     = @@character_set_client */;
/*!50503 SET character_set_client = utf8mb4 */;
CREATE TABLE `app_form` (
  `id` int(11) unsigned NOT NULL AUTO_INCREMENT,
  `xa` char(44) COLLATE utf8mb4_unicode_ci NOT NULL,
  `xb` char(44) COLLATE utf8mb4_unicode_ci DEFAULT NULL,
  `description` varchar(255) COLLATE utf8mb4_unicode_ci DEFAULT NULL,
  `formCat` tinyint(2) NOT NULL,
  `label` varchar(255) COLLATE utf8mb4_unicode_ci DEFAULT NULL,
  `name` varchar(255) COLLATE utf8mb4_unicode_ci DEFAULT NULL,
  `source` int(11) DEFAULT NULL,
  `typePSN` int(11) unsigned DEFAULT NULL,
  PRIMARY KEY (`id`),
  UNIQUE KEY `UK_name` (`name`)
) ENGINE=InnoDB AUTO_INCREMENT=18 DEFAULT CHARSET=utf8mb4 COLLATE=utf8mb4_unicode_ci;
/*!40101 SET character_set_client = @saved_cs_client */;

--
-- Dumping data for table `app_form`
--

LOCK TABLES `app_form` WRITE;
/*!40000 ALTER TABLE `app_form` DISABLE KEYS */;
INSERT INTO `app_form` VALUES (1,'JjUCDLfkFZuxBnuf8H6Ajih59aPnW3qt04CCGQJXD/o=','UvFIwhO9G9L53G3GvqF9UlWGs1lBStFSwKvA6kdwXeQ=','PtqSalMUUeJoolOUbt4tZa5kpx0Iy6EVacE090YEIgs=',1,'FzhhiUA+eoauD0bvFzYQi3QuWsiNWO/XI3utLJ3Llb0=','lJTRPc8epypfyD5i9o8m52pA3o/UCwOXndGcqihs3Ho=',0,NULL),(2,'wpeNSb6jtBqr9CuQY8INOEmQ5qUK2MKki2yDsQqLm0o=','Y/+y0o8rHv9vhqc72wUAMk8TUm0ra4dySG+/AUEn1Jk=','RPZUMulVENDxo3BeQUxEC05aKx1KhScmUBx2180bOTg=',0,'ZO29JnTBod8oOGgWVJk5LSgu7c+0acOPOswHb7fXIWU=','rChS8Is0le1UiXF0q6yOQWp9eiNTuyswieKySSkfFE0=',0,1),(3,'YFU1UumUeByQ1RXcSk7CPLstkzmp+9bWOZevdBDmhN8=','0YoDJXfl/HjZQPx5ILMlsSlpEuFyKIomQ4TAgZrJ464=','F7eU8DWbre/8rmKR2KEK37yTgkSn9NzPEmfQ3Y4/DvE=',1,'NA86mOWvi/tYpHLyImbUuKVVUDcfZE0xUWALdjTDepuu0GRzmtKZx1L3mwNQlYCd','ZDCepS4EZgB+zD6YihV4ot4qQuL8vQ/f5Ku8nCq7UeVKBjl64gbunt/gMQy5igYL',1,3),(4,'ifjhRau9ZtMVKZC3C0AeqwN7u90bB9n0pGvqqLWfBg0=','AUo6pNkLEoGlTP2TH/gHzFdbFLr1OPldrsWhvo6cj1U=','czFli3GYikZEW31vd8D58wLriwbBScedxyW9mIgO6/k=',1,'3h63uEF9MJERakFyw2pdHqcG6+46z61d2IoK1slTKTU=','OXOKDWtU3QMmn9Gldnl9DxDADnuWjJnNd6vcrhFITw0=',1,4),(5,'VB0mO7df9MUv7eea1mWz6iYfEmovYJT6nfTlrQSZx2M=','00qscKjmBfHw5o/Pya+C9sVaq6KZYtnOtjP4ihjj5fA=','NBakAC59Qani3e09w2gfp/r4eddyE/4nl34As4NXl1w=',1,'T9jkJdAUoyXOl/l1PCw0s0c45Z/LFmqtD8JmTgLK/bY=','jVUwGY9BnckuNUMA+IZvWx9DU7AzR3VKv3MbuMutUIo=',1,5),(6,'1Efne+B35LfQyGDyaEBFyCN0+6lBO4txv/ssU43JGiQ=','kdC3OEzBTalMlILgGmRKWpN+pRc3Cl5V3GQTSSOOB+s=','oNdA8vr+Uv7BsOrO91zNV4dwfnt9o93fSMSmP1gMesc=',1,'mUo28EW1RiyiCPqA7Y19ptK5xZxYfrNrig1NTZRZS8a8pUOSz9+/2wDroXZ67O5i','T61QsGnrHFp3VRwvPWkLnXdrf16M0wOSBDSFaubP8HaGIso13gyJCDxeX9VLTH/o',1,6),(7,'DAEESlliRiGVMjlv81lt/N0m+3G0E5wx9c48JMCR9UI=','wl2v7l6PBoFZmh+CkdrpTetSQr2pAidIIIGqy9URlnE=','HWHT7fMMO8+CHJlcwXTBHrAsXBu7zlqNExLdXOtaEZ8=',1,'7ok+9180DN9DivDCUjGxivmsUGBYsaKmzhe+8UCdp2M9wY0UyNARDuY7IHTbv26G','UOXITtaKIps0RoWOivP0qBNng9Ca7wMrc57WlkfsoIQ=',1,2),(8,'bT3+MFMtjaqOKPjReb3zl8rmeJUBq26O71c7NficXvg=','K1ngpLoW6WzDlWOcplAkkbyw643fgWlEV67FPcJi9sw=','L9ERzIliDKUXUP8rp7gCbWGebAsaVVfOVliSLj9SQxk=',1,'6de7myR3cTNc8nmTrLKqvSzwB2H5UiW44s7KeEgEISE=','FWBjG9lLxz68bSzIKznI2NLBMoDxDwPGEVzpGijzWXE=',1,7),(9,'3nsL/sIThi9jvL1/r+w6bCA5/M3GM6g+c4rc6Xb9z/g=','44cqMrPtPCxdQdFomEYkICuHhGUUm3X6+v610wDlhxs=','OaW+0COzA3zxg0lCp/SoR+kn9ckEPSAZWzdhKOSQDSg=',1,'zcXaIbHp0QCSJu1ktamGqPIfUrtCQqhtkive4JOoR7KXrPf174bRhReHYl7Q4Juc','PJ8bGKBy/XXNq6xnomHE3qM3jRCX67c0ZrGxJxe/KRCpxtA2XO16sOOV4Cu58L/M',1,8),(10,'syGwM5JHjhGar/0yNGK+Q7SoLte/mQDVi7NDJ2MHv2o=','NlJ6crnN+NNU5GDmB9XN+Ii4hAmyElQ4Dh9jXYw2nYE=','EGf3/euBL7TW32hBWLZpwNxibE99M/nn2DBTrMX38S4=',1,'P1Jd/t+SmcjJkvRLUV84kzE+DduYqua7AhBLd3o4WxM=','sJKrnzZUb+oVCI4n7wjXBYf2HOe85UihrTavvS+TRZA=',1,9),(11,'eVNd8FcKRq2/RgVDJjkFGskoMphUlpbKtApwURoLFYA=','EeG0zpBwUu0AK/oHkJmBbkakWG/2OPCqIbptj+aGH7Q=','e9dWZtN5339VX+WBswz2GRVjO3l2kRvBjz+Jd23lXBg=',1,'8OA06I93b4uPtNUjf8iNPaeqeGzj+R7smy5WWxGkhqk=','csybqZ658tL6LbaLVYqpwFInPld35MwY86PxTFali1E=',1,10),(12,'97VAvq1EOTLdNwV1JkIH1umZvJefFORQ7x4AjSCcelg=','lHrwFjy8Xsz7W/BwM0N6B8InLlaakm29rBuK0zpy58k=','LpJVkL1h9NKuzb7tqaNj/opzd5LYY+5ZOKznIEkHTU8=',1,'fqwwOKqrtzuBkINLpE9EpMrj+cWQYSAhLhmnrK/PbeeOnSme7GXB19B2WliKhO14','Gz7PSphbrspWDez6TxH8SKYY3VpHLDwh+MnxWJTKbCYC+mwaRKnuVuTs8FosWjlX',1,11),(13,'ohoiH/et7ONGbSGjQKOGQO9NzTpKLvbfUch6A6WbsLo=','RpyFalHqfZoNh+i2OR7F2Nq04if9VBt7VgRnDbyaPD4=','lSKSWbgklHbLYUI8Q1snHq5VN+n9kdEfGbCzv5n3XUg=',1,'t1fVKa7GNGfQuET9e5nWkmeewN9JBymyt95+IroBtcTEV6f/m3Yxv6F7Vn9OiaOeGDXgd5nGi9ZrfIXl5W5KMA==','XRV02ZXQ90mNPa3CDTVSuG7yGjPhZqdS/v8Tdo2vkXq9DjYLu1eabaaH1hNWLIk4UkiuAvwnlWwaauf9zNkSvw==',1,12),(14,'kjveWuNIp/tB/C4+B/0Mt7ZOQJ6zntXb4J+LEF/gLvc=','rCCNUqs1YBcNd/LQMMzO/abpYYRnQQuSN0M3LtKJxl4=','PSZc5wLVlfzJtgAr2t4q0Rg9E+lWvHGvtqGIyAh6Ns4=',1,'iNHdZlhD0aoLIrQIszNBtljxGUFb6aAuRISkPaxsRu4=','oH43EAvvQfGkrVCfrzc6YlcqxcRXfxQFjXAZD2nRN70=',1,13),(15,'BiVfDlUN5l0/y/zUYkbcjw3fkr9/2ow/J8GLbipfIGo=','/sBHWegZRW4spRfhf3GbibGLzqurzUi3VGhW7AupaJE=','Y0zrj6beleQkL1MCupNfhrUONtLAWKIHaUlDaQPdjE0=',1,'S1ly6lEv/Uo5KSd916X4AiDApbjErUzq20H4hZf8Cy8=','4bIqfyNLmNeCvh0VXVBVVThFt52Dj9wFt/k5nWs54es=',1,14),(16,'fQ/jLzuIDp8bQU5T6p0rNymprb0fDLc9qyDXj5s5+PA=','9MMaoeQZemlVP+gxExGfhI2++MSM6io2YhXDFpi5VD8=','BkGCd9r0fGYHLw4yKNancDwwxVE3MdhrrI7MqX7dzEI=',1,'8MxEWNXVo9Ab0ArRf73VpjqbWNowDyHdPiwIARthm0I=','a8+98DN0be+lpBbLPGylytV53JZ1ow1oF99HZCv+SYI=',1,15),(17,'/2xJ4FhcmjEnBVVvwyfmef//XbYtTnB23SErV1e+9yo=','FBopuVQQAeIKLgmZn5GdrLRiXsAPng3JfnGhYaa1lBo=','5usWwQFvm9DCXFRGISmS7Vp5SRbYcQ+p1KPk+swkw1c=',1,'N0IwHlidmqYRq4w/tHOVA1XtFAJnC7kUiNSO929jQMWEOWbkh+NFCUFxq0U+f/CF','Y6CG1EoEA8hS4Cv4bNVVPw1LhSP0wCnvGjmHpBJs+zO9YIJN2WCWNhxBVdvXpNmV',2,2);
/*!40000 ALTER TABLE `app_form` ENABLE KEYS */;
UNLOCK TABLES;

--
-- Table structure for table `app_form_entry`
--

DROP TABLE IF EXISTS `app_form_entry`;
/*!40101 SET @saved_cs_client     = @@character_set_client */;
/*!50503 SET character_set_client = utf8mb4 */;
CREATE TABLE `app_form_entry` (
  `id` int(11) unsigned NOT NULL AUTO_INCREMENT,
  `xa` char(44) COLLATE utf8mb4_unicode_ci NOT NULL,
  `xb` char(44) COLLATE utf8mb4_unicode_ci DEFAULT NULL,
  `attributeItem` int(11) DEFAULT NULL,
  `destFormId` int(11) unsigned DEFAULT NULL,
  `value` varchar(255) COLLATE utf8mb4_unicode_ci DEFAULT NULL,
  `form_id` int(11) unsigned NOT NULL,
  `a_e_id` int(11) unsigned DEFAULT NULL,
  `a_f_id` int(11) unsigned DEFAULT NULL,
  PRIMARY KEY (`id`),
  KEY `FK3dq3duemkc2nyks9l57ddiw5d` (`form_id`),
  KEY `FKfkk0h5wusxhp357cje4bkv38s` (`a_e_id`),
  KEY `FKs1p2v1aj514aouc66psrq2g63` (`a_f_id`),
  CONSTRAINT `FK3dq3duemkc2nyks9l57ddiw5d` FOREIGN KEY (`form_id`) REFERENCES `app_form` (`id`),
  CONSTRAINT `FKfkk0h5wusxhp357cje4bkv38s` FOREIGN KEY (`a_e_id`) REFERENCES `a_e` (`id`),
  CONSTRAINT `FKs1p2v1aj514aouc66psrq2g63` FOREIGN KEY (`a_f_id`) REFERENCES `a_f` (`id`)
) ENGINE=InnoDB AUTO_INCREMENT=33 DEFAULT CHARSET=utf8mb4 COLLATE=utf8mb4_unicode_ci;
/*!40101 SET character_set_client = @saved_cs_client */;

--
-- Dumping data for table `app_form_entry`
--

LOCK TABLES `app_form_entry` WRITE;
/*!40000 ALTER TABLE `app_form_entry` DISABLE KEYS */;
INSERT INTO `app_form_entry` VALUES (1,'VueXeu6BSKDnrvd+Lx57JNoMwMiUrnzxD9lYvzEfOeY=','2o2vmVm9tnR8iSMY5YiT1/mIF/pLUTMQsokQE+9t9Yc=',3,NULL,'10',2,2,1),(2,'Vp59v3covaw/R9zNc2nDI/MEcj0btsMyjy4plqAbTFk=','8aYTs3nX0Zn266fkKOix68izED5dJZ6Y7DWtV54bRk0=',3,NULL,'10',2,1,1),(3,'kaipjJnX+YR5KBwWOFVDYUXuQ+G/7/6f8mL2hTOL7aw=','jFVBVHyx1TfcFwN/gdzRO4U2ugZqJLbvx33ZhoZNU/s=',2,2,'1',3,1,1),(4,'TpbmHRU/OHiMhNr7XQWAdP6hZsfNQIgi4XfQB32LlrM=','eaq3U1JDiJ63sK0wSKm1pRaGMBjv6HhFhVlHQNSWgLo=',2,2,'1',3,2,1),(5,'S4mA+IdPCIWFYbut3rHZMmqE1+CeFmiAaxYo1eikGKA=','UWXhbsEaCLWwLp1y22G/fpI80lBph0yBbHZ5rujn/nI=',2,2,'2',4,2,1),(6,'e62lRp4ZcLe7Jhg3nTVgoKI3PRPamtRKvnoatfUDQvc=','x54xnGQets1IMdR7+gDfHuJfMfJU6T2ViGPvKoaREqc=',2,2,'2',4,1,1),(7,'QRAifElDdAkfHshQ7AVJ91rBd0LAARdUmSXIGm7UJc4=','xYfT1wRjVKZUGWXKOOXVKPm1Ldhqj5bW1b4846M9bsY=',2,2,'3',5,2,1),(8,'nl5nQhEsJYqTms4ov+cDzLKVU7yPh9AzHjPhqNUYr5g=','EIh4zqZU/2ABp2D5z2UkZEjAlWItVbyuM4cePMJ65/Y=',2,2,'3',5,1,1),(9,'Tqz69bc208kGh/ubevqCDybRzr/GBLMs3jVu4sZxcYk=','ltwuj/qFjwJ9ok00RiCzHPx1KI6gxTURhyE64m2ZZa8=',2,2,'4',6,1,1),(10,'+YDVfhtSqkitIyXqRj3Bt3BZLWlgdskO5AANUUS3N6c=','O058dLPmB+UcsJnU2RJQcHDjbZ3A9SluE3f05hlBqHg=',2,2,'4',6,2,1),(11,'9yNNIfpwfQbiXD2wo7M/GEHF6iwmVxGS0JtPQkw9fbk=','f3z1zDgmypAoRmr1IxkG9ipGujWeFbwYbkCf9dYiRyc=',2,NULL,'3',7,2,1),(12,'fpZ45Hxft+bxujw7lPkKSaUAEiOdMlORz3HlXXHcEjE=','5P3jQafdovp2wcNFS8C9sCG7+hKOyGamHHkKrkzEWWI=',2,NULL,'3',7,1,1),(13,'JouwyiEctXNipJKWJomSt4EMDxd/u2VuZzDnN7102iU=','Wvd54kypyqe6LU1/Q3S+UJ+5noxLi5wwVcwc53UumzI=',2,2,'5',8,2,1),(14,'vds8zF5kHB6BzS6TgpCzPMTrmyjjcR6A78ORDGthRQs=','lAHXJ2YYJUvkJMKK2j36X4+UkpaVzySy/ldSIRONa+g=',2,2,'5',8,1,1),(15,'nTzb0EIwkzSWu7y5exCtf/NtMAC6AMQ1i6gd1ee7TyU=','UEPOsn3YgOGLiqZ4opf6Rz6U2boUaEz1JzFq1PFrAWU=',2,2,'6',9,2,1),(16,'7/3e0jhpzH+7IoR98Q6SGXgQNRihxfkBphrApu9U+Ac=','FzwzzE5p7MYJByGq7DN6WAnOmsAtmwMGk3J+pD5EBqM=',2,2,'6',9,1,1),(17,'m7SFMuR15S4F73CeZlQqVGfv8LMR2IGRGY+VXssyUj0=','6QGw6z7njUU6GQ8vRr+nGeG02bIpwHfj+DelBRVmceI=',2,2,'7',10,2,1),(18,'pkInRDcxn3no9lACooqFFK91fUyQZ7QY7Oz7np5NegY=','8C8b5JR1V787gj/yX3FW9m9QzNWATfcQcB0MvXVLpmA=',2,2,'7',10,1,1),(19,'FcF7z9sBrqo4kIFrRuFiPV477JL3y5ke0vKrUuQ1SEE=','Rmx7nY2+y347B3yj0KLeVkpY1CEmTqMyxGGKX80lsBE=',2,2,'8',11,2,1),(20,'Fy+uadYmCHmd0ssV7+vL5HnzjoTcLmNEd0FACqygPDM=','K23M30c5feJ1h6puahtNKWSypFeJBB5G9bMCcUd5fxA=',2,2,'8',11,1,1),(21,'CXqbtG6lxSVRvlhD4fFGJnRpcq93rkyCiuFFypCsd9Y=','tdxOSwOCqLLyLwNiTjwslYz6s0m3XLbwDmalxv3ADHk=',2,2,'9',12,2,1),(22,'L++KoMSNwymlnNKLArR4MSRG9Zt4sT8+R3F21PXu/NA=','DECDaZXWSKd5s/3/SdIzWEtrvotqamAJPgDWsT7/Ut8=',2,2,'9',12,1,1),(23,'hW9GyMzRNtcG+sFSuF4M8CNR+AvcZJrAIAaZsmpYJbw=','Sm3pb2+Y/HvKWaxXcYm1m95jHM1909+pEnaEW53nQFc=',2,2,'10',13,2,1),(24,'H40gedb8PvoNkH3VoyCvBoatLxfqGs2bVeo8a2whzRs=','LyXCFQuLbyJC6KvYhEUv7h+HEOGu3gzhasg6Erge4uc=',2,2,'10',13,1,1),(25,'1p1XCKYyg2u31YoKJYnntK7zvreYsNvQFEqo+flNuLg=','a9EAtROw97LX0tt95y8+yz4vabecJmWBuNrirTI6yNY=',2,2,'11',14,2,1),(26,'TcO4XDmunYFJ0wyjR5kmTK3fPx7IpbARrb5USk9BQDs=','nJhlxExfRmGKvDBHVEO4Drd9hJwUIEDnrviQRZpV11g=',2,2,'11',14,1,1),(27,'boJc5ka1AMQhRwN1dqIZtdhZIRuGehw2nR8qxPRiKoo=','kU3IvM0H1QzdBJq1aLRQT1lSFsepewY2S1HrzuRVb80=',2,2,'12',15,2,1),(28,'J2B/Csxzpjkc1vueEUvr5+3GeUDVnStZooZlEmuHCws=','Bqwzh8X+ORTqXC2ZldGdi2Uh5gIC0JRY/SpZUTtww74=',2,2,'12',15,1,1),(29,'fUIl3rybhBHhzDRlWSoNHic7ene+rPXGWKCBStAoSgg=','TMqYkrjr7ZPkVOM2YV9DYWGRDjM83xL+Bwf5Rfubiw8=',2,2,'13',16,2,1),(30,'eHbSaz1Ifpoal3na0Y+2s5yAeHqKDDFrAwJmoRxT0ao=','eFrSPPd0mAtEM7d1usA79KFnQ9u+9IJblin3hZ0mH2c=',2,2,'13',16,1,1),(31,'DI4NRKMT2Ts8ty2oPSsdMhpSN8+SBh4wCMFnlZjNnWg=','nU1Yynzapr8atpnqGPBsvp7P2i0lkVp/2v8a4RNp4gA=',3,2,'500',17,2,1),(32,'U30BO3Mb+ZUY3LXUV1mIl6YD+H1D2w2i6avY1N13JRo=','HW6771Q21C32sRTzmbhfU9v4/UwmLSwvJOJ5ChT3y5U=',3,2,'500',17,1,1);
/*!40000 ALTER TABLE `app_form_entry` ENABLE KEYS */;
UNLOCK TABLES;

--
-- Table structure for table `app_ic_attribute_entry`
--

DROP TABLE IF EXISTS `app_ic_attribute_entry`;
/*!40101 SET @saved_cs_client     = @@character_set_client */;
/*!50503 SET character_set_client = utf8mb4 */;
CREATE TABLE `app_ic_attribute_entry` (
  `id` int(11) unsigned NOT NULL AUTO_INCREMENT,
  `xa` char(44) COLLATE utf8mb4_unicode_ci NOT NULL,
  `xb` char(44) COLLATE utf8mb4_unicode_ci DEFAULT NULL,
  `ic_Attribute_id` int(11) unsigned DEFAULT NULL,
  `value` varchar(255) COLLATE utf8mb4_unicode_ci DEFAULT NULL,
  `a_g_id` int(11) unsigned NOT NULL,
  `patient_entry_id` int(11) unsigned DEFAULT NULL,
  PRIMARY KEY (`id`),
  KEY `FKbxjtsmg6sf9dan94pk6maj739` (`a_g_id`),
  KEY `FKt1x7s5ivc3q9i3xu7cj06efmn` (`patient_entry_id`),
  CONSTRAINT `FKbxjtsmg6sf9dan94pk6maj739` FOREIGN KEY (`a_g_id`) REFERENCES `a_g` (`id`),
  CONSTRAINT `FKt1x7s5ivc3q9i3xu7cj06efmn` FOREIGN KEY (`patient_entry_id`) REFERENCES `app_patient_entry` (`id`)
) ENGINE=InnoDB DEFAULT CHARSET=utf8mb4 COLLATE=utf8mb4_unicode_ci;
/*!40101 SET character_set_client = @saved_cs_client */;

--
-- Dumping data for table `app_ic_attribute_entry`
--

LOCK TABLES `app_ic_attribute_entry` WRITE;
/*!40000 ALTER TABLE `app_ic_attribute_entry` DISABLE KEYS */;
/*!40000 ALTER TABLE `app_ic_attribute_entry` ENABLE KEYS */;
UNLOCK TABLES;

--
-- Table structure for table `app_informed_consent`
--

DROP TABLE IF EXISTS `app_informed_consent`;
/*!40101 SET @saved_cs_client     = @@character_set_client */;
/*!50503 SET character_set_client = utf8mb4 */;
CREATE TABLE `app_informed_consent` (
  `id` int(11) unsigned NOT NULL AUTO_INCREMENT,
  `xa` char(44) COLLATE utf8mb4_unicode_ci NOT NULL,
  `xb` char(44) COLLATE utf8mb4_unicode_ci DEFAULT NULL,
  `name` varchar(255) COLLATE utf8mb4_unicode_ci NOT NULL,
  `a_f_id` int(11) unsigned DEFAULT NULL,
  PRIMARY KEY (`id`),
  UNIQUE KEY `UK_name` (`name`),
  KEY `FK1l2iyxnj5xdruenbvikbboppe` (`a_f_id`),
  CONSTRAINT `FK1l2iyxnj5xdruenbvikbboppe` FOREIGN KEY (`a_f_id`) REFERENCES `a_f` (`id`)
) ENGINE=InnoDB AUTO_INCREMENT=2 DEFAULT CHARSET=utf8mb4 COLLATE=utf8mb4_unicode_ci;
/*!40101 SET character_set_client = @saved_cs_client */;

--
-- Dumping data for table `app_informed_consent`
--

LOCK TABLES `app_informed_consent` WRITE;
/*!40000 ALTER TABLE `app_informed_consent` DISABLE KEYS */;
INSERT INTO `app_informed_consent` VALUES (1,'nRkaxJTLRlWL3kKCVMjDoN1fNVp2PCrNSqVXOiMam3Y=','5taoUSpwn8/h613dk/nyVrgKlHV3b3GyTNt6x2mGdQE=','ic_COVID_GECCO',1);
/*!40000 ALTER TABLE `app_informed_consent` ENABLE KEYS */;
UNLOCK TABLES;

--
-- Table structure for table `app_informed_consent_attribute`
--

DROP TABLE IF EXISTS `app_informed_consent_attribute`;
/*!40101 SET @saved_cs_client     = @@character_set_client */;
/*!50503 SET character_set_client = utf8mb4 */;
CREATE TABLE `app_informed_consent_attribute` (
  `id` int(11) unsigned NOT NULL AUTO_INCREMENT,
  `xa` char(44) COLLATE utf8mb4_unicode_ci NOT NULL,
  `xb` char(44) COLLATE utf8mb4_unicode_ci DEFAULT NULL,
  `icAttributeTyp` int(11) DEFAULT NULL,
  `label` varchar(255) COLLATE utf8mb4_unicode_ci DEFAULT NULL,
  `name` varchar(255) COLLATE utf8mb4_unicode_ci NOT NULL,
  `position` int(11) DEFAULT NULL,
  `required` bit(1) DEFAULT NULL,
  `ic_id` int(11) unsigned DEFAULT NULL,
  PRIMARY KEY (`id`),
  UNIQUE KEY `UK_name` (`name`),
  KEY `FKgvu4q48xuysq7mnvic8p85p4c` (`ic_id`),
  CONSTRAINT `FKgvu4q48xuysq7mnvic8p85p4c` FOREIGN KEY (`ic_id`) REFERENCES `app_informed_consent` (`id`)
) ENGINE=InnoDB AUTO_INCREMENT=2 DEFAULT CHARSET=utf8mb4 COLLATE=utf8mb4_unicode_ci;
/*!40101 SET character_set_client = @saved_cs_client */;

--
-- Dumping data for table `app_informed_consent_attribute`
--

LOCK TABLES `app_informed_consent_attribute` WRITE;
/*!40000 ALTER TABLE `app_informed_consent_attribute` DISABLE KEYS */;
INSERT INTO `app_informed_consent_attribute` VALUES (1,'kNp05PMWYrXybWqKLnyy3GERA3qdRcLzq0KxU864SwE=','tkBPm4NVsWc0YFWvo6LhvVfskc8nYNU1Ro4UrOpo7Cw=',0,'[place holder]','icDate_COVID_GECCO',0,NULL,1);
/*!40000 ALTER TABLE `app_informed_consent_attribute` ENABLE KEYS */;
UNLOCK TABLES;

--
-- Table structure for table `app_manual`
--

DROP TABLE IF EXISTS `app_manual`;
/*!40101 SET @saved_cs_client     = @@character_set_client */;
/*!50503 SET character_set_client = utf8mb4 */;
CREATE TABLE `app_manual` (
  `id` int(11) unsigned NOT NULL AUTO_INCREMENT,
  `xa` char(44) COLLATE utf8mb4_unicode_ci NOT NULL,
  `xb` char(44) COLLATE utf8mb4_unicode_ci DEFAULT NULL,
  `filecontents` longblob,
  `filename` varchar(255) COLLATE utf8mb4_unicode_ci DEFAULT NULL,
  PRIMARY KEY (`id`)
) ENGINE=InnoDB DEFAULT CHARSET=utf8mb4 COLLATE=utf8mb4_unicode_ci;
/*!40101 SET character_set_client = @saved_cs_client */;

--
-- Dumping data for table `app_manual`
--

LOCK TABLES `app_manual` WRITE;
/*!40000 ALTER TABLE `app_manual` DISABLE KEYS */;
/*!40000 ALTER TABLE `app_manual` ENABLE KEYS */;
UNLOCK TABLES;

--
-- Table structure for table `app_patient`
--

DROP TABLE IF EXISTS `app_patient`;
/*!40101 SET @saved_cs_client     = @@character_set_client */;
/*!50503 SET character_set_client = utf8mb4 */;
CREATE TABLE `app_patient` (
  `id` int(11) unsigned NOT NULL AUTO_INCREMENT,
  `xa` char(44) COLLATE utf8mb4_unicode_ci NOT NULL,
  `xb` char(44) COLLATE utf8mb4_unicode_ci DEFAULT NULL,
  `pseudonym` varchar(255) COLLATE utf8mb4_unicode_ci NOT NULL,
  `masterDoc_id` int(11) unsigned DEFAULT NULL,
  PRIMARY KEY (`id`),
  UNIQUE KEY `UK_pseudonym` (`pseudonym`),
  KEY `FK2e32sbv9lh645cri127gbv0ad` (`masterDoc_id`),
  CONSTRAINT `FK2e32sbv9lh645cri127gbv0ad` FOREIGN KEY (`masterDoc_id`) REFERENCES `app_document` (`id`)
) ENGINE=InnoDB DEFAULT CHARSET=utf8mb4 COLLATE=utf8mb4_unicode_ci;
/*!40101 SET character_set_client = @saved_cs_client */;

--
-- Dumping data for table `app_patient`
--

LOCK TABLES `app_patient` WRITE;
/*!40000 ALTER TABLE `app_patient` DISABLE KEYS */;
/*!40000 ALTER TABLE `app_patient` ENABLE KEYS */;
UNLOCK TABLES;

--
-- Table structure for table `app_patient_entry`
--

DROP TABLE IF EXISTS `app_patient_entry`;
/*!40101 SET @saved_cs_client     = @@character_set_client */;
/*!50503 SET character_set_client = utf8mb4 */;
CREATE TABLE `app_patient_entry` (
  `id` int(11) unsigned NOT NULL AUTO_INCREMENT,
  `xa` char(44) COLLATE utf8mb4_unicode_ci NOT NULL,
  `xb` char(44) COLLATE utf8mb4_unicode_ci DEFAULT NULL,
  `app_ic_id` int(11) unsigned DEFAULT NULL,
  `patient_id` int(11) unsigned DEFAULT NULL,
  `a_e_id` int(11) unsigned NOT NULL,
  `a_f_id` int(11) unsigned NOT NULL,
  `a_g_id` int(11) unsigned DEFAULT NULL,
  PRIMARY KEY (`id`),
  UNIQUE KEY `UK_patient_id_a_e_id_a_f_id` (`patient_id`,`a_e_id`,`a_f_id`),
  KEY `FKocxvvpnhse83g98ocylgjvgjy` (`app_ic_id`),
  KEY `FK7ulh6fxv5cpkwtk2vi0i2p0nq` (`a_e_id`),
  KEY `FKky05umxe3jk4vagsu9gm0hasv` (`a_f_id`),
  KEY `FK9c6oakgm5vs0d6ni9uaif2j03` (`a_g_id`),
  CONSTRAINT `FK7ulh6fxv5cpkwtk2vi0i2p0nq` FOREIGN KEY (`a_e_id`) REFERENCES `a_e` (`id`),
  CONSTRAINT `FK9c6oakgm5vs0d6ni9uaif2j03` FOREIGN KEY (`a_g_id`) REFERENCES `a_g` (`id`),
  CONSTRAINT `FKky05umxe3jk4vagsu9gm0hasv` FOREIGN KEY (`a_f_id`) REFERENCES `a_f` (`id`),
  CONSTRAINT `FKmwrgfn92thj0gafvhc5kr9bxx` FOREIGN KEY (`patient_id`) REFERENCES `app_patient` (`id`),
  CONSTRAINT `FKocxvvpnhse83g98ocylgjvgjy` FOREIGN KEY (`app_ic_id`) REFERENCES `app_informed_consent` (`id`)
) ENGINE=InnoDB DEFAULT CHARSET=utf8mb4 COLLATE=utf8mb4_unicode_ci;
/*!40101 SET character_set_client = @saved_cs_client */;

--
-- Dumping data for table `app_patient_entry`
--

LOCK TABLES `app_patient_entry` WRITE;
/*!40000 ALTER TABLE `app_patient_entry` DISABLE KEYS */;
/*!40000 ALTER TABLE `app_patient_entry` ENABLE KEYS */;
UNLOCK TABLES;

--
-- Table structure for table `loginlog`
--

DROP TABLE IF EXISTS `loginlog`;
/*!40101 SET @saved_cs_client     = @@character_set_client */;
/*!50503 SET character_set_client = utf8mb4 */;
CREATE TABLE `loginlog` (
  `id` int(11) unsigned NOT NULL AUTO_INCREMENT,
  `xa` char(44) COLLATE utf8mb4_unicode_ci NOT NULL,
  `xb` char(44) COLLATE utf8mb4_unicode_ci DEFAULT NULL,
  `ip` varchar(255) COLLATE utf8mb4_unicode_ci DEFAULT NULL,
  `timestamp` datetime DEFAULT NULL,
  `username` varchar(255) COLLATE utf8mb4_unicode_ci DEFAULT NULL,
  PRIMARY KEY (`id`)
) ENGINE=InnoDB DEFAULT CHARSET=utf8mb4 COLLATE=utf8mb4_unicode_ci;
/*!40101 SET character_set_client = @saved_cs_client */;

--
-- Dumping data for table `loginlog`
--

LOCK TABLES `loginlog` WRITE;
/*!40000 ALTER TABLE `loginlog` DISABLE KEYS */;
/*!40000 ALTER TABLE `loginlog` ENABLE KEYS */;
UNLOCK TABLES;
/*!40103 SET TIME_ZONE=@OLD_TIME_ZONE */;

/*!40101 SET SQL_MODE=@OLD_SQL_MODE */;
/*!40014 SET FOREIGN_KEY_CHECKS=@OLD_FOREIGN_KEY_CHECKS */;
/*!40014 SET UNIQUE_CHECKS=@OLD_UNIQUE_CHECKS */;
/*!40101 SET CHARACTER_SET_CLIENT=@OLD_CHARACTER_SET_CLIENT */;
/*!40101 SET CHARACTER_SET_RESULTS=@OLD_CHARACTER_SET_RESULTS */;
/*!40101 SET COLLATION_CONNECTION=@OLD_COLLATION_CONNECTION */;
/*!40111 SET SQL_NOTES=@OLD_SQL_NOTES */;

-- Dump completed on 2020-10-19 12:25:04
